Cod_articulo,Descripcion,Desc_adicional,Familia,Codigo_barras,marca
0201029040,1002XY T10,BOXER,LINEA UNDERWARE HOMBRE,10021002,XY
0201029050,1002XY T12,BOXER,LINEA UNDERWARE HOMBRE,10021200,XY
0201029060,1002XY T14,BOXER,LINEA UNDERWARE HOMBRE,10021408,XY
0201029070,1002XY T2,BOXER,LINEA UNDERWARE HOMBRE,10022009,XY
0201029080,1002XY T4,BOXER,LINEA UNDERWARE HOMBRE,10024003,XY
0201029090,1002XY T6,BOXER,LINEA UNDERWARE HOMBRE,10026007,XY
0201029100,1002XY T8,BOXER,LINEA UNDERWARE HOMBRE,10028001,XY
0201029110,1003XY T10,BOXER,LINEA UNDERWARE HOMBRE,10031001,XY
0201029120,1003XY T12,BOXER,LINEA UNDERWARE HOMBRE,10031209,XY
0201029130,1003XY T2,BOXER,LINEA UNDERWARE HOMBRE,10032008,XY
0201029140,1003XY T4,BOXER,LINEA UNDERWARE HOMBRE,10034002,XY
0201029150,1003XY T6,BOXER,LINEA UNDERWARE HOMBRE,10036006,XY
0201029160,1003XY T8,BOXER,LINEA UNDERWARE HOMBRE,10038000,XY
0201029170,1004XY T10,BOXER,LINEA UNDERWARE HOMBRE,10041000,XY
0201029180,1004XY T12,BOXER,LINEA UNDERWARE HOMBRE,10041208,XY
0201029190,1004XY T2,BOXER,LINEA UNDERWARE HOMBRE,10042007,XY
0201029200,1004XY T4,BOXER,LINEA UNDERWARE HOMBRE,10044001,XY
0201029210,1004XY T6,BOXER,LINEA UNDERWARE HOMBRE,10046005,XY
0201029220,1004XY T8,BOXER,LINEA UNDERWARE HOMBRE,10048009,XY
0201029230,1005XY T10,BOXER,LINEA UNDERWARE HOMBRE,10051009,XY
0201029240,1005XY T12,BOXER,LINEA UNDERWARE HOMBRE,10051207,XY
0201029250,1005XY T2,BOXER,LINEA UNDERWARE HOMBRE,10052006,XY
0201029260,1005XY T4,BOXER,LINEA UNDERWARE HOMBRE,10054000,XY
0201029270,1005XY T6,BOXER,LINEA UNDERWARE HOMBRE,10056004,XY
0201029280,1005XY T8,BOXER,LINEA UNDERWARE HOMBRE,10058008,XY
0201029290,1006XY T10,BOXER,LINEA UNDERWARE HOMBRE,10061008,XY
0201029300,1006XY T12,BOXER,LINEA UNDERWARE HOMBRE,10061206,XY
0201029310,1006XY T14,BOXER,LINEA UNDERWARE HOMBRE,10061404,XY
0201029320,1006XY T2,BOXER,LINEA UNDERWARE HOMBRE,10062005,XY
0201029330,1006XY T4,BOXER,LINEA UNDERWARE HOMBRE,10064009,XY
0201029340,1006XY T6,BOXER,LINEA UNDERWARE HOMBRE,10066003,XY
0201029350,1006XY T8,BOXER,LINEA UNDERWARE HOMBRE,10068007,XY
0201029360,1010XY T10,BOXER,LINEA UNDERWARE HOMBRE,10101001,XY
0201029370,1010XY T12,BOXER,LINEA UNDERWARE HOMBRE,10101209,XY
0201029380,1010XY T14,BOXER,LINEA UNDERWARE HOMBRE,10101407,XY
0201029390,1010XY T2,BOXER,LINEA UNDERWARE HOMBRE,10102008,XY
0201029400,1010XY T4,BOXER,LINEA UNDERWARE HOMBRE,10104002,XY
0201029410,1010XY T6,BOXER,LINEA UNDERWARE HOMBRE,10106006,XY
0201029420,1010XY T8,BOXER,LINEA UNDERWARE HOMBRE,10108000,XY
0201029430,1017XY T10,BOXER,LINEA UNDERWARE HOMBRE,10171004,XY
0201029440,1017XY T12,BOXER,LINEA UNDERWARE HOMBRE,10171202,XY
0201029450,1017XY T14,BOXER,LINEA UNDERWARE HOMBRE,10171400,XY
0201029460,1017XY T2,BOXER,LINEA UNDERWARE HOMBRE,10172001,XY
0201029470,1017XY T4,BOXER,LINEA UNDERWARE HOMBRE,10174005,XY
0201029480,1017XY T6,BOXER,LINEA UNDERWARE HOMBRE,10176009,XY
0201029490,1017XY T8,BOXER,LINEA UNDERWARE HOMBRE,10178003,XY
0201029500,1018XY T10,BOXER,LINEA UNDERWARE HOMBRE,10181003,XY
0201029510,1018XY T12,BOXER,LINEA UNDERWARE HOMBRE,10181201,XY
0201029520,1018XY T14,BOXER,LINEA UNDERWARE HOMBRE,10181409,XY
0201029530,1018XY T2,BOXER,LINEA UNDERWARE HOMBRE,10182000,XY
0201029540,1018XY T4,BOXER,LINEA UNDERWARE HOMBRE,10184004,XY
0201029550,1018XY T6,BOXER,LINEA UNDERWARE HOMBRE,10186008,XY
0201029560,1018XY T8,BOXER,LINEA UNDERWARE HOMBRE,10188002,XY
0201029570,1020XY T10,BOXER,LINEA UNDERWARE HOMBRE,10201008,XY
0201029580,1020XY T12,BOXER,LINEA UNDERWARE HOMBRE,10201206,XY
0201029590,1020XY T14,BOXER,LINEA UNDERWARE HOMBRE,10201404,XY
0201029600,1020XY T2,BOXER,LINEA UNDERWARE HOMBRE,10202005,XY
0201029610,1020XY T4,BOXER,LINEA UNDERWARE HOMBRE,10204009,XY
0201029620,1020XY T6,BOXER,LINEA UNDERWARE HOMBRE,10206003,XY
0201029630,1020XY T8,BOXER,LINEA UNDERWARE HOMBRE,10208007,XY
0201029640,1090XYT10,BOXER,LINEA UNDERWARE HOMBRE,10901007,XY
0201029650,1090XYT12,BOXER,LINEA UNDERWARE HOMBRE,10901205,XY
0201029660,1090XY T14,BOXER,LINEA UNDERWARE HOMBRE,10901403,XY
0201029670,1090XY T2,BOXER,LINEA UNDERWARE HOMBRE,10902004,XY
0201029680,1090XY T4,BOXER,LINEA UNDERWARE HOMBRE,10904008,XY
0201029690,1090XY T6,BOXER,LINEA UNDERWARE HOMBRE,10906002,XY
0201029700,1090XYT8,BOXER,LINEA UNDERWARE HOMBRE,10908006,XY
0201029710,1096XY T10,BOXER,LINEA UNDERWARE HOMBRE,10961001,XY
0201029720,1096XY T12,BOXER,LINEA UNDERWARE HOMBRE,10961209,XY
0201029730,1096XY T14,BOXER,LINEA UNDERWARE HOMBRE,10961407,XY
0201029740,1096XY T2,BOXER,LINEA UNDERWARE HOMBRE,10962008,XY
0201029750,1096XY T4,BOXER,LINEA UNDERWARE HOMBRE,10964002,XY
0201029760,1096XY T6,BOXER,LINEA UNDERWARE HOMBRE,10966006,XY
0201029770,1096XY T8,BOXER,LINEA UNDERWARE HOMBRE,10968000,XY
0201029780,1300XY TS,BOXER,LINEA UNDERWARE HOMBRE,13001001,XY
0201029790,1300XY TM,BOXER,LINEA UNDERWARE HOMBRE,13002008,XY
0201029800,1300XY TL,BOXER,LINEA UNDERWARE HOMBRE,13003005,XY
0201029810,1300XY TXL,BOXER,LINEA UNDERWARE HOMBRE,13004002,XY
0201029820,1300XY TXXL,BOXER,LINEA UNDERWARE HOMBRE,13005009,XY
0201029830,1302XY TS,BOXER,LINEA UNDERWARE HOMBRE,13021009,XY
0201029840,1302XY TM,BOXER,LINEA UNDERWARE HOMBRE,13022006,XY
0201029850,1302XY TL,BOXER,LINEA UNDERWARE HOMBRE,13023003,XY
0201029860,1302XY TXL,BOXER,LINEA UNDERWARE HOMBRE,13024000,XY
0201029870,1302XY TXXL,BOXER,LINEA UNDERWARE HOMBRE,13025007,XY
0201029880,1303XY TS,BOXER,LINEA UNDERWARE HOMBRE,13031008,XY
0201029890,1303XY TM,BOXER,LINEA UNDERWARE HOMBRE,13032005,XY
0201029900,1303XY TL,BOXER,LINEA UNDERWARE HOMBRE,13033002,XY
0201029910,1303XY TXL,BOXER,LINEA UNDERWARE HOMBRE,13034009,XY
0201029920,1303XY TXXL,BOXER,LINEA UNDERWARE HOMBRE,13035006,XY
0201029930,1304XY TS,BOXER,LINEA UNDERWARE HOMBRE,13041007,XY
0201029940,1304XY TM,BOXER,LINEA UNDERWARE HOMBRE,13042004,XY
0201029950,1304XY TL,BOXER,LINEA UNDERWARE HOMBRE,13043001,XY
0201029960,1304XY TXL,BOXER,LINEA UNDERWARE HOMBRE,13044008,XY
0201029970,1304XY TXXL,BOXER,LINEA UNDERWARE HOMBRE,13045005,XY
0201029980,1306XY TS,BOXER,LINEA UNDERWARE HOMBRE,13061005,XY
0201029990,1306XY TM,BOXER,LINEA UNDERWARE HOMBRE,13062002,XY
0201030000,1306XY TL,BOXER,LINEA UNDERWARE HOMBRE,13063009,XY
0201030010,1306XY TXL,BOXER,LINEA UNDERWARE HOMBRE,13064006,XY
0201030020,1306XY TXXL,BOXER,LINEA UNDERWARE HOMBRE,13065003,XY
0201030030,1306XY TXXXL,BOXER,LINEA UNDERWARE HOMBRE,13066000,XY
0201030040,1308XY TS,BOXER,LINEA UNDERWARE HOMBRE,13081003,XY
0201030050,1308XY TM,BOXER,LINEA UNDERWARE HOMBRE,13082000,XY
0201030060,1308XY TL,BOXER,LINEA UNDERWARE HOMBRE,13083007,XY
0201030070,1308XY TXL,BOXER,LINEA UNDERWARE HOMBRE,13084004,XY
0201030080,1308XY TXXL,BOXER,LINEA UNDERWARE HOMBRE,13085001,XY
0201030090,1310XY TS,BOXER,LINEA UNDERWARE HOMBRE,13101008,XY
0201030100,1310XY TM,BOXER,LINEA UNDERWARE HOMBRE,13102005,XY
0201030110,1310XY TL,BOXER,LINEA UNDERWARE HOMBRE,13103002,XY
0201030120,1310XY TXL,BOXER,LINEA UNDERWARE HOMBRE,13104009,XY
0201030130,1310XY TXXL,BOXER,LINEA UNDERWARE HOMBRE,13105006,XY
0201030140,1311XY TM,BOXER,LINEA UNDERWARE HOMBRE,13112004,XY
0201030150,1311XY TL,BOXER,LINEA UNDERWARE HOMBRE,13113001,XY
0201030160,1311XY TXL,BOXER,LINEA UNDERWARE HOMBRE,13114008,XY
0201030170,1311XY TXXL,BOXER,LINEA UNDERWARE HOMBRE,13115005,XY
0201030180,1312XY TS,BOXER,LINEA UNDERWARE HOMBRE,13121006,XY
0201030190,1312XY TM,BOXER,LINEA UNDERWARE HOMBRE,13122003,XY
0201030200,1312XY TL,BOXER,LINEA UNDERWARE HOMBRE,13123000,XY
0201030210,1312XY TXL,BOXER,LINEA UNDERWARE HOMBRE,13124007,XY
0201030220,1312XY TXXL,BOXER,LINEA UNDERWARE HOMBRE,13125004,XY
0201030230,1313XY TS,BOXER,LINEA UNDERWARE HOMBRE,13131005,XY
0201030240,1313XY TM,BOXER,LINEA UNDERWARE HOMBRE,13132002,XY
0201030250,1313XY TL,BOXER,LINEA UNDERWARE HOMBRE,13133009,XY
0201030260,1313XY TXL,BOXER,LINEA UNDERWARE HOMBRE,13134006,XY
0201030270,1313XY TXXL,BOXER,LINEA UNDERWARE HOMBRE,13135003,XY
0201030280,1314XY TS,BOXER,LINEA UNDERWARE HOMBRE,13141004,XY
0201030290,1314XY TM,BOXER,LINEA UNDERWARE HOMBRE,13142001,XY
0201030300,1314XY TL,BOXER,LINEA UNDERWARE HOMBRE,13143008,XY
0201030310,1314XY TXL,BOXER,LINEA UNDERWARE HOMBRE,13144005,XY
0201030320,1314XY TXXL,BOXER,LINEA UNDERWARE HOMBRE,13145002,XY
0201030330,1315XY TS,BOXER,LINEA UNDERWARE HOMBRE,13151003,XY
0201030340,1315XY TM,BOXER,LINEA UNDERWARE HOMBRE,13152000,XY
0201030350,1315XY TL,BOXER,LINEA UNDERWARE HOMBRE,13153007,XY
0201030360,1315XY TXL,BOXER,LINEA UNDERWARE HOMBRE,13154004,XY
0201030370,1315XY TXXL,BOXER,LINEA UNDERWARE HOMBRE,13155001,XY
0201030380,1316XY TS,BOXER,LINEA UNDERWARE HOMBRE,13161002,XY
0201030390,1316XY TM,BOXER,LINEA UNDERWARE HOMBRE,13162009,XY
0201030400,1316XY TL,BOXER,LINEA UNDERWARE HOMBRE,13163006,XY
0201030410,1316XY TXL,BOXER,LINEA UNDERWARE HOMBRE,13164003,XY
0201030420,1316XY TXXL,BOXER,LINEA UNDERWARE HOMBRE,13165000,XY
0201030430,1317XY TS,BOXER,LINEA UNDERWARE HOMBRE,13171001,XY
0201030440,1317XY TM,BOXER,LINEA UNDERWARE HOMBRE,13172008,XY
0201030450,1317XY TL,BOXER,LINEA UNDERWARE HOMBRE,13173005,XY
0201030460,1317XY TXL,BOXER,LINEA UNDERWARE HOMBRE,13174002,XY
0201030470,1317XY TXXL,BOXER,LINEA UNDERWARE HOMBRE,13175009,XY
0201030480,1318XY TS,BOXER,LINEA UNDERWARE HOMBRE,13181000,XY
0201030490,1318XY TM,BOXER,LINEA UNDERWARE HOMBRE,13182007,XY
0201030500,1318XY TL,BOXER,LINEA UNDERWARE HOMBRE,13183004,XY
0201030510,1318XY TXL,BOXER,LINEA UNDERWARE HOMBRE,13184001,XY
0201030520,1318XY TXXL,BOXER,LINEA UNDERWARE HOMBRE,13185008,XY
0201030530,1320XY TS,BOXER,LINEA UNDERWARE HOMBRE,13201005,XY
0201030540,1320XY TM,BOXER,LINEA UNDERWARE HOMBRE,13202002,XY
0201030550,1320XY TL,BOXER,LINEA UNDERWARE HOMBRE,13203009,XY
0201030560,1320XY TXL,BOXER,LINEA UNDERWARE HOMBRE,13204005,XY
0201030570,1320XY  TXL,BOXER,LINEA UNDERWARE HOMBRE,13204006,XY
0201030580,1320XY TXXL,BOXER,LINEA UNDERWARE HOMBRE,13205003,XY
0201030590,1321XY TS,BOXER,LINEA UNDERWARE HOMBRE,13211004,XY
0201030600,1321XY TM,BOXER,LINEA UNDERWARE HOMBRE,13212001,XY
0201030610,1321XY TL,BOXER,LINEA UNDERWARE HOMBRE,13213008,XY
0201030620,1321XY TXL,BOXER,LINEA UNDERWARE HOMBRE,13214005,XY
0201030630,1321XY TXXL,BOXER,LINEA UNDERWARE HOMBRE,13215002,XY
0201030640,1322XY TS,BOXER,LINEA UNDERWARE HOMBRE,13221003,XY
0201030650,1322XY TM,BOXER,LINEA UNDERWARE HOMBRE,13222000,XY
0201030660,1322XY TL,BOXER,LINEA UNDERWARE HOMBRE,13223007,XY
0201030670,1322XY TXL,BOXER,LINEA UNDERWARE HOMBRE,13224004,XY
0201030680,1322XY TXXL,BOXER,LINEA UNDERWARE HOMBRE,13225001,XY
0201030690,1323XY TS,BOXER,LINEA UNDERWARE HOMBRE,13231002,XY
0201030700,1323XY TM,BOXER,LINEA UNDERWARE HOMBRE,13232009,XY
0201030710,1323XY TL,BOXER,LINEA UNDERWARE HOMBRE,13233006,XY
0201030720,1323XY TXL,BOXER,LINEA UNDERWARE HOMBRE,13234003,XY
0201030730,1323XY TXXL,BOXER,LINEA UNDERWARE HOMBRE,13235000,XY
0201030740,1324XY TS,BOXER,LINEA UNDERWARE HOMBRE,13241001,XY
0201030750,1324XY TS,BOXER,LINEA UNDERWARE HOMBRE,13241005,XY
0201030760,1324XY TM,BOXER,LINEA UNDERWARE HOMBRE,13242002,XY
0201030770,1324XY TM,BOXER,LINEA UNDERWARE HOMBRE,13242008,XY
0201030780,1324XY TL,BOXER,LINEA UNDERWARE HOMBRE,13243005,XY
0201030790,1324XY TL,BOXER,LINEA UNDERWARE HOMBRE,13243009,XY
0201030800,1324XY TXL,BOXER,LINEA UNDERWARE HOMBRE,13244002,XY
0201030810,1324XY TXL,BOXER,LINEA UNDERWARE HOMBRE,13244006,XY
0201030820,1324XY TXXL,BOXER,LINEA UNDERWARE HOMBRE,13245003,XY
0201030830,1324XY TXXL,BOXER,LINEA UNDERWARE HOMBRE,13245009,XY
0201030840,1325XY TS,BOXER,LINEA UNDERWARE HOMBRE,13251000,XY
0201030850,1325XY TM,BOXER,LINEA UNDERWARE HOMBRE,13252007,XY
0201030860,1325XY TL,BOXER,LINEA UNDERWARE HOMBRE,13253004,XY
0201030870,1325XY TXL,BOXER,LINEA UNDERWARE HOMBRE,13254001,XY
0201030880,1325XY TXXL,BOXER,LINEA UNDERWARE HOMBRE,13255008,XY
0201030890,1326XY TS,BOXER,LINEA UNDERWARE HOMBRE,13261009,XY
0201030900,1326XY TM,BOXER,LINEA UNDERWARE HOMBRE,13262006,XY
0201030910,1326XY TL,BOXER,LINEA UNDERWARE HOMBRE,13263003,XY
0201030920,1326XY TXL,BOXER,LINEA UNDERWARE HOMBRE,13264000,XY
0201030930,1326XY TXXL,BOXER,LINEA UNDERWARE HOMBRE,13265007,XY
0201030940,1335XY TS,BOXER,LINEA UNDERWARE HOMBRE,13351007,XY
0201030950,1335XY TXL,BOXER,LINEA UNDERWARE HOMBRE,13354008,XY
0201030960,1340XY TS,BOXER,LINEA UNDERWARE HOMBRE,13401009,XY
0201030970,1340XY TM,BOXER,LINEA UNDERWARE HOMBRE,13402006,XY
0201030980,1340XY TL,BOXER,LINEA UNDERWARE HOMBRE,13403003,XY
0201030990,1340XY TXL,BOXER,LINEA UNDERWARE HOMBRE,13404000,XY
0201031000,1340XY TXXL,BOXER,LINEA UNDERWARE HOMBRE,13405007,XY
0201031010,1341XY TS,BOXER,LINEA UNDERWARE HOMBRE,13411008,XY
0201031020,1341XY TM,BOXER,LINEA UNDERWARE HOMBRE,13412005,XY
0201031030,1341XY TL,BOXER,LINEA UNDERWARE HOMBRE,13413002,XY
0201031040,1341XY TXL,BOXER,LINEA UNDERWARE HOMBRE,13414009,XY
0201031050,1341XY TXXL,BOXER,LINEA UNDERWARE HOMBRE,13415006,XY
0201031060,1350XY TS,BOXER,LINEA UNDERWARE HOMBRE,13501006,XY
0201031070,1350XY TM,BOXER,LINEA UNDERWARE HOMBRE,13502003,XY
0201031080,1350XY TL,BOXER,LINEA UNDERWARE HOMBRE,13503000,XY
0201031090,1350XY TXL,BOXER,LINEA UNDERWARE HOMBRE,13504007,XY
0201031100,1350XY TXXL,BOXER,LINEA UNDERWARE HOMBRE,13505004,XY
0201031110,1352XY TS,BOXER,LINEA UNDERWARE HOMBRE,13521004,XY
0201031120,1352XY TM,BOXER,LINEA UNDERWARE HOMBRE,13522001,XY
0201031130,1352XY TL,BOXER,LINEA UNDERWARE HOMBRE,13523008,XY
0201031140,1352XY TXL,BOXER,LINEA UNDERWARE HOMBRE,13524005,XY
0201031150,1352XY TXXL,BOXER,LINEA UNDERWARE HOMBRE,13525002,XY
0201031160,1355XY TS,BOXER,LINEA UNDERWARE HOMBRE,13551001,XY
0201031170,1355XY TM,BOXER,LINEA UNDERWARE HOMBRE,13552008,XY
0201031180,1355XY TL,BOXER,LINEA UNDERWARE HOMBRE,13553005,XY
0201031190,1355XY TXL,BOXER,LINEA UNDERWARE HOMBRE,13554002,XY
0201031200,1355XY TXXL,BOXER,LINEA UNDERWARE HOMBRE,13555009,XY
0201031210,1360XY TXL,BOXER,LINEA UNDERWARE HOMBRE,13604004,XY
0201031220,1362XY TS,BOXER,LINEA UNDERWARE HOMBRE,13621001,XY
0201031230,1362XY TM,BOXER,LINEA UNDERWARE HOMBRE,13622008,XY
0201031240,1362XY TL,BOXER,LINEA UNDERWARE HOMBRE,13623005,XY
0201031250,1362XY TXL,BOXER,LINEA UNDERWARE HOMBRE,13624002,XY
0201031260,1362XY TXXL,BOXER,LINEA UNDERWARE HOMBRE,13625009,XY
0201031270,1372XY TS,BOXER,LINEA UNDERWARE HOMBRE,13721008,XY
0201031280,1372XY TM,BOXER,LINEA UNDERWARE HOMBRE,13722005,XY
0201031290,1372XY TL,BOXER,LINEA UNDERWARE HOMBRE,13723002,XY
0201031300,1372XY TXL,BOXER,LINEA UNDERWARE HOMBRE,13724009,XY
0201031310,1372XY TXXL,BOXER,LINEA UNDERWARE HOMBRE,13725006,XY
0201031320,1374XY TS,BOXER,LINEA UNDERWARE HOMBRE,13741006,XY
0201031330,1374XY TM,BOXER,LINEA UNDERWARE HOMBRE,13742003,XY
0201031340,1374XY TL,BOXER,LINEA UNDERWARE HOMBRE,13743000,XY
0201031350,1374XY TXL,BOXER,LINEA UNDERWARE HOMBRE,13744007,XY
0201031360,1374XY TXXL,BOXER,LINEA UNDERWARE HOMBRE,13745004,XY
0201031370,1386XY TS,BOXER,LINEA UNDERWARE HOMBRE,13861001,XY
0201031380,1386XY TM,BOXER,LINEA UNDERWARE HOMBRE,13862008,XY
0201031390,1386XY TL,BOXER,LINEA UNDERWARE HOMBRE,13863005,XY
0201031400,1386XY TXL,BOXER,LINEA UNDERWARE HOMBRE,13864002,XY
0201031410,1386XY TXXL,BOXER,LINEA UNDERWARE HOMBRE,13865009,XY
0201031420,1387XY TS,BOXER,LINEA UNDERWARE HOMBRE,13871000,XY
0201031430,1387XY TM,BOXER,LINEA UNDERWARE HOMBRE,13872007,XY
0201031440,1387XY TL,BOXER,LINEA UNDERWARE HOMBRE,13873004,XY
0201031450,1387XY TXL,BOXER,LINEA UNDERWARE HOMBRE,13874001,XY
0201031460,1387XY TXXL,BOXER,LINEA UNDERWARE HOMBRE,13875008,XY
0201031470,1387XY  TXXXL,BOXER,LINEA UNDERWARE HOMBRE,13876005,XY
0201031480,1388XY TS,BOXER,LINEA UNDERWARE HOMBRE,13881009,XY
0201031490,1388XY TM,BOXER,LINEA UNDERWARE HOMBRE,13882006,XY
0201031500,1388XY TL,BOXER,LINEA UNDERWARE HOMBRE,13883003,XY
0201031510,1388XY TXL,BOXER,LINEA UNDERWARE HOMBRE,13884000,XY
0201031520,1388XY TXXL,BOXER,LINEA UNDERWARE HOMBRE,13885007,XY
0201031530,1389XY TS,BOXER,LINEA UNDERWARE HOMBRE,13891008,XY
0201031540,1389XY TM,BOXER,LINEA UNDERWARE HOMBRE,13892005,XY
0201031550,1389XY TL,BOXER,LINEA UNDERWARE HOMBRE,13893002,XY
0201031560,1389XY TXL,BOXER,LINEA UNDERWARE HOMBRE,13894009,XY
0201031570,1389XY TXXL,BOXER,LINEA UNDERWARE HOMBRE,13895006,XY
0201031580,1390XY TS,BOXER,LINEA UNDERWARE HOMBRE,13901004,XY
0201031590,1390XY TM,BOXER,LINEA UNDERWARE HOMBRE,13902001,XY
0201031600,1390XY TL,BOXER,LINEA UNDERWARE HOMBRE,13903008,XY
0201031610,1390XY TXL,BOXER,LINEA UNDERWARE HOMBRE,13904005,XY
0201031620,1390XY TXXL,BOXER,LINEA UNDERWARE HOMBRE,13905002,XY
0201031630,1396XY TS,BOXER,LINEA UNDERWARE HOMBRE,13961008,XY
0201031640,1396XY TM,BOXER,LINEA UNDERWARE HOMBRE,13962005,XY
0201031650,1396XY TL,BOXER,LINEA UNDERWARE HOMBRE,13963002,XY
0201031660,1396XY TXL,BOXER,LINEA UNDERWARE HOMBRE,13964009,XY
0201031670,1396XY TXXL,BOXER,LINEA UNDERWARE HOMBRE,13965006,XY
0201031680,1397XY TS,BOXER,LINEA UNDERWARE HOMBRE,13971007,XY
0201031690,1397XY TM,BOXER,LINEA UNDERWARE HOMBRE,13972004,XY
0201031700,1397XY TL,BOXER,LINEA UNDERWARE HOMBRE,13973001,XY
0201031710,1397XY TXL,BOXER,LINEA UNDERWARE HOMBRE,13974008,XY
0201031720,1397XY TXXL,BOXER,LINEA UNDERWARE HOMBRE,13975005,XY
0201031730,1600XY TS,BOXER,LINEA UNDERWARE HOMBRE,16001008,XY
0201031740,1600XY TM,BOXER,LINEA UNDERWARE HOMBRE,16002005,XY
0201031750,1600XY TL,BOXER,LINEA UNDERWARE HOMBRE,16003002,XY
0201031760,1600XY TXL,BOXER,LINEA UNDERWARE HOMBRE,16004009,XY
0201031770,1600XY TXXL,BOXER,LINEA UNDERWARE HOMBRE,16005006,XY
0201031780,2150XY TS,BOXER,LINEA UNDERWARE HOMBRE,21501005,XY
0201031790,2150XY TM,BOXER,LINEA UNDERWARE HOMBRE,21502002,XY
0201031800,2150XY TL,BOXER,LINEA UNDERWARE HOMBRE,21503009,XY
0201031810,2150XY TXL,BOXER,LINEA UNDERWARE HOMBRE,21504006,XY
0201031820,2150XY TXXL,BOXER,LINEA UNDERWARE HOMBRE,21505003,XY
0201031830,3680XY TS,BOXER,LINEA UNDERWARE HOMBRE,36801008,XY
0201031840,3680XY TM,BOXER,LINEA UNDERWARE HOMBRE,36802005,XY
0201031850,3680XY TL,BOXER,LINEA UNDERWARE HOMBRE,36803002,XY
0201031860,3680XY TXL,BOXER,LINEA UNDERWARE HOMBRE,36804009,XY
0201031870,3680XY TXXL,BOXER,LINEA UNDERWARE HOMBRE,36805006,XY
0201031880,3690XY TS,BOXER,LINEA UNDERWARE HOMBRE,36901005,XY
0201031890,3690XY TM,BOXER,LINEA UNDERWARE HOMBRE,36902002,XY
0201031900,3690XY TL,BOXER,LINEA UNDERWARE HOMBRE,36903009,XY
0201031910,3690XY TXL,BOXER,LINEA UNDERWARE HOMBRE,36904006,XY
0201031920,3690XY TXXL,BOXER,LINEA UNDERWARE HOMBRE,36905003,XY
0201031930,3900XY TS,BOXER,LINEA UNDERWARE HOMBRE,39001009,XY
0201031940,3900XY TM,BOXER,LINEA UNDERWARE HOMBRE,39002006,XY
0201031950,3900XY TL,BOXER,LINEA UNDERWARE HOMBRE,39003003,XY
0201031960,3900XY TXL,BOXER,LINEA UNDERWARE HOMBRE,39004000,XY
0201031970,3900XY TXXL,BOXER,LINEA UNDERWARE HOMBRE,39005007,XY
0201031980,3901XY TS,BOXER,LINEA UNDERWARE HOMBRE,39011008,XY
0201031990,3901XY TM,BOXER,LINEA UNDERWARE HOMBRE,39012005,XY
0201032000,3901XY TL,BOXER,LINEA UNDERWARE HOMBRE,39013002,XY
0201032010,3901XY TXL,BOXER,LINEA UNDERWARE HOMBRE,39014009,XY
0201032020,3901XY TXXL,BOXER,LINEA UNDERWARE HOMBRE,39015006,XY
0201032030,3902XY TS,BOXER,LINEA UNDERWARE HOMBRE,39021007,XY
0201032040,3902XY TM,BOXER,LINEA UNDERWARE HOMBRE,39022004,XY
0201032050,3902XY TL,BOXER,LINEA UNDERWARE HOMBRE,39023001,XY
0201032060,3902XY TXL,BOXER,LINEA UNDERWARE HOMBRE,39024008,XY
0201032070,3902XY TXXL,BOXER,LINEA UNDERWARE HOMBRE,39025005,XY
0201032080,3903XY TS,BOXER,LINEA UNDERWARE HOMBRE,39031006,XY
0201032090,3903XY TM,BOXER,LINEA UNDERWARE HOMBRE,39032003,XY
0201032100,3903XY TL,BOXER,LINEA UNDERWARE HOMBRE,39033000,XY
0201032110,3903XY TXL,BOXER,LINEA UNDERWARE HOMBRE,39034007,XY
0201032120,3903XY TXXL,BOXER,LINEA UNDERWARE HOMBRE,39035004,XY
0201032130,3904XY TS,BOXER,LINEA UNDERWARE HOMBRE,39041005,XY
0201032140,3904XY TM,BOXER,LINEA UNDERWARE HOMBRE,39042002,XY
0201032150,3904XY TL,BOXER,LINEA UNDERWARE HOMBRE,39043009,XY
0201032160,3904XY TXL,BOXER,LINEA UNDERWARE HOMBRE,39044006,XY
0201032170,3904XY TXXL,BOXER,LINEA UNDERWARE HOMBRE,39045003,XY
0201032180,3905XY TS,BOXER,LINEA UNDERWARE HOMBRE,39051004,XY
0201032190,3905XY TM,BOXER,LINEA UNDERWARE HOMBRE,39052001,XY
0201032200,3905XY TL,BOXER,LINEA UNDERWARE HOMBRE,39053008,XY
0201032210,3905XY TXL,BOXER,LINEA UNDERWARE HOMBRE,39054004,XY
0201032220,3905XY TXXL,BOXER,LINEA UNDERWARE HOMBRE,39055002,XY
0201032230,5001XY TS,BOXER,LINEA UNDERWARE HOMBRE,50011001,XY
0201032240,5001XY TM,BOXER,LINEA UNDERWARE HOMBRE,50012008,XY
0201032250,5001XY TL,BOXER,LINEA UNDERWARE HOMBRE,50013005,XY
0201032260,5001XY TXL,BOXER,LINEA UNDERWARE HOMBRE,50014002,XY
0201032270,5001XY TXXL,BOXER,LINEA UNDERWARE HOMBRE,50015009,XY
0201032280,5002XY TS,BOXER,LINEA UNDERWARE HOMBRE,50021000,XY
0201032290,5002XY TM,BOXER,LINEA UNDERWARE HOMBRE,50022007,XY
0201032300,5002XY TL,BOXER,LINEA UNDERWARE HOMBRE,50023004,XY
0201032310,5002XY TXL,BOXER,LINEA UNDERWARE HOMBRE,50024001,XY
0201032320,5002XY TXXL,BOXER,LINEA UNDERWARE HOMBRE,50025008,XY
0201032330,5050XY T10,BOXER,LINEA UNDERWARE HOMBRE,50501007,XY
0201032340,5050XY T12,BOXER,LINEA UNDERWARE HOMBRE,50501205,XY
0201032350,5050XY T2,BOXER,LINEA UNDERWARE HOMBRE,50502004,XY
0201032360,5050XY T4,BOXER,LINEA UNDERWARE HOMBRE,50504008,XY
0201032370,5050XY T6,BOXER,LINEA UNDERWARE HOMBRE,50506002,XY
0201032380,5050XY T8,BOXER,LINEA UNDERWARE HOMBRE,50508006,XY
0201032390,5053XY T10,BOXER,LINEA UNDERWARE HOMBRE,50531004,XY
0201032400,5053XY T12,BOXER,LINEA UNDERWARE HOMBRE,50531202,XY
0201032410,5053XY T2,BOXER,LINEA UNDERWARE HOMBRE,50532001,XY
0201032420,5053XY T4,BOXER,LINEA UNDERWARE HOMBRE,50534005,XY
0201032430,5053XY T6,BOXER,LINEA UNDERWARE HOMBRE,50536009,XY
0201032440,5053XY T8,BOXER,LINEA UNDERWARE HOMBRE,50538003,XY
0201032450,5054XY T10,BOXER,LINEA UNDERWARE HOMBRE,50541003,XY
0201032460,5054XY T12,BOXER,LINEA UNDERWARE HOMBRE,50541201,XY
0201032470,5054XY T2,BOXER,LINEA UNDERWARE HOMBRE,50542000,XY
0201032480,5054XY T4,BOXER,LINEA UNDERWARE HOMBRE,50544004,XY
0201032490,5054XY T6,BOXER,LINEA UNDERWARE HOMBRE,50546008,XY
0201032500,5054XY T8,BOXER,LINEA UNDERWARE HOMBRE,50548002,XY
0201032510,5055XY T10,BOXER,LINEA UNDERWARE HOMBRE,50551002,XY
0201032520,5055XY T12,BOXER,LINEA UNDERWARE HOMBRE,50551200,XY
0201032530,5055XY T2,BOXER,LINEA UNDERWARE HOMBRE,50552009,XY
0201032540,5055XY T4,BOXER,LINEA UNDERWARE HOMBRE,50554003,XY
0201032550,5055XY T6,BOXER,LINEA UNDERWARE HOMBRE,50556007,XY
0201032560,5055XY T8,BOXER,LINEA UNDERWARE HOMBRE,50558001,XY
0201032570,5100XY TS,BOXER,LINEA UNDERWARE HOMBRE,51001001,XY
0201032580,5100XY TM,BOXER,LINEA UNDERWARE HOMBRE,51002008,XY
0201032590,5100XY TL,BOXER,LINEA UNDERWARE HOMBRE,51003005,XY
0201032600,5100XY TXL,BOXER,LINEA UNDERWARE HOMBRE,51004002,XY
0201032610,5100XY TXXL,BOXER,LINEA UNDERWARE HOMBRE,51005009,XY
0201032620,7000XY TS,BOXER,LINEA UNDERWARE HOMBRE,70001006,XY
0201032630,7000XY TM,BOXER,LINEA UNDERWARE HOMBRE,70002003,XY
0201032640,7000XY TL,BOXER,LINEA UNDERWARE HOMBRE,70003000,XY
0201032650,7000XY TXL,BOXER,LINEA UNDERWARE HOMBRE,70004007,XY
0201032660,7050XY PANTALON NIÑO,BOXER,LINEA UNDERWARE HOMBRE,70500004,XY
0201032670,7050XY TS,BOXER,LINEA UNDERWARE HOMBRE,70501001,XY
0201032680,7050XY T14,BOXER,LINEA UNDERWARE HOMBRE,70501407,XY
0201032690,7050XY TM,BOXER,LINEA UNDERWARE HOMBRE,70502008,XY
0201032700,7050XY TL,BOXER,LINEA UNDERWARE HOMBRE,70503005,XY
0201032710,7050XY TXL,BOXER,LINEA UNDERWARE HOMBRE,70504002,XY
0201032720,7050XY TXXL,BOXER,LINEA UNDERWARE HOMBRE,70505009,XY
0201032730,8040XY TS,BOXER,LINEA UNDERWARE HOMBRE,80401001,XY
0201032740,8040XY TM,BOXER,LINEA UNDERWARE HOMBRE,80402008,XY
0201032750,8040XY TL,BOXER,LINEA UNDERWARE HOMBRE,80403005,XY
0201032760,8040XY TXL,BOXER,LINEA UNDERWARE HOMBRE,80404002,XY
0201032770,8040XY TXXL,BOXER,LINEA UNDERWARE HOMBRE,80405009,XY
0201032780,1017XY BOXER NIÑO,BOXER,LINEA UNDERWARE HOMBRE,1017XY,XY
0201032790,1017XY1 BOXER NIÑO T E,BOXER,LINEA UNDERWARE HOMBRE,1017XY1,XY
0201032800,101XYP   PACK POR DOS,BOXER,LINEA UNDERWARE HOMBRE,101XYP,XY
0201032810,1020XY BOXER NIÑO,BOXER,LINEA UNDERWARE HOMBRE,1020XY,XY
0201032820,1020XY1 BOXER NIÑO T E,BOXER,LINEA UNDERWARE HOMBRE,1020XY1,XY
0201032830,1090XY BOXER NIÑO,BOXER,LINEA UNDERWARE HOMBRE,1090XY,XY
0201032840,1090XY1 BOXER NIÑO T E,BOXER,LINEA UNDERWARE HOMBRE,1090XY1,XY
0201032850,1303XY NO DISP,BOXER,LINEA UNDERWARE HOMBRE,1303XY,XY
0201032860,1304XY NO DISP,BOXER,LINEA UNDERWARE HOMBRE,1304XY,XY
0201032870,1311XY TS AL XL,BOXER,LINEA UNDERWARE HOMBRE,1311XY,XY
0201032880,1311XY1 TXXL,BOXER,LINEA UNDERWARE HOMBRE,1311XY1,XY
0201032890,1312XY BOXER,BOXER,LINEA UNDERWARE HOMBRE,1312XY,XY
0201032900,1312XY1 BOXER,BOXER,LINEA UNDERWARE HOMBRE,1312XY1,XY
0201032910,1313XY BOXER,BOXER,LINEA UNDERWARE HOMBRE,1313XY,XY
0201032920,1313XY1 BOXER,BOXER,LINEA UNDERWARE HOMBRE,1313XY1,XY
0201032930,1314XY BOXER,BOXER,LINEA UNDERWARE HOMBRE,1314XY,XY
0201032940,1314XY1 BOXER,BOXER,LINEA UNDERWARE HOMBRE,1314XY1,XY
0201032950,1315XY BOXER,BOXER,LINEA UNDERWARE HOMBRE,1315XY,XY
0201032960,1315XY1 BOXER,BOXER,LINEA UNDERWARE HOMBRE,1315XY1,XY
0201032970,1317XY BOXER,BOXER,LINEA UNDERWARE HOMBRE,1317XY,XY
0201032980,1317XY1 BOXER,BOXER,LINEA UNDERWARE HOMBRE,1317XY1,XY
0201032990,1319XY TS AL TXL,BOXER,LINEA UNDERWARE HOMBRE,1319XY,XY
0201033000,1319XY1 TXXL,BOXER,LINEA UNDERWARE HOMBRE,1319XY1,XY
0201033010,1328XY,BOXER,LINEA UNDERWARE HOMBRE,1328XY,XY
0201033020,1330XY TS AL TXL,BOXER,LINEA UNDERWARE HOMBRE,1330XY,XY
0201033030,1330XY1 TXXL,BOXER,LINEA UNDERWARE HOMBRE,1330XY1,XY
0201033040,1335XY,BOXER,LINEA UNDERWARE HOMBRE,1335XY,XY
0201033050,1340XY NO DISP,BOXER,LINEA UNDERWARE HOMBRE,1340XY,XY
0201033060,1341XY TS al TXL,BOXER,LINEA UNDERWARE HOMBRE,1341XY,XY
0201033070,1341XY1 T XXL,BOXER,LINEA UNDERWARE HOMBRE,1341XY1,XY
0201033080,1358XY,BOXER,LINEA UNDERWARE HOMBRE,1358XY,XY
0201033090,1360XY,BOXER,LINEA UNDERWARE HOMBRE,1360XY,XY
0201033100,1370XY,BOXER,LINEA UNDERWARE HOMBRE,1370XY,XY
0201033110,1401XY,BOXER,LINEA UNDERWARE HOMBRE,1401XY,XY
0201033120,2150XY NO DISP,BOXER,LINEA UNDERWARE HOMBRE,2150XY,XY
0201033130,2300XY SLIP,BOXER,LINEA UNDERWARE HOMBRE,2300XY,XY
0201033140,2300XY1 SLIP,BOXER,LINEA UNDERWARE HOMBRE,2300XY1,XY
0201033150,4040XY,BOXER,LINEA UNDERWARE HOMBRE,4040XY,XY
0201033160,5053XY BOXER LARGO AUT,BOXER,LINEA UNDERWARE HOMBRE,5053XY,XY
0201033170,5054XY BOXER LARGO PERRITOS,BOXER,LINEA UNDERWARE HOMBRE,5054XY,XY
0201033180,5055XY BOXER LARGO MONITOS,BOXER,LINEA UNDERWARE HOMBRE,5055XY,XY
0201033190,5056XY T2 AL T12,BOXER,LINEA UNDERWARE HOMBRE,5056XY,XY
0201037210,1330XY TS BLANCO,BOXER,LINEA UNDERWARE HOMBRE,13301002,XY
0201037220,1330XY TM AZUL,BOXER,LINEA UNDERWARE HOMBRE,13302009,XY
0201037230,1330XY TL BLANCO,BOXER,LINEA UNDERWARE HOMBRE,13303006,XY
0201037240,1330XY TXL AZUL,BOXER,LINEA UNDERWARE HOMBRE,13304003,XY
0201037250,1330XY TXXL AZUL,BOXER,LINEA UNDERWARE HOMBRE,13305000,XY
0201037260,1332XY TL ROMBO,BOXER,LINEA UNDERWARE HOMBRE,13323004,XY
0201037270,1332XY TM ROMBO,BOXER,LINEA UNDERWARE HOMBRE,13322007,XY
0201037280,1332XY TS ROMBO,BOXER,LINEA UNDERWARE HOMBRE,13321000,XY
0201037290,1332XY TXL ROMBO,BOXER,LINEA UNDERWARE HOMBRE,13324001,XY
0201037300,1332XY TXXL ROMBO,BOXER,LINEA UNDERWARE HOMBRE,13325008,XY
0201037320,7000XY CALZA,CALZA,LINEA UNDERWARE HOMBRE,7000XY,XY
0201037330,1096XY1 BOXER NIÑO T14,BOXER,LINEA UNDERWARE HOMBRE,1096XY1,XY
0201037340,1390XY TXXXL,BOXER,LINEA UNDERWARE HOMBRE,13906009,XY
0201037350,1311XY TS,BOXER,LINEA UNDERWARE HOMBRE,13111007,XY
0201037360,1322XY BOXER XY,BOXER,LINEA UNDERWARE HOMBRE,1322XY,XY
0201037370,7000XY TXXL CALZA,CALZA,LINEA UNDERWARE HOMBRE,70005004,XY
0201037380,5056XY T2 BOXER LAR NIÑO,BOXER,LINEA UNDERWARE HOMBRE,50560008,XY
0201037390,5056XY T14 BOXER LAR NIÑO,BOXER,LINEA UNDERWARE HOMBRE,50561403,XY
0201037400,5050XY1 BOXER LARGO,BOXER LARGO,LINEA UNDERWARE HOMBRE,5050XY1,XY
0201037410,1381XY TXL LISO COMB,BOXER,LINEA UNDERWARE HOMBRE,13814007,XY
0201037420,1381XY TXXL LISO COMB,BOXER,LINEA UNDERWARE HOMBRE,13815004,XY
0201037430,1382XY TS C/ COST CONTRACOLOR,BOXER,LINEA UNDERWARE HOMBRE,13821005,XY
0201037440,1382XY TM C/ COST CONTRACOLOR,BOXER,LINEA UNDERWARE HOMBRE,13822002,XY
0201037450,1382XY TL C/ COST CONTRACOLOR,BOXER,LINEA UNDERWARE HOMBRE,13823009,XY
0201037460,1382XY TXL C/ COST CONTRACOLOR,BOXER,LINEA UNDERWARE HOMBRE,13824006,XY
0201037470,1382XY TXXL C/ COST CONTRACOLO,BOXER,LINEA UNDERWARE HOMBRE,13825003,XY
0201037480,1338XY TM HUMO,BOXER,LINEA UNDERWARE HOMBRE,13382001,XY
0201037490,1338XY TL HUMO,BOXER,LINEA UNDERWARE HOMBRE,13383008,XY
0201037500,1338XY TXL HUMO,BOXER,LINEA UNDERWARE HOMBRE,13384005,XY
0201037510,1338XY TXXL HUMO,BOXER,LINEA UNDERWARE HOMBRE,13385002,XY
0201037520,1381XY TS LISO COMB,BOXER,LINEA UNDERWARE HOMBRE,13811006,XY
0201037530,1381XY TM LISO COMB,BOXER,LINEA UNDERWARE HOMBRE,13812003,XY
0201037540,1381XY TL LISO COMB,BOXER,LINEA UNDERWARE HOMBRE,13813000,XY
0201037550,1329XY TM ZOOM,BOXER,LINEA UNDERWARE HOMBRE,13292003,XY
0201037560,1329XY TL ZOOM,BOXER,LINEA UNDERWARE HOMBRE,13293000,XY
0201037570,1329XY TXL ZOOM,BOXER,LINEA UNDERWARE HOMBRE,13294007,XY
0201037580,1329XY TXXL ZOOM,BOXER,LINEA UNDERWARE HOMBRE,13295004,XY
0201037590,1336XY TS MANCHAS,BOXER,LINEA UNDERWARE HOMBRE,13361006,XY
0201037600,1336XY TM MANCHAS,BOXER,LINEA UNDERWARE HOMBRE,13362034,XY
0201037610,1336XY TL MANCHAS,BOXER,LINEA UNDERWARE HOMBRE,13363000,XY
0201037620,1336XY TXL MANCHAS,BOXER,LINEA UNDERWARE HOMBRE,13364038,XY
0201037630,1336XY TXXL MANCHAS,BOXER,LINEA UNDERWARE HOMBRE,13365004,XY
0201037640,1338XY TS HUMO,BOXER,LINEA UNDERWARE HOMBRE,13381004,XY
0201037650,1327XY TM ESCOCES,BOXER,LINEA UNDERWARE HOMBRE,13272005,XY
0201037660,1327XY TL ESCOCES,BOXER,LINEA UNDERWARE HOMBRE,13273002,XY
0201037670,1327XY TXL ESCOCES,BOXER,LINEA UNDERWARE HOMBRE,13274009,XY
0201037680,1327XY TXXL ESCOCES,BOXER,LINEA UNDERWARE HOMBRE,13275006,XY
0201037690,1328XY TS RAYOS,BOXER,LINEA UNDERWARE HOMBRE,13281007,XY
0201037700,1328XY TM RAYOS,BOXER,LINEA UNDERWARE HOMBRE,13282004,XY
0201037710,1328XY TL RAYOS,BOXER,LINEA UNDERWARE HOMBRE,13283001,XY
0201037720,1328XY TXL RAYOS,BOXER,LINEA UNDERWARE HOMBRE,13284008,XY
0201037730,1328XY TXXL RAYOS,BOXER,LINEA UNDERWARE HOMBRE,13285005,XY
0201037740,1329XY TS ZOOM,BOXER,LINEA UNDERWARE HOMBRE,13291006,XY
0201037750,1009XY T2 GATOS,BOXER,LINEA UNDERWARE HOMBRE,10092002,XY
0201037760,1009XY T4 GATOS,BOXER,LINEA UNDERWARE HOMBRE,10094006,XY
0201037770,1009XY T6 GATOS,BOXER,LINEA UNDERWARE HOMBRE,10096000,XY
0201037780,1009XY T8 GATOS,BOXER,LINEA UNDERWARE HOMBRE,10098004,XY
0201037790,1009XY T10 GATOS,BOXER,LINEA UNDERWARE HOMBRE,10091005,XY
0201037800,1009XY T12 GATOS,BOXER,LINEA UNDERWARE HOMBRE,10091203,XY
0201037810,1009XY T14 GATOS,BOXER,LINEA UNDERWARE HOMBRE,10091401,XY
0201037820,1327XY TS ESCOCES,BOXER,LINEA UNDERWARE HOMBRE,13271008,XY
0201037830,5056XY T2,BOXER,LINEA UNDERWARE HOMBRE,50562008,XY
0201037840,5056XY T4 BOXER LAR NIÑO,BOXER,LINEA UNDERWARE HOMBRE,50564002,XY
0201037850,5056XY T6 BOXER LAR NIÑO,BOXER,LINEA UNDERWARE HOMBRE,50566006,XY
0201037860,5056XY T8 BOXER LAR NIÑO,BOXER,LINEA UNDERWARE HOMBRE,50568000,XY
0201037870,5056XY T10 BOXER LAR NIÑO,BOXER,LINEA UNDERWARE HOMBRE,50561001,XY
0201037880,5056XY T12 BOXER LAR NIÑO,BOXER,LINEA UNDERWARE HOMBRE,50561209,XY
0201037890,1007XY T10 ORIGAMI,BOXER,LINEA UNDERWARE HOMBRE,10071007,XY
0201037900,1007XY T12 ORIGAMI,BOXER,LINEA UNDERWARE HOMBRE,10071205,XY
0201037910,1007XY T14 ORIGAMI,BOXER,LINEA UNDERWARE HOMBRE,10071403,XY
0201037920,1007XY T6 ORIGAMI,BOXER,LINEA UNDERWARE HOMBRE,10076002,XY
0201037930,1007XY T8 ORIGAMI,BOXER,LINEA UNDERWARE HOMBRE,10078006,XY
0201037940,1007XY T2 ORIGAMI,BOXER,LINEA UNDERWARE HOMBRE,10072004,XY
0201037950,1007XY T4 ORIGAMI,BOXER,LINEA UNDERWARE HOMBRE,10074008,XY
0201037960,1062XT T12,BOXER,LINEA UNDERWARE HOMBRE,10621202,XY
0201037970,1062XT T14,BOXER,LINEA UNDERWARE HOMBRE,10621400,XY
0201037980,1062XT T6,BOXER,LINEA UNDERWARE HOMBRE,10626009,XY
0201037990,1062XT T8,BOXER,LINEA UNDERWARE HOMBRE,10628003,XY
0201038000,1062XT T10,BOXER,LINEA UNDERWARE HOMBRE,10621003,XY
0201038010,1062XT T2,BOXER,LINEA UNDERWARE HOMBRE,10622001,XY
0201038020,1062XT T4,BOXER,LINEA UNDERWARE HOMBRE,10624005,XY
0201038030,1328XY1 TXXL,BOXER,LINEA UNDERWARE HOMBRE,1328XY1,XY
0201038330,3691XY TS LISO COMB,BOXER,LINEA UNDERWARE HOMBRE,36911004,XY
0201038340,3691XY TM LISO COMB,BOXER,LINEA UNDERWARE HOMBRE,36912001,XY
0201038350,3691XY TL LISO COMB,BOXER,LINEA UNDERWARE HOMBRE,36913008,XY
0201038360,3691XY TXL LISO COMB,BOXER,LINEA UNDERWARE HOMBRE,36914005,XY
0201038430,1319XY TXXL CORAL,,LINEA UNDERWARE HOMBRE,13195007,XY
0201038440,1319XY TXL VERDE,,LINEA UNDERWARE HOMBRE,13194000,XY
0201038450,1319XY TL TURQUESA,,LINEA UNDERWARE HOMBRE,13193003,XY
0201038460,1319XY TM VERDE,,LINEA UNDERWARE HOMBRE,13192006,XY
0201038470,1319XY TS CORAL,,LINEA UNDERWARE HOMBRE,13191009,XY
0201038910,1331XY TM AZTECA,BOXER,LINEA UNDERWARE HOMBRE,13312008,XY
0201038920,1331XY TS AZTECA,BOXER,LINEA UNDERWARE HOMBRE,13311001,XY
0201038930,1331XY TXXL AZTECA,BOXER,LINEA UNDERWARE HOMBRE,13315009,XY
0201042390,1356XY TXXL,BOXER,LINEA UNDERWARE HOMBRE,13565008,XY
0201042400,1356XY TXL,BOXER,LINEA UNDERWARE HOMBRE,13564001,XY
0201042410,1356XY TL,BOXER,LINEA UNDERWARE HOMBRE,13563004,XY
0201042420,1356XY TM,BOXER,LINEA UNDERWARE HOMBRE,13562007,XY
0201042430,1356XY TS,BOXER,LINEA UNDERWARE HOMBRE,13561000,XY
0201042440,1358 XY TS,,LINEA UNDERWARE HOMBRE,13581008,XY
0201042450,1358XY TM,,LINEA UNDERWARE HOMBRE,13582005,XY
0201042460,1358XY TL,,LINEA UNDERWARE HOMBRE,13583002,XY
0201042470,1358XY TXL,,LINEA UNDERWARE HOMBRE,13584009,XY
0201042480,1358XY TXXL,,LINEA UNDERWARE HOMBRE,13585006,XY
0201042490,1331XY TL,,LINEA UNDERWARE HOMBRE,13313005,XY
0201042500,1331XY TXL,,LINEA UNDERWARE HOMBRE,13314002,XY
0201043020,1001XY T6 VERDE,BOXER,LINEA UNDERWARE HOMBRE,10016008,XY
0201043030,1001XY T12 AZUL,BOXER,LINEA UNDERWARE HOMBRE,10011201,XY
0201043040,1001XY T4 AZUL,BOXER,LINEA UNDERWARE HOMBRE,10014004,XY
0201043050,1001XY T10 VERDE,BOXER,LINEA UNDERWARE HOMBRE,10011003,XY
0201043060,1001XY T2 VERDE,BOXER,LINEA UNDERWARE HOMBRE,10012000,XY
0201043070,1001XY T8 AZUL,BOXER,LINEA UNDERWARE HOMBRE,10018002,XY
0201043080,1008XY T6 BLANCO,BOXER,LINEA UNDERWARE HOMBRE,10086001,XY
0201043090,1008XY T8 BLANCO,BOXER,LINEA UNDERWARE HOMBRE,10088005,XY
0201043100,1008XY T10 NEGRO,BOXER,LINEA UNDERWARE HOMBRE,10081006,XY
0201043110,1008XY T12 NEGRO,BOXER,LINEA UNDERWARE HOMBRE,10081204,XY
0201043260,1008XY T4 NEGRO,BOXER,LINEA UNDERWARE HOMBRE,10084007,XY
0201043300,1008XY T2 NEGRO,BOXER,LINEA UNDERWARE HOMBRE,10082003,XY
0202002120,2003XY T10,SLIP,LINEA UNDERWARE HOMBRE,20031008,XY
0202002130,2003XY T12,SLIP,LINEA UNDERWARE HOMBRE,20031206,XY
0202002140,2003XY T2,SLIP,LINEA UNDERWARE HOMBRE,20032005,XY
0202002150,2003XY T4,SLIP,LINEA UNDERWARE HOMBRE,20034009,XY
0202002160,2003XY T6,SLIP,LINEA UNDERWARE HOMBRE,20036003,XY
0202002170,2003XY T8,SLIP,LINEA UNDERWARE HOMBRE,20038007,XY
0202002180,202XY T10,SLIP,LINEA UNDERWARE HOMBRE,20201005,XY
0202002190,2300XY TS SLIP,SLIP,LINEA UNDERWARE HOMBRE,23001008,XY
0202002200,2300XY TM SLIP,SLIP,LINEA UNDERWARE HOMBRE,23002005,XY
0202002210,2300XY TL SLIP,SLIP,LINEA UNDERWARE HOMBRE,23003002,XY
0202002220,2300XY TXL SLIP,SLIP,LINEA UNDERWARE HOMBRE,23004009,XY
0202002230,2300XY TXXL SLIP,SLIP,LINEA UNDERWARE HOMBRE,23005006,XY
0202002240,2300XY TXXXL SLIP,SLIP,LINEA UNDERWARE HOMBRE,23006003,XY
0202002250,2430XY TS,SLIP,LINEA UNDERWARE HOMBRE,24301008,XY
0202002260,2430XY TM,SLIP,LINEA UNDERWARE HOMBRE,24302005,XY
0202002270,2430XY TL,SLIP,LINEA UNDERWARE HOMBRE,24303002,XY
0202002280,2430XY TXL,SLIP,LINEA UNDERWARE HOMBRE,24304009,XY
0202002290,2430XY TXXL,SLIP,LINEA UNDERWARE HOMBRE,24305006,XY
0202002300,2430XY TXXXL,SLIP,LINEA UNDERWARE HOMBRE,24306003,XY
0202002310,2450XY TS,SLIP,LINEA UNDERWARE HOMBRE,24501002,XY
0202002320,2450XY TM,SLIP,LINEA UNDERWARE HOMBRE,24502009,XY
0202002330,2450XY TL,SLIP,LINEA UNDERWARE HOMBRE,24503006,XY
0202002340,2450XY TXL,SLIP,LINEA UNDERWARE HOMBRE,24504003,XY
0202002350,2450XY TXXL,SLIP,LINEA UNDERWARE HOMBRE,24505000,XY
0202002360,2490XY TS,SLIP,LINEA UNDERWARE HOMBRE,24901000,XY
0202002370,2490XY TM,SLIP,LINEA UNDERWARE HOMBRE,24902007,XY
0202002380,2490XY TL,SLIP,LINEA UNDERWARE HOMBRE,24903004,XY
0202002390,2490XY TXL,SLIP,LINEA UNDERWARE HOMBRE,24904001,XY
0202002400,2490XY TXXL,SLIP,LINEA UNDERWARE HOMBRE,24905008,XY
0202002540,2700XY TM LISO COMB,SLIP,LINEA UNDERWARE HOMBRE,27002001,XY
0202002550,2700XY TL LISO COMB,SLIP,LINEA UNDERWARE HOMBRE,27003008,XY
0202002560,2700XY TXL LISO COMB,SLIP,LINEA UNDERWARE HOMBRE,27004005,XY
0202002570,2700XY TXXL LISO COMB,SLIP,LINEA UNDERWARE HOMBRE,27005002,XY
0202002580,2700XY TS LISO COMB,SLIP,LINEA UNDERWARE HOMBRE,27001004,XY
0202002590,2438XY TM HUMO,SLIP,LINEA UNDERWARE HOMBRE,24382007,XY
0202002600,2438XY TL HUMO,SLIP,LINEA UNDERWARE HOMBRE,24383004,XY
0202002610,2438XY TXL HUMO,SLIP,LINEA UNDERWARE HOMBRE,24384001,XY
0202002620,2438XY TXXL HUMO,SLIP,LINEA UNDERWARE HOMBRE,24385008,XY
0202002630,2438XY TS HUMO,SLIP,LINEA UNDERWARE HOMBRE,24381000,XY
