codigo,Descripcion,Desc_adicional,Familia,agrupacion,Cod_barras
0201029040,1002XY T10,BOXER,LINEA UNDERWARE HOMBRE,BOXER,10021002
0201029050,1002XY T12,BOXER,LINEA UNDERWARE HOMBRE,BOXER,10021200
0201029060,1002XY T14,BOXER,LINEA UNDERWARE HOMBRE,BOXER,10021408
0201029070,1002XY T2,BOXER,LINEA UNDERWARE HOMBRE,BOXER,10022009
0201029080,1002XY T4,BOXER,LINEA UNDERWARE HOMBRE,BOXER,10024003
0201029090,1002XY T6,BOXER,LINEA UNDERWARE HOMBRE,BOXER,10026007
0201029100,1002XY T8,BOXER,LINEA UNDERWARE HOMBRE,BOXER,10028001
0201029110,1003XY T10,BOXER,LINEA UNDERWARE HOMBRE,BOXER,10031001
0201029120,1003XY T12,BOXER,LINEA UNDERWARE HOMBRE,BOXER,10031209
0201029130,1003XY T2,BOXER,LINEA UNDERWARE HOMBRE,BOXER,10032008
0201029140,1003XY T4,BOXER,LINEA UNDERWARE HOMBRE,BOXER,10034002
0201029150,1003XY T6,BOXER,LINEA UNDERWARE HOMBRE,BOXER,10036006
0201029160,1003XY T8,BOXER,LINEA UNDERWARE HOMBRE,BOXER,10038000
0201029170,1004XY T10,BOXER,LINEA UNDERWARE HOMBRE,BOXER,10041000
0201029180,1004XY T12,BOXER,LINEA UNDERWARE HOMBRE,BOXER,10041208
0201029190,1004XY T2,BOXER,LINEA UNDERWARE HOMBRE,BOXER,10042007
0201029200,1004XY T4,BOXER,LINEA UNDERWARE HOMBRE,BOXER,10044001
0201029210,1004XY T6,BOXER,LINEA UNDERWARE HOMBRE,BOXER,10046005
0201029220,1004XY T8,BOXER,LINEA UNDERWARE HOMBRE,BOXER,10048009
0201029230,1005XY T10,BOXER,LINEA UNDERWARE HOMBRE,BOXER,10051009
0201029240,1005XY T12,BOXER,LINEA UNDERWARE HOMBRE,BOXER,10051207
0201029250,1005XY T2,BOXER,LINEA UNDERWARE HOMBRE,BOXER,10052006
0201029260,1005XY T4,BOXER,LINEA UNDERWARE HOMBRE,BOXER,10054000
0201029270,1005XY T6,BOXER,LINEA UNDERWARE HOMBRE,BOXER,10056004
0201029280,1005XY T8,BOXER,LINEA UNDERWARE HOMBRE,BOXER,10058008
0201029290,1006XY T10,BOXER,LINEA UNDERWARE HOMBRE,BOXER,10061008
0201029300,1006XY T12,BOXER,LINEA UNDERWARE HOMBRE,BOXER,10061206
0201029310,1006XY T14,BOXER,LINEA UNDERWARE HOMBRE,BOXER,10061404
0201029320,1006XY T2,BOXER,LINEA UNDERWARE HOMBRE,BOXER,10062005
0201029330,1006XY T4,BOXER,LINEA UNDERWARE HOMBRE,BOXER,10064009
0201029340,1006XY T6,BOXER,LINEA UNDERWARE HOMBRE,BOXER,10066003
0201029350,1006XY T8,BOXER,LINEA UNDERWARE HOMBRE,BOXER,10068007
0201029360,1010XY T10,BOXER,LINEA UNDERWARE HOMBRE,BOXER,10101001
0201029370,1010XY T12,BOXER,LINEA UNDERWARE HOMBRE,BOXER,10101209
0201029380,1010XY T14,BOXER,LINEA UNDERWARE HOMBRE,BOXER,10101407
0201029390,1010XY T2,BOXER,LINEA UNDERWARE HOMBRE,BOXER,10102008
0201029400,1010XY T4,BOXER,LINEA UNDERWARE HOMBRE,BOXER,10104002
0201029410,1010XY T6,BOXER,LINEA UNDERWARE HOMBRE,BOXER,10106006
0201029420,1010XY T8,BOXER,LINEA UNDERWARE HOMBRE,BOXER,10108000
0201029430,1017XY T10,BOXER,LINEA UNDERWARE HOMBRE,BOXER,10171004
0201029440,1017XY T12,BOXER,LINEA UNDERWARE HOMBRE,BOXER,10171202
0201029450,1017XY T14,BOXER,LINEA UNDERWARE HOMBRE,BOXER,10171400
0201029460,1017XY T2,BOXER,LINEA UNDERWARE HOMBRE,BOXER,10172001
0201029470,1017XY T4,BOXER,LINEA UNDERWARE HOMBRE,BOXER,10174005
0201029480,1017XY T6,BOXER,LINEA UNDERWARE HOMBRE,BOXER,10176009
0201029490,1017XY T8,BOXER,LINEA UNDERWARE HOMBRE,BOXER,10178003
0201029500,1018XY T10,BOXER,LINEA UNDERWARE HOMBRE,BOXER,10181003
0201029510,1018XY T12,BOXER,LINEA UNDERWARE HOMBRE,BOXER,10181201
0201029520,1018XY T14,BOXER,LINEA UNDERWARE HOMBRE,BOXER,10181409
0201029530,1018XY T2,BOXER,LINEA UNDERWARE HOMBRE,BOXER,10182000
0201029540,1018XY T4,BOXER,LINEA UNDERWARE HOMBRE,BOXER,10184004
0201029550,1018XY T6,BOXER,LINEA UNDERWARE HOMBRE,BOXER,10186008
0201029560,1018XY T8,BOXER,LINEA UNDERWARE HOMBRE,BOXER,10188002
0201029570,1020XY T10,BOXER,LINEA UNDERWARE HOMBRE,BOXER,10201008
0201029580,1020XY T12,BOXER,LINEA UNDERWARE HOMBRE,BOXER,10201206
0201029590,1020XY T14,BOXER,LINEA UNDERWARE HOMBRE,BOXER,10201404
0201029600,1020XY T2,BOXER,LINEA UNDERWARE HOMBRE,BOXER,10202005
0201029610,1020XY T4,BOXER,LINEA UNDERWARE HOMBRE,BOXER,10204009
0201029620,1020XY T6,BOXER,LINEA UNDERWARE HOMBRE,BOXER,10206003
0201029630,1020XY T8,BOXER,LINEA UNDERWARE HOMBRE,BOXER,10208007
0201029640,1090XYT10,BOXER,LINEA UNDERWARE HOMBRE,BOXER,10901007
0201029650,1090XYT12,BOXER,LINEA UNDERWARE HOMBRE,BOXER,10901205
0201029660,1090XY T14,BOXER,LINEA UNDERWARE HOMBRE,BOXER,10901403
0201029670,1090XY T2,BOXER,LINEA UNDERWARE HOMBRE,BOXER,10902004
0201029680,1090XY T4,BOXER,LINEA UNDERWARE HOMBRE,BOXER,10904008
0201029690,1090XY T6,BOXER,LINEA UNDERWARE HOMBRE,BOXER,10906002
0201029700,1090XYT8,BOXER,LINEA UNDERWARE HOMBRE,BOXER,10908006
0201029710,1096XY T10,BOXER,LINEA UNDERWARE HOMBRE,BOXER,10961001
0201029720,1096XY T12,BOXER,LINEA UNDERWARE HOMBRE,BOXER,10961209
0201029730,1096XY T14,BOXER,LINEA UNDERWARE HOMBRE,BOXER,10961407
0201029740,1096XY T2,BOXER,LINEA UNDERWARE HOMBRE,BOXER,10962008
0201029750,1096XY T4,BOXER,LINEA UNDERWARE HOMBRE,BOXER,10964002
0201029760,1096XY T6,BOXER,LINEA UNDERWARE HOMBRE,BOXER,10966006
0201029770,1096XY T8,BOXER,LINEA UNDERWARE HOMBRE,BOXER,10968000
0201029780,1300XY TS,BOXER,LINEA UNDERWARE HOMBRE,BOXER,13001001
0201029790,1300XY TM,BOXER,LINEA UNDERWARE HOMBRE,BOXER,13002008
0201029800,1300XY TL,BOXER,LINEA UNDERWARE HOMBRE,BOXER,13003005
0201029810,1300XY TXL,BOXER,LINEA UNDERWARE HOMBRE,BOXER,13004002
0201029820,1300XY TXXL,BOXER,LINEA UNDERWARE HOMBRE,BOXER,13005009
0201029830,1302XY TS,BOXER,LINEA UNDERWARE HOMBRE,BOXER,13021009
0201029840,1302XY TM,BOXER,LINEA UNDERWARE HOMBRE,BOXER,13022006
0201029850,1302XY TL,BOXER,LINEA UNDERWARE HOMBRE,BOXER,13023003
0201029860,1302XY TXL,BOXER,LINEA UNDERWARE HOMBRE,BOXER,13024000
0201029870,1302XY TXXL,BOXER,LINEA UNDERWARE HOMBRE,BOXER,13025007
0201029880,1303XY TS,BOXER,LINEA UNDERWARE HOMBRE,BOXER,13031008
0201029890,1303XY TM,BOXER,LINEA UNDERWARE HOMBRE,BOXER,13032005
0201029900,1303XY TL,BOXER,LINEA UNDERWARE HOMBRE,BOXER,13033002
0201029910,1303XY TXL,BOXER,LINEA UNDERWARE HOMBRE,BOXER,13034009
0201029920,1303XY TXXL,BOXER,LINEA UNDERWARE HOMBRE,BOXER,13035006
0201029930,1304XY TS,BOXER,LINEA UNDERWARE HOMBRE,BOXER,13041007
0201029940,1304XY TM,BOXER,LINEA UNDERWARE HOMBRE,BOXER,13042004
0201029950,1304XY TL,BOXER,LINEA UNDERWARE HOMBRE,BOXER,13043001
0201029960,1304XY TXL,BOXER,LINEA UNDERWARE HOMBRE,BOXER,13044008
0201029970,1304XY TXXL,BOXER,LINEA UNDERWARE HOMBRE,BOXER,13045005
0201029980,1306XY TS,BOXER,LINEA UNDERWARE HOMBRE,BOXER,13061005
0201029990,1306XY TM,BOXER,LINEA UNDERWARE HOMBRE,BOXER,13062002
0201030000,1306XY TL,BOXER,LINEA UNDERWARE HOMBRE,BOXER,13063009
0201030010,1306XY TXL,BOXER,LINEA UNDERWARE HOMBRE,BOXER,13064006
0201030020,1306XY TXXL,BOXER,LINEA UNDERWARE HOMBRE,BOXER,13065003
0201030030,1306XY TXXXL,BOXER,LINEA UNDERWARE HOMBRE,BOXER,13066000
0201030040,1308XY TS,BOXER,LINEA UNDERWARE HOMBRE,BOXER,13081003
0201030050,1308XY TM,BOXER,LINEA UNDERWARE HOMBRE,BOXER,13082000
0201030060,1308XY TL,BOXER,LINEA UNDERWARE HOMBRE,BOXER,13083007
0201030070,1308XY TXL,BOXER,LINEA UNDERWARE HOMBRE,BOXER,13084004
0201030080,1308XY TXXL,BOXER,LINEA UNDERWARE HOMBRE,BOXER,13085001
0201030090,1310XY TS,BOXER,LINEA UNDERWARE HOMBRE,BOXER,13101008
0201030100,1310XY TM,BOXER,LINEA UNDERWARE HOMBRE,BOXER,13102005
0201030110,1310XY TL,BOXER,LINEA UNDERWARE HOMBRE,BOXER,13103002
0201030120,1310XY TXL,BOXER,LINEA UNDERWARE HOMBRE,BOXER,13104009
0201030130,1310XY TXXL,BOXER,LINEA UNDERWARE HOMBRE,BOXER,13105006
0201030140,1311XY TM,BOXER,LINEA UNDERWARE HOMBRE,BOXER,13112004
0201030150,1311XY TL,BOXER,LINEA UNDERWARE HOMBRE,BOXER,13113001
0201030160,1311XY TXL,BOXER,LINEA UNDERWARE HOMBRE,BOXER,13114008
0201030170,1311XY TXXL,BOXER,LINEA UNDERWARE HOMBRE,BOXER,13115005
0201030180,1312XY TS,BOXER,LINEA UNDERWARE HOMBRE,BOXER,13121006
0201030190,1312XY TM,BOXER,LINEA UNDERWARE HOMBRE,BOXER,13122003
0201030200,1312XY TL,BOXER,LINEA UNDERWARE HOMBRE,BOXER,13123000
0201030210,1312XY TXL,BOXER,LINEA UNDERWARE HOMBRE,BOXER,13124007
0201030220,1312XY TXXL,BOXER,LINEA UNDERWARE HOMBRE,BOXER,13125004
0201030230,1313XY TS,BOXER,LINEA UNDERWARE HOMBRE,BOXER,13131005
0201030240,1313XY TM,BOXER,LINEA UNDERWARE HOMBRE,BOXER,13132002
0201030250,1313XY TL,BOXER,LINEA UNDERWARE HOMBRE,BOXER,13133009
0201030260,1313XY TXL,BOXER,LINEA UNDERWARE HOMBRE,BOXER,13134006
0201030270,1313XY TXXL,BOXER,LINEA UNDERWARE HOMBRE,BOXER,13135003
0201030280,1314XY TS,BOXER,LINEA UNDERWARE HOMBRE,BOXER,13141004
0201030290,1314XY TM,BOXER,LINEA UNDERWARE HOMBRE,BOXER,13142001
0201030300,1314XY TL,BOXER,LINEA UNDERWARE HOMBRE,BOXER,13143008
0201030310,1314XY TXL,BOXER,LINEA UNDERWARE HOMBRE,BOXER,13144005
0201030320,1314XY TXXL,BOXER,LINEA UNDERWARE HOMBRE,BOXER,13145002
0201030330,1315XY TS,BOXER,LINEA UNDERWARE HOMBRE,BOXER,13151003
0201030340,1315XY TM,BOXER,LINEA UNDERWARE HOMBRE,BOXER,13152000
0201030350,1315XY TL,BOXER,LINEA UNDERWARE HOMBRE,BOXER,13153007
0201030360,1315XY TXL,BOXER,LINEA UNDERWARE HOMBRE,BOXER,13154004
0201030370,1315XY TXXL,BOXER,LINEA UNDERWARE HOMBRE,BOXER,13155001
0201030380,1316XY TS,BOXER,LINEA UNDERWARE HOMBRE,BOXER,13161002
0201030390,1316XY TM,BOXER,LINEA UNDERWARE HOMBRE,BOXER,13162009
0201030400,1316XY TL,BOXER,LINEA UNDERWARE HOMBRE,BOXER,13163006
0201030410,1316XY TXL,BOXER,LINEA UNDERWARE HOMBRE,BOXER,13164003
0201030420,1316XY TXXL,BOXER,LINEA UNDERWARE HOMBRE,BOXER,13165000
0201030430,1317XY TS,BOXER,LINEA UNDERWARE HOMBRE,BOXER,13171001
0201030440,1317XY TM,BOXER,LINEA UNDERWARE HOMBRE,BOXER,13172008
0201030450,1317XY TL,BOXER,LINEA UNDERWARE HOMBRE,BOXER,13173005
0201030460,1317XY TXL,BOXER,LINEA UNDERWARE HOMBRE,BOXER,13174002
0201030470,1317XY TXXL,BOXER,LINEA UNDERWARE HOMBRE,BOXER,13175009
0201030480,1318XY TS,BOXER,LINEA UNDERWARE HOMBRE,BOXER,13181000
0201030490,1318XY TM,BOXER,LINEA UNDERWARE HOMBRE,BOXER,13182007
0201030500,1318XY TL,BOXER,LINEA UNDERWARE HOMBRE,BOXER,13183004
0201030510,1318XY TXL,BOXER,LINEA UNDERWARE HOMBRE,BOXER,13184001
0201030520,1318XY TXXL,BOXER,LINEA UNDERWARE HOMBRE,BOXER,13185008
0201030530,1320XY TS,BOXER,LINEA UNDERWARE HOMBRE,BOXER,13201005
0201030540,1320XY TM,BOXER,LINEA UNDERWARE HOMBRE,BOXER,13202002
0201030550,1320XY TL,BOXER,LINEA UNDERWARE HOMBRE,BOXER,13203009
0201030560,1320XY TXL,BOXER,LINEA UNDERWARE HOMBRE,BOXER,13204005
0201030570,1320XY  TXL,BOXER,LINEA UNDERWARE HOMBRE,BOXER,13204006
0201030580,1320XY TXXL,BOXER,LINEA UNDERWARE HOMBRE,BOXER,13205003
0201030590,1321XY TS,BOXER,LINEA UNDERWARE HOMBRE,BOXER,13211004
0201030600,1321XY TM,BOXER,LINEA UNDERWARE HOMBRE,BOXER,13212001
0201030610,1321XY TL,BOXER,LINEA UNDERWARE HOMBRE,BOXER,13213008
0201030620,1321XY TXL,BOXER,LINEA UNDERWARE HOMBRE,BOXER,13214005
0201030630,1321XY TXXL,BOXER,LINEA UNDERWARE HOMBRE,BOXER,13215002
0201030640,1322XY TS,BOXER,LINEA UNDERWARE HOMBRE,BOXER,13221003
0201030650,1322XY TM,BOXER,LINEA UNDERWARE HOMBRE,BOXER,13222000
0201030660,1322XY TL,BOXER,LINEA UNDERWARE HOMBRE,BOXER,13223007
0201030670,1322XY TXL,BOXER,LINEA UNDERWARE HOMBRE,BOXER,13224004
0201030680,1322XY TXXL,BOXER,LINEA UNDERWARE HOMBRE,BOXER,13225001
0201030690,1323XY TS,BOXER,LINEA UNDERWARE HOMBRE,BOXER,13231002
0201030700,1323XY TM,BOXER,LINEA UNDERWARE HOMBRE,BOXER,13232009
0201030710,1323XY TL,BOXER,LINEA UNDERWARE HOMBRE,BOXER,13233006
0201030720,1323XY TXL,BOXER,LINEA UNDERWARE HOMBRE,BOXER,13234003
0201030730,1323XY TXXL,BOXER,LINEA UNDERWARE HOMBRE,BOXER,13235000
0201030740,1324XY TS,BOXER,LINEA UNDERWARE HOMBRE,BOXER,13241001
0201030750,1324XY TS,BOXER,LINEA UNDERWARE HOMBRE,BOXER,13241005
0201030760,1324XY TM,BOXER,LINEA UNDERWARE HOMBRE,BOXER,13242002
0201030770,1324XY TM,BOXER,LINEA UNDERWARE HOMBRE,BOXER,13242008
0201030780,1324XY TL,BOXER,LINEA UNDERWARE HOMBRE,BOXER,13243005
0201030790,1324XY TL,BOXER,LINEA UNDERWARE HOMBRE,BOXER,13243009
0201030800,1324XY TXL,BOXER,LINEA UNDERWARE HOMBRE,BOXER,13244002
0201030810,1324XY TXL,BOXER,LINEA UNDERWARE HOMBRE,BOXER,13244006
0201030820,1324XY TXXL,BOXER,LINEA UNDERWARE HOMBRE,BOXER,13245003
0201030830,1324XY TXXL,BOXER,LINEA UNDERWARE HOMBRE,BOXER,13245009
0201030840,1325XY TS,BOXER,LINEA UNDERWARE HOMBRE,BOXER,13251000
0201030850,1325XY TM,BOXER,LINEA UNDERWARE HOMBRE,BOXER,13252007
0201030860,1325XY TL,BOXER,LINEA UNDERWARE HOMBRE,BOXER,13253004
0201030870,1325XY TXL,BOXER,LINEA UNDERWARE HOMBRE,BOXER,13254001
0201030880,1325XY TXXL,BOXER,LINEA UNDERWARE HOMBRE,BOXER,13255008
0201030890,1326XY TS,BOXER,LINEA UNDERWARE HOMBRE,BOXER,13261009
0201030900,1326XY TM,BOXER,LINEA UNDERWARE HOMBRE,BOXER,13262006
0201030910,1326XY TL,BOXER,LINEA UNDERWARE HOMBRE,BOXER,13263003
0201030920,1326XY TXL,BOXER,LINEA UNDERWARE HOMBRE,BOXER,13264000
0201030930,1326XY TXXL,BOXER,LINEA UNDERWARE HOMBRE,BOXER,13265007
0201030940,1335XY TS,BOXER,LINEA UNDERWARE HOMBRE,BOXER,13351007
0201030950,1335XY TXL,BOXER,LINEA UNDERWARE HOMBRE,BOXER,13354008
0201030960,1340XY TS,BOXER,LINEA UNDERWARE HOMBRE,BOXER,13401009
0201030970,1340XY TM,BOXER,LINEA UNDERWARE HOMBRE,BOXER,13402006
0201030980,1340XY TL,BOXER,LINEA UNDERWARE HOMBRE,BOXER,13403003
0201030990,1340XY TXL,BOXER,LINEA UNDERWARE HOMBRE,BOXER,13404000
0201031000,1340XY TXXL,BOXER,LINEA UNDERWARE HOMBRE,BOXER,13405007
0201031010,1341XY TS,BOXER,LINEA UNDERWARE HOMBRE,BOXER,13411008
0201031020,1341XY TM,BOXER,LINEA UNDERWARE HOMBRE,BOXER,13412005
0201031030,1341XY TL,BOXER,LINEA UNDERWARE HOMBRE,BOXER,13413002
0201031040,1341XY TXL,BOXER,LINEA UNDERWARE HOMBRE,BOXER,13414009
0201031050,1341XY TXXL,BOXER,LINEA UNDERWARE HOMBRE,BOXER,13415006
0201031060,1350XY TS,BOXER,LINEA UNDERWARE HOMBRE,BOXER,13501006
0201031070,1350XY TM,BOXER,LINEA UNDERWARE HOMBRE,BOXER,13502003
0201031080,1350XY TL,BOXER,LINEA UNDERWARE HOMBRE,BOXER,13503000
0201031090,1350XY TXL,BOXER,LINEA UNDERWARE HOMBRE,BOXER,13504007
0201031100,1350XY TXXL,BOXER,LINEA UNDERWARE HOMBRE,BOXER,13505004
0201031110,1352XY TS,BOXER,LINEA UNDERWARE HOMBRE,BOXER,13521004
0201031120,1352XY TM,BOXER,LINEA UNDERWARE HOMBRE,BOXER,13522001
0201031130,1352XY TL,BOXER,LINEA UNDERWARE HOMBRE,BOXER,13523008
0201031140,1352XY TXL,BOXER,LINEA UNDERWARE HOMBRE,BOXER,13524005
0201031150,1352XY TXXL,BOXER,LINEA UNDERWARE HOMBRE,BOXER,13525002
0201031160,1355XY TS,BOXER,LINEA UNDERWARE HOMBRE,BOXER,13551001
0201031170,1355XY TM,BOXER,LINEA UNDERWARE HOMBRE,BOXER,13552008
0201031180,1355XY TL,BOXER,LINEA UNDERWARE HOMBRE,BOXER,13553005
0201031190,1355XY TXL,BOXER,LINEA UNDERWARE HOMBRE,BOXER,13554002
0201031200,1355XY TXXL,BOXER,LINEA UNDERWARE HOMBRE,BOXER,13555009
0201031210,1360XY TXL,BOXER,LINEA UNDERWARE HOMBRE,BOXER,13604004
0201031220,1362XY TS,BOXER,LINEA UNDERWARE HOMBRE,BOXER,13621001
0201031230,1362XY TM,BOXER,LINEA UNDERWARE HOMBRE,BOXER,13622008
0201031240,1362XY TL,BOXER,LINEA UNDERWARE HOMBRE,BOXER,13623005
0201031250,1362XY TXL,BOXER,LINEA UNDERWARE HOMBRE,BOXER,13624002
0201031260,1362XY TXXL,BOXER,LINEA UNDERWARE HOMBRE,BOXER,13625009
0201031270,1372XY TS,BOXER,LINEA UNDERWARE HOMBRE,BOXER,13721008
0201031280,1372XY TM,BOXER,LINEA UNDERWARE HOMBRE,BOXER,13722005
0201031290,1372XY TL,BOXER,LINEA UNDERWARE HOMBRE,BOXER,13723002
0201031300,1372XY TXL,BOXER,LINEA UNDERWARE HOMBRE,BOXER,13724009
0201031310,1372XY TXXL,BOXER,LINEA UNDERWARE HOMBRE,BOXER,13725006
0201031320,1374XY TS,BOXER,LINEA UNDERWARE HOMBRE,BOXER,13741006
0201031330,1374XY TM,BOXER,LINEA UNDERWARE HOMBRE,BOXER,13742003
0201031340,1374XY TL,BOXER,LINEA UNDERWARE HOMBRE,BOXER,13743000
0201031350,1374XY TXL,BOXER,LINEA UNDERWARE HOMBRE,BOXER,13744007
0201031360,1374XY TXXL,BOXER,LINEA UNDERWARE HOMBRE,BOXER,13745004
0201031370,1386XY TS,BOXER,LINEA UNDERWARE HOMBRE,BOXER,13861001
0201031380,1386XY TM,BOXER,LINEA UNDERWARE HOMBRE,BOXER,13862008
0201031390,1386XY TL,BOXER,LINEA UNDERWARE HOMBRE,BOXER,13863005
0201031400,1386XY TXL,BOXER,LINEA UNDERWARE HOMBRE,BOXER,13864002
0201031410,1386XY TXXL,BOXER,LINEA UNDERWARE HOMBRE,BOXER,13865009
0201031420,1387XY TS,BOXER,LINEA UNDERWARE HOMBRE,BOXER,13871000
0201031430,1387XY TM,BOXER,LINEA UNDERWARE HOMBRE,BOXER,13872007
0201031440,1387XY TL,BOXER,LINEA UNDERWARE HOMBRE,BOXER,13873004
0201031450,1387XY TXL,BOXER,LINEA UNDERWARE HOMBRE,BOXER,13874001
0201031460,1387XY TXXL,BOXER,LINEA UNDERWARE HOMBRE,BOXER,13875008
0201031470,1387XY  TXXXL,BOXER,LINEA UNDERWARE HOMBRE,BOXER,13876005
0201031480,1388XY TS,BOXER,LINEA UNDERWARE HOMBRE,BOXER,13881009
0201031490,1388XY TM,BOXER,LINEA UNDERWARE HOMBRE,BOXER,13882006
0201031500,1388XY TL,BOXER,LINEA UNDERWARE HOMBRE,BOXER,13883003
0201031510,1388XY TXL,BOXER,LINEA UNDERWARE HOMBRE,BOXER,13884000
0201031520,1388XY TXXL,BOXER,LINEA UNDERWARE HOMBRE,BOXER,13885007
0201031530,1389XY TS,BOXER,LINEA UNDERWARE HOMBRE,BOXER,13891008
0201031540,1389XY TM,BOXER,LINEA UNDERWARE HOMBRE,BOXER,13892005
0201031550,1389XY TL,BOXER,LINEA UNDERWARE HOMBRE,BOXER,13893002
0201031560,1389XY TXL,BOXER,LINEA UNDERWARE HOMBRE,BOXER,13894009
0201031570,1389XY TXXL,BOXER,LINEA UNDERWARE HOMBRE,BOXER,13895006
0201031580,1390XY TS,BOXER,LINEA UNDERWARE HOMBRE,BOXER,13901004
0201031590,1390XY TM,BOXER,LINEA UNDERWARE HOMBRE,BOXER,13902001
0201031600,1390XY TL,BOXER,LINEA UNDERWARE HOMBRE,BOXER,13903008
0201031610,1390XY TXL,BOXER,LINEA UNDERWARE HOMBRE,BOXER,13904005
0201031620,1390XY TXXL,BOXER,LINEA UNDERWARE HOMBRE,BOXER,13905002
0201031630,1396XY TS,BOXER,LINEA UNDERWARE HOMBRE,BOXER,13961008
0201031640,1396XY TM,BOXER,LINEA UNDERWARE HOMBRE,BOXER,13962005
0201031650,1396XY TL,BOXER,LINEA UNDERWARE HOMBRE,BOXER,13963002
0201031660,1396XY TXL,BOXER,LINEA UNDERWARE HOMBRE,BOXER,13964009
0201031670,1396XY TXXL,BOXER,LINEA UNDERWARE HOMBRE,BOXER,13965006
0201031680,1397XY TS,BOXER,LINEA UNDERWARE HOMBRE,BOXER,13971007
0201031690,1397XY TM,BOXER,LINEA UNDERWARE HOMBRE,BOXER,13972004
0201031700,1397XY TL,BOXER,LINEA UNDERWARE HOMBRE,BOXER,13973001
0201031710,1397XY TXL,BOXER,LINEA UNDERWARE HOMBRE,BOXER,13974008
0201031720,1397XY TXXL,BOXER,LINEA UNDERWARE HOMBRE,BOXER,13975005
0201031730,1600XY TS,BOXER,LINEA UNDERWARE HOMBRE,BOXER,16001008
0201031740,1600XY TM,BOXER,LINEA UNDERWARE HOMBRE,BOXER,16002005
0201031750,1600XY TL,BOXER,LINEA UNDERWARE HOMBRE,BOXER,16003002
0201031760,1600XY TXL,BOXER,LINEA UNDERWARE HOMBRE,BOXER,16004009
0201031770,1600XY TXXL,BOXER,LINEA UNDERWARE HOMBRE,BOXER,16005006
0201031780,2150XY TS,BOXER,LINEA UNDERWARE HOMBRE,BOXER,21501005
0201031790,2150XY TM,BOXER,LINEA UNDERWARE HOMBRE,BOXER,21502002
0201031800,2150XY TL,BOXER,LINEA UNDERWARE HOMBRE,BOXER,21503009
0201031810,2150XY TXL,BOXER,LINEA UNDERWARE HOMBRE,BOXER,21504006
0201031820,2150XY TXXL,BOXER,LINEA UNDERWARE HOMBRE,BOXER,21505003
0201031830,3680XY TS,BOXER,LINEA UNDERWARE HOMBRE,BOXER,36801008
0201031840,3680XY TM,BOXER,LINEA UNDERWARE HOMBRE,BOXER,36802005
0201031850,3680XY TL,BOXER,LINEA UNDERWARE HOMBRE,BOXER,36803002
0201031860,3680XY TXL,BOXER,LINEA UNDERWARE HOMBRE,BOXER,36804009
0201031870,3680XY TXXL,BOXER,LINEA UNDERWARE HOMBRE,BOXER,36805006
0201031880,3690XY TS,BOXER,LINEA UNDERWARE HOMBRE,BOXER,36901005
0201031890,3690XY TM,BOXER,LINEA UNDERWARE HOMBRE,BOXER,36902002
0201031900,3690XY TL,BOXER,LINEA UNDERWARE HOMBRE,BOXER,36903009
0201031910,3690XY TXL,BOXER,LINEA UNDERWARE HOMBRE,BOXER,36904006
0201031920,3690XY TXXL,BOXER,LINEA UNDERWARE HOMBRE,BOXER,36905003
0201031930,3900XY TS,BOXER,LINEA UNDERWARE HOMBRE,BOXER,39001009
0201031940,3900XY TM,BOXER,LINEA UNDERWARE HOMBRE,BOXER,39002006
0201031950,3900XY TL,BOXER,LINEA UNDERWARE HOMBRE,BOXER,39003003
0201031960,3900XY TXL,BOXER,LINEA UNDERWARE HOMBRE,BOXER,39004000
0201031970,3900XY TXXL,BOXER,LINEA UNDERWARE HOMBRE,BOXER,39005007
0201031980,3901XY TS,BOXER,LINEA UNDERWARE HOMBRE,BOXER,39011008
0201031990,3901XY TM,BOXER,LINEA UNDERWARE HOMBRE,BOXER,39012005
0201032000,3901XY TL,BOXER,LINEA UNDERWARE HOMBRE,BOXER,39013002
0201032010,3901XY TXL,BOXER,LINEA UNDERWARE HOMBRE,BOXER,39014009
0201032020,3901XY TXXL,BOXER,LINEA UNDERWARE HOMBRE,BOXER,39015006
0201032030,3902XY TS,BOXER,LINEA UNDERWARE HOMBRE,BOXER,39021007
0201032040,3902XY TM,BOXER,LINEA UNDERWARE HOMBRE,BOXER,39022004
0201032050,3902XY TL,BOXER,LINEA UNDERWARE HOMBRE,BOXER,39023001
0201032060,3902XY TXL,BOXER,LINEA UNDERWARE HOMBRE,BOXER,39024008
0201032070,3902XY TXXL,BOXER,LINEA UNDERWARE HOMBRE,BOXER,39025005
0201032080,3903XY TS,BOXER,LINEA UNDERWARE HOMBRE,BOXER,39031006
0201032090,3903XY TM,BOXER,LINEA UNDERWARE HOMBRE,BOXER,39032003
0201032100,3903XY TL,BOXER,LINEA UNDERWARE HOMBRE,BOXER,39033000
0201032110,3903XY TXL,BOXER,LINEA UNDERWARE HOMBRE,BOXER,39034007
0201032120,3903XY TXXL,BOXER,LINEA UNDERWARE HOMBRE,BOXER,39035004
0201032130,3904XY TS,BOXER,LINEA UNDERWARE HOMBRE,BOXER,39041005
0201032140,3904XY TM,BOXER,LINEA UNDERWARE HOMBRE,BOXER,39042002
0201032150,3904XY TL,BOXER,LINEA UNDERWARE HOMBRE,BOXER,39043009
0201032160,3904XY TXL,BOXER,LINEA UNDERWARE HOMBRE,BOXER,39044006
0201032170,3904XY TXXL,BOXER,LINEA UNDERWARE HOMBRE,BOXER,39045003
0201032180,3905XY TS,BOXER,LINEA UNDERWARE HOMBRE,BOXER,39051004
0201032190,3905XY TM,BOXER,LINEA UNDERWARE HOMBRE,BOXER,39052001
0201032200,3905XY TL,BOXER,LINEA UNDERWARE HOMBRE,BOXER,39053008
0201032210,3905XY TXL,BOXER,LINEA UNDERWARE HOMBRE,BOXER,39054004
0201032220,3905XY TXXL,BOXER,LINEA UNDERWARE HOMBRE,BOXER,39055002
0201032230,5001XY TS,BOXER,LINEA UNDERWARE HOMBRE,BOXER,50011001
0201032240,5001XY TM,BOXER,LINEA UNDERWARE HOMBRE,BOXER,50012008
0201032250,5001XY TL,BOXER,LINEA UNDERWARE HOMBRE,BOXER,50013005
0201032260,5001XY TXL,BOXER,LINEA UNDERWARE HOMBRE,BOXER,50014002
0201032270,5001XY TXXL,BOXER,LINEA UNDERWARE HOMBRE,BOXER,50015009
0201032280,5002XY TS,BOXER,LINEA UNDERWARE HOMBRE,BOXER,50021000
0201032290,5002XY TM,BOXER,LINEA UNDERWARE HOMBRE,BOXER,50022007
0201032300,5002XY TL,BOXER,LINEA UNDERWARE HOMBRE,BOXER,50023004
0201032310,5002XY TXL,BOXER,LINEA UNDERWARE HOMBRE,BOXER,50024001
0201032320,5002XY TXXL,BOXER,LINEA UNDERWARE HOMBRE,BOXER,50025008
0201032330,5050XY T10,BOXER,LINEA UNDERWARE HOMBRE,BOXER,50501007
0201032340,5050XY T12,BOXER,LINEA UNDERWARE HOMBRE,BOXER,50501205
0201032350,5050XY T2,BOXER,LINEA UNDERWARE HOMBRE,BOXER,50502004
0201032360,5050XY T4,BOXER,LINEA UNDERWARE HOMBRE,BOXER,50504008
0201032370,5050XY T6,BOXER,LINEA UNDERWARE HOMBRE,BOXER,50506002
0201032380,5050XY T8,BOXER,LINEA UNDERWARE HOMBRE,BOXER,50508006
0201032390,5053XY T10,BOXER,LINEA UNDERWARE HOMBRE,BOXER,50531004
0201032400,5053XY T12,BOXER,LINEA UNDERWARE HOMBRE,BOXER,50531202
0201032410,5053XY T2,BOXER,LINEA UNDERWARE HOMBRE,BOXER,50532001
0201032420,5053XY T4,BOXER,LINEA UNDERWARE HOMBRE,BOXER,50534005
0201032430,5053XY T6,BOXER,LINEA UNDERWARE HOMBRE,BOXER,50536009
0201032440,5053XY T8,BOXER,LINEA UNDERWARE HOMBRE,BOXER,50538003
0201032450,5054XY T10,BOXER,LINEA UNDERWARE HOMBRE,BOXER,50541003
0201032460,5054XY T12,BOXER,LINEA UNDERWARE HOMBRE,BOXER,50541201
0201032470,5054XY T2,BOXER,LINEA UNDERWARE HOMBRE,BOXER,50542000
0201032480,5054XY T4,BOXER,LINEA UNDERWARE HOMBRE,BOXER,50544004
0201032490,5054XY T6,BOXER,LINEA UNDERWARE HOMBRE,BOXER,50546008
0201032500,5054XY T8,BOXER,LINEA UNDERWARE HOMBRE,BOXER,50548002
0201032510,5055XY T 10,BOXER,LINEA UNDERWARE HOMBRE,BOXER,50551002
0201032520,5055XY T 12,BOXER,LINEA UNDERWARE HOMBRE,BOXER,50551200
0201032530,5055XY T 2,BOXER,LINEA UNDERWARE HOMBRE,BOXER,50552009
0201032540,5055XY T 4,BOXER,LINEA UNDERWARE HOMBRE,BOXER,50554003
0201032550,5055XY T 6,BOXER,LINEA UNDERWARE HOMBRE,BOXER,50556007
0201032560,5055XY T 8,BOXER,LINEA UNDERWARE HOMBRE,BOXER,50558001
0201032570,5100XY TS,BOXER,LINEA UNDERWARE HOMBRE,BOXER,51001001
0201032580,5100XY TM,BOXER,LINEA UNDERWARE HOMBRE,BOXER,51002008
0201032590,5100XY TL,BOXER,LINEA UNDERWARE HOMBRE,BOXER,51003005
0201032600,5100XY TXL,BOXER,LINEA UNDERWARE HOMBRE,BOXER,51004002
0201032610,5100XY TXXL,BOXER,LINEA UNDERWARE HOMBRE,BOXER,51005009
0201032620,7000XY TS,BOXER,LINEA UNDERWARE HOMBRE,BOXER,70001006
0201032630,7000XY TM,BOXER,LINEA UNDERWARE HOMBRE,BOXER,70002003
0201032640,7000XY TL,BOXER,LINEA UNDERWARE HOMBRE,BOXER,70003000
0201032650,7000XY TXL,BOXER,LINEA UNDERWARE HOMBRE,BOXER,70004007
0201032660,7050XY PANTALON NIÑO,BOXER,LINEA UNDERWARE HOMBRE,BOXER,70500004
0201032670,7050XY TS,BOXER,LINEA UNDERWARE HOMBRE,BOXER,70501001
0201032680,7050XY T14,BOXER,LINEA UNDERWARE HOMBRE,BOXER,70501407
0201032690,7050XY TM,BOXER,LINEA UNDERWARE HOMBRE,BOXER,70502008
0201032700,7050XY TL,BOXER,LINEA UNDERWARE HOMBRE,BOXER,70503005
0201032710,7050XY TXL,BOXER,LINEA UNDERWARE HOMBRE,BOXER,70504002
0201032720,7050XY TXXL,BOXER,LINEA UNDERWARE HOMBRE,BOXER,70505009
0201032730,8040XY TS,BOXER,LINEA UNDERWARE HOMBRE,BOXER,80401001
0201032740,8040XY TM,BOXER,LINEA UNDERWARE HOMBRE,BOXER,80402008
0201032750,8040XY TL,BOXER,LINEA UNDERWARE HOMBRE,BOXER,80403005
0201032760,8040XY TXL,BOXER,LINEA UNDERWARE HOMBRE,BOXER,80404002
0201032770,8040XY TXXL,BOXER,LINEA UNDERWARE HOMBRE,BOXER,80405009
0201032780,1017XY BOXER NIÑO,BOXER,LINEA UNDERWARE HOMBRE,BOXER,1017XY
0201032790,1017XY1 BOXER NIÑO T E,BOXER,LINEA UNDERWARE HOMBRE,BOXER,1017XY1
0201032800,101XYP   PACK POR DOS,BOXER,LINEA UNDERWARE HOMBRE,BOXER,101XYP
0201032810,1020XY BOXER NIÑO,BOXER,LINEA UNDERWARE HOMBRE,BOXER,1020XY
0201032820,1020XY1 BOXER NIÑO T E,BOXER,LINEA UNDERWARE HOMBRE,BOXER,1020XY1
0201032830,1090XY BOXER NIÑO,BOXER,LINEA UNDERWARE HOMBRE,BOXER,1090XY
0201032840,1090XY1 BOXER NIÑO T E,BOXER,LINEA UNDERWARE HOMBRE,BOXER,1090XY1
0201032850,1303XY NO DISP,BOXER,LINEA UNDERWARE HOMBRE,BOXER,1303XY
0201032860,1304XY NO DISP,BOXER,LINEA UNDERWARE HOMBRE,BOXER,1304XY
0201032870,1311XY TS AL XL,BOXER,LINEA UNDERWARE HOMBRE,BOXER,1311XY
0201032880,1311XY1 TXXL,BOXER,LINEA UNDERWARE HOMBRE,BOXER,1311XY1
0201032890,1312XY BOXER,BOXER,LINEA UNDERWARE HOMBRE,BOXER,1312XY
0201032900,1312XY1 BOXER,BOXER,LINEA UNDERWARE HOMBRE,BOXER,1312XY1
0201032910,1313XY BOXER,BOXER,LINEA UNDERWARE HOMBRE,BOXER,1313XY
0201032920,1313XY1 BOXER,BOXER,LINEA UNDERWARE HOMBRE,BOXER,1313XY1
0201032930,1314XY BOXER,BOXER,LINEA UNDERWARE HOMBRE,BOXER,1314XY
0201032940,1314XY1 BOXER,BOXER,LINEA UNDERWARE HOMBRE,BOXER,1314XY1
0201032950,1315XY BOXER,BOXER,LINEA UNDERWARE HOMBRE,BOXER,1315XY
0201032960,1315XY1 BOXER,BOXER,LINEA UNDERWARE HOMBRE,BOXER,1315XY1
0201032970,1317XY BOXER,BOXER,LINEA UNDERWARE HOMBRE,BOXER,1317XY
0201032980,1317XY1 BOXER,BOXER,LINEA UNDERWARE HOMBRE,BOXER,1317XY1
0201032990,1319XY TS AL TXL,BOXER,LINEA UNDERWARE HOMBRE,BOXER,1319XY
0201033000,1319XY1 TXXL,BOXER,LINEA UNDERWARE HOMBRE,BOXER,1319XY1
0201033010,1328XY,BOXER,LINEA UNDERWARE HOMBRE,BOXER,1328XY
0201033020,1330XY TS AL TXL,BOXER,LINEA UNDERWARE HOMBRE,BOXER,1330XY
0201033030,1330XY1 TXXL,BOXER,LINEA UNDERWARE HOMBRE,BOXER,1330XY1
0201033040,1335XY,BOXER,LINEA UNDERWARE HOMBRE,BOXER,1335XY
0201033050,1340XY NO DISP,BOXER,LINEA UNDERWARE HOMBRE,BOXER,1340XY
0201033060,1341XY T S al TXL,BOXER,LINEA UNDERWARE HOMBRE,BOXER,1341XY
0201033070,1341XY1 T XXL,BOXER,LINEA UNDERWARE HOMBRE,BOXER,1341XY1
0201033080,1358XY,BOXER,LINEA UNDERWARE HOMBRE,BOXER,1358XY
0201033090,1360XY,BOXER,LINEA UNDERWARE HOMBRE,BOXER,1360XY
0201033100,1370XY,BOXER,LINEA UNDERWARE HOMBRE,BOXER,1370XY
0201033110,1401XY,BOXER,LINEA UNDERWARE HOMBRE,BOXER,1401XY
0201033120,2150XY NO DISP,BOXER,LINEA UNDERWARE HOMBRE,BOXER,2150XY
0201033130,2300XY SLIP,BOXER,LINEA UNDERWARE HOMBRE,BOXER,2300XY
0201033140,2300XY1 SLIP,BOXER,LINEA UNDERWARE HOMBRE,BOXER,2300XY1
0201033150,4040XY,BOXER,LINEA UNDERWARE HOMBRE,BOXER,4040XY
0201033160,5053XY BOXER LARGO AUT,BOXER,LINEA UNDERWARE HOMBRE,BOXER,5053XY
0201033170,5054XY BOXER LARGO PERRITOS,BOXER,LINEA UNDERWARE HOMBRE,BOXER,5054XY
0201033180,5055XY BOXER LARGO MONITOS,BOXER,LINEA UNDERWARE HOMBRE,BOXER,5055XY
0201033190,5056XY T2 AL T12,BOXER,LINEA UNDERWARE HOMBRE,BOXER,5056XY
0201037210,1330XY TS BLANCO,BOXER,LINEA UNDERWARE HOMBRE,BOXER,13301002
0201037220,1330XY TM AZUL,BOXER,LINEA UNDERWARE HOMBRE,BOXER,13302009
0201037230,1330XY TL BLANCO,BOXER,LINEA UNDERWARE HOMBRE,BOXER,13303006
0201037240,1330XY TXL AZUL,BOXER,LINEA UNDERWARE HOMBRE,BOXER,13304003
0201037250,1330XY TXXL AZUL,BOXER,LINEA UNDERWARE HOMBRE,BOXER,13305000
0201037260,1332XY TL ROMBO,BOXER,LINEA UNDERWARE HOMBRE,BOXER,13323004
0201037270,1332XY TM ROMBO,BOXER,LINEA UNDERWARE HOMBRE,BOXER,13322007
0201037280,1332XY TS ROMBO,BOXER,LINEA UNDERWARE HOMBRE,BOXER,13321000
0201037290,1332XY TXL ROMBO,BOXER,LINEA UNDERWARE HOMBRE,BOXER,13324001
0201037300,1332XY TXXL ROMBO,BOXER,LINEA UNDERWARE HOMBRE,BOXER,13325008
0201037320,7000XY CALZA,CALZA,LINEA UNDERWARE HOMBRE,BOXER,7000XY
0201037330,1096XY1 BOXER NIÑO T14,BOXER,LINEA UNDERWARE HOMBRE,BOXER,1096XY1
0201037340,1390XY TXXXL,BOXER,LINEA UNDERWARE HOMBRE,BOXER,13906009
0201037350,1311XY TS,BOXER,LINEA UNDERWARE HOMBRE,BOXER,13111007
0201037360,1322XY BOXER XY,BOXER,LINEA UNDERWARE HOMBRE,BOXER,1322XY
0201037370,7000XY TXXL CALZA,CALZA,LINEA UNDERWARE HOMBRE,BOXER,70005004
0201037380,5056XY T2 BOXER LAR NIÑO,BOXER,LINEA UNDERWARE HOMBRE,BOXER,50560008
0201037390,5056XY T14 BOXER LAR NIÑO,BOXER,LINEA UNDERWARE HOMBRE,BOXER,50561403
0201037400,5050XY1 BOXER LARGO,BOXER LARGO,LINEA UNDERWARE HOMBRE,BOXER,5050XY1
0201037410,1381XY TXL LISO COMB,BOXER,LINEA UNDERWARE HOMBRE,BOXER,13814007
0201037420,1381XY TXXL LISO COMB,BOXER,LINEA UNDERWARE HOMBRE,BOXER,13815004
0201037430,1382XY TS C/ COST CONTRACOLOR,BOXER,LINEA UNDERWARE HOMBRE,BOXER,13821005
0201037440,1382XY TM C/ COST CONTRACOLOR,BOXER,LINEA UNDERWARE HOMBRE,BOXER,13822002
0201037450,1382XY TL C/ COST CONTRACOLOR,BOXER,LINEA UNDERWARE HOMBRE,BOXER,13823009
0201037460,1382XY TXL C/ COST CONTRACOLOR,BOXER,LINEA UNDERWARE HOMBRE,BOXER,13824006
0201037470,1382XY TXXL C/ COST CONTRACOLO,BOXER,LINEA UNDERWARE HOMBRE,BOXER,13825003
0201037480,1338XY TM HUMO,BOXER,LINEA UNDERWARE HOMBRE,BOXER,13382001
0201037490,1338XY TL HUMO,BOXER,LINEA UNDERWARE HOMBRE,BOXER,13383008
0201037500,1338XY TXL HUMO,BOXER,LINEA UNDERWARE HOMBRE,BOXER,13384005
0201037510,1338XY TXXL HUMO,BOXER,LINEA UNDERWARE HOMBRE,BOXER,13385002
0201037520,1381XY TS LISO COMB,BOXER,LINEA UNDERWARE HOMBRE,BOXER,13811006
0201037530,1381XY TM LISO COMB,BOXER,LINEA UNDERWARE HOMBRE,BOXER,13812003
0201037540,1381XY TL LISO COMB,BOXER,LINEA UNDERWARE HOMBRE,BOXER,13813000
0201037550,1329XY TM ZOOM,BOXER,LINEA UNDERWARE HOMBRE,BOXER,13292003
0201037560,1329XY TL ZOOM,BOXER,LINEA UNDERWARE HOMBRE,BOXER,13293000
0201037570,1329XY TXL ZOOM,BOXER,LINEA UNDERWARE HOMBRE,BOXER,13294007
0201037580,1329XY TXXL ZOOM,BOXER,LINEA UNDERWARE HOMBRE,BOXER,13295004
0201037590,1336XY TS MANCHAS,BOXER,LINEA UNDERWARE HOMBRE,BOXER,13361006
0201037600,1336XY TM MANCHAS,BOXER,LINEA UNDERWARE HOMBRE,BOXER,13362034
0201037610,1336XY TL MANCHAS,BOXER,LINEA UNDERWARE HOMBRE,BOXER,13363000
0201037620,1336XY TXL MANCHAS,BOXER,LINEA UNDERWARE HOMBRE,BOXER,13364038
0201037630,1336XY TXXL MANCHAS,BOXER,LINEA UNDERWARE HOMBRE,BOXER,13365004
0201037640,1338XY TS HUMO,BOXER,LINEA UNDERWARE HOMBRE,BOXER,13381004
0201037650,1327XY TM ESCOCES,BOXER,LINEA UNDERWARE HOMBRE,BOXER,13272005
0201037660,1327XY TL ESCOCES,BOXER,LINEA UNDERWARE HOMBRE,BOXER,13273002
0201037670,1327XY TXL ESCOCES,BOXER,LINEA UNDERWARE HOMBRE,BOXER,13274009
0201037680,1327XY TXXL ESCOCES,BOXER,LINEA UNDERWARE HOMBRE,BOXER,13275006
0201037690,1328XY TS RAYOS,BOXER,LINEA UNDERWARE HOMBRE,BOXER,13281007
0201037700,1328XY TM RAYOS,BOXER,LINEA UNDERWARE HOMBRE,BOXER,13282004
0201037710,1328XY TL RAYOS,BOXER,LINEA UNDERWARE HOMBRE,BOXER,13283001
0201037720,1328XY TXL RAYOS,BOXER,LINEA UNDERWARE HOMBRE,BOXER,13284008
0201037730,1328XY TXXL RAYOS,BOXER,LINEA UNDERWARE HOMBRE,BOXER,13285005
0201037740,1329XY TS ZOOM,BOXER,LINEA UNDERWARE HOMBRE,BOXER,13291006
0201037750,1009XY T2 GATOS,BOXER,LINEA UNDERWARE HOMBRE,BOXER,10092002
0201037760,1009XY T4 GATOS,BOXER,LINEA UNDERWARE HOMBRE,BOXER,10094006
0201037770,1009XY T6 GATOS,BOXER,LINEA UNDERWARE HOMBRE,BOXER,10096000
0201037780,1009XY T8 GATOS,BOXER,LINEA UNDERWARE HOMBRE,BOXER,10098004
0201037790,1009XY T10 GATOS,BOXER,LINEA UNDERWARE HOMBRE,BOXER,10091005
0201037800,1009XY T12 GATOS,BOXER,LINEA UNDERWARE HOMBRE,BOXER,10091203
0201037810,1009XY T14 GATOS,BOXER,LINEA UNDERWARE HOMBRE,BOXER,10091401
0201037820,1327XY TS ESCOCES,BOXER,LINEA UNDERWARE HOMBRE,BOXER,13271008
0201037830,5056XY T2,BOXER,LINEA UNDERWARE HOMBRE,BOXER,50562008
0201037840,5056XY T4 BOXER LAR NIÑO,BOXER,LINEA UNDERWARE HOMBRE,BOXER,50564002
0201037850,5056XY T6 BOXER LAR NIÑO,BOXER,LINEA UNDERWARE HOMBRE,BOXER,50566006
0201037860,5056XY T8 BOXER LAR NIÑO,BOXER,LINEA UNDERWARE HOMBRE,BOXER,50568000
0201037870,5056XY T10 BOXER LAR NIÑO,BOXER,LINEA UNDERWARE HOMBRE,BOXER,50561001
0201037880,5056XY T12 BOXER LAR NIÑO,BOXER,LINEA UNDERWARE HOMBRE,BOXER,50561209
0201037890,1007XY T10 ORIGAMI,BOXER,LINEA UNDERWARE HOMBRE,BOXER,10071007
0201037900,1007XY T12 ORIGAMI,BOXER,LINEA UNDERWARE HOMBRE,BOXER,10071205
0201037910,1007XY T14 ORIGAMI,BOXER,LINEA UNDERWARE HOMBRE,BOXER,10071403
0201037920,1007XY T6 ORIGAMI,BOXER,LINEA UNDERWARE HOMBRE,BOXER,10076002
0201037930,1007XY T8 ORIGAMI,BOXER,LINEA UNDERWARE HOMBRE,BOXER,10078006
0201037940,1007XY T2 ORIGAMI,BOXER,LINEA UNDERWARE HOMBRE,BOXER,10072004
0201037950,1007XY T4 ORIGAMI,BOXER,LINEA UNDERWARE HOMBRE,BOXER,10074008
0201037960,1062XT T12,BOXER,LINEA UNDERWARE HOMBRE,BOXER,10621202
0201037970,1062XT T14,BOXER,LINEA UNDERWARE HOMBRE,BOXER,10621400
0201037980,1062XT T6,BOXER,LINEA UNDERWARE HOMBRE,BOXER,10626009
0201037990,1062XT T8,BOXER,LINEA UNDERWARE HOMBRE,BOXER,10628003
0201038000,1062XT T10,BOXER,LINEA UNDERWARE HOMBRE,BOXER,10621003
0201038010,1062XT T2,BOXER,LINEA UNDERWARE HOMBRE,BOXER,10622001
0201038020,1062XT T4,BOXER,LINEA UNDERWARE HOMBRE,BOXER,10624005
0201038030,1328XY1 TXXL,BOXER,LINEA UNDERWARE HOMBRE,BOXER,1328XY1
0201038330,3691XY TS LISO COMB,BOXER,LINEA UNDERWARE HOMBRE,BOXER,36911004
0201038340,3691XY TM LISO COMB,BOXER,LINEA UNDERWARE HOMBRE,BOXER,36912001
0201038350,3691XY TL LISO COMB,BOXER,LINEA UNDERWARE HOMBRE,BOXER,36913008
0201038360,3691XY TXL LISO COMB,BOXER,LINEA UNDERWARE HOMBRE,BOXER,36914005
0201038430,1319XY TXXL CORAL,,LINEA UNDERWARE HOMBRE,BOXER,13195007
0201038440,1319XY TXL VERDE,,LINEA UNDERWARE HOMBRE,BOXER,13194000
0201038450,1319XY TL TURQUESA,,LINEA UNDERWARE HOMBRE,BOXER,13193003
0201038460,1319XY TM VERDE,,LINEA UNDERWARE HOMBRE,BOXER,13192006
0201038470,1319XY TS CORAL,,LINEA UNDERWARE HOMBRE,BOXER,13191009
0201038910,1331XY TM AZTECA,BOXER,LINEA UNDERWARE HOMBRE,BOXER,13312008
0201038920,1331XY TS AZTECA,BOXER,LINEA UNDERWARE HOMBRE,BOXER,13311001
0201038930,1331XY TXXL AZTECA,BOXER,LINEA UNDERWARE HOMBRE,BOXER,13315009
0201042390,1356XY TXXL,BOXER,LINEA UNDERWARE HOMBRE,BOXER,13565008
0201042400,1356XY TXL,BOXER,LINEA UNDERWARE HOMBRE,BOXER,13564001
0201042410,1356XY TL,BOXER,LINEA UNDERWARE HOMBRE,BOXER,13563004
0201042420,1356XY TM,BOXER,LINEA UNDERWARE HOMBRE,BOXER,13562007
0201042430,1356XY TS,BOXER,LINEA UNDERWARE HOMBRE,BOXER,13561000
0201042440,1358 XY TS,,LINEA UNDERWARE HOMBRE,BOXER,13581008
0201042450,1358XY TM,,LINEA UNDERWARE HOMBRE,BOXER,13582005
0201042460,1358XY TL,,LINEA UNDERWARE HOMBRE,BOXER,13583002
0201042470,1358XY TXL,,LINEA UNDERWARE HOMBRE,BOXER,13584009
0201042480,1358XY TXXL,,LINEA UNDERWARE HOMBRE,BOXER,13585006
0201042490,1331XY TL,,LINEA UNDERWARE HOMBRE,BOXER,13313005
0201042500,1331XY TXL,,LINEA UNDERWARE HOMBRE,BOXER,13314002
0201043020,1001XY T6 VERDE,BOXER,LINEA UNDERWARE HOMBRE,BOXER,10016008
0201043030,1001XY T12 AZUL,BOXER,LINEA UNDERWARE HOMBRE,BOXER,10011201
0201043040,1001XY T4 AZUL,BOXER,LINEA UNDERWARE HOMBRE,BOXER,10014004
0201043050,1001XY T10 VERDE,BOXER,LINEA UNDERWARE HOMBRE,BOXER,10011003
0201043060,1001XY T2 VERDE,BOXER,LINEA UNDERWARE HOMBRE,BOXER,10012000
0201043070,1001XY T8 AZUL,BOXER,LINEA UNDERWARE HOMBRE,BOXER,10018002
0201043080,1008XY T6 BLANCO,BOXER,LINEA UNDERWARE HOMBRE,BOXER,10086001
0201043090,1008XY T8 BLANCO,BOXER,LINEA UNDERWARE HOMBRE,BOXER,10088005
0201043100,1008XY T10 NEGRO,BOXER,LINEA UNDERWARE HOMBRE,BOXER,10081006
0201043110,1008XY T12 NEGRO,BOXER,LINEA UNDERWARE HOMBRE,BOXER,10081204
0202002120,2003XY T10,SLIP,LINEA UNDERWARE HOMBRE,SLIP,20031008
0202002130,2003XY T12,SLIP,LINEA UNDERWARE HOMBRE,SLIP,20031206
0202002140,2003XY T2,SLIP,LINEA UNDERWARE HOMBRE,SLIP,20032005
0202002150,2003XY T4,SLIP,LINEA UNDERWARE HOMBRE,SLIP,20034009
0202002160,2003XY T6,SLIP,LINEA UNDERWARE HOMBRE,SLIP,20036003
0202002170,2003XY T8,SLIP,LINEA UNDERWARE HOMBRE,SLIP,20038007
0202002180,202XY T10,SLIP,LINEA UNDERWARE HOMBRE,SLIP,20201005
0202002190,2300XY TS SLIP,SLIP,LINEA UNDERWARE HOMBRE,SLIP,23001008
0202002200,2300XY TM SLIP,SLIP,LINEA UNDERWARE HOMBRE,SLIP,23002005
0202002210,2300XY TL SLIP,SLIP,LINEA UNDERWARE HOMBRE,SLIP,23003002
0202002220,2300XY TXL SLIP,SLIP,LINEA UNDERWARE HOMBRE,SLIP,23004009
0202002230,2300XY TXXL SLIP,SLIP,LINEA UNDERWARE HOMBRE,SLIP,23005006
0202002240,2300XY TXXXL SLIP,SLIP,LINEA UNDERWARE HOMBRE,SLIP,23006003
0202002250,2430XY TS,SLIP,LINEA UNDERWARE HOMBRE,SLIP,24301008
0202002260,2430XY TM,SLIP,LINEA UNDERWARE HOMBRE,SLIP,24302005
0202002270,2430XY TL,SLIP,LINEA UNDERWARE HOMBRE,SLIP,24303002
0202002280,2430XY TXL,SLIP,LINEA UNDERWARE HOMBRE,SLIP,24304009
0202002290,2430XY TXXL,SLIP,LINEA UNDERWARE HOMBRE,SLIP,24305006
0202002300,2430XY TXXXL,SLIP,LINEA UNDERWARE HOMBRE,SLIP,24306003
0202002310,2450XY TS,SLIP,LINEA UNDERWARE HOMBRE,SLIP,24501002
0202002320,2450XY TM,SLIP,LINEA UNDERWARE HOMBRE,SLIP,24502009
0202002330,2450XY TL,SLIP,LINEA UNDERWARE HOMBRE,SLIP,24503006
0202002340,2450XY TXL,SLIP,LINEA UNDERWARE HOMBRE,SLIP,24504003
0202002350,2450XY TXXL,SLIP,LINEA UNDERWARE HOMBRE,SLIP,24505000
0202002360,2490XY TS,SLIP,LINEA UNDERWARE HOMBRE,SLIP,24901000
0202002370,2490XY TM,SLIP,LINEA UNDERWARE HOMBRE,SLIP,24902007
0202002380,2490XY TL,SLIP,LINEA UNDERWARE HOMBRE,SLIP,24903004
0202002390,2490XY TXL,SLIP,LINEA UNDERWARE HOMBRE,SLIP,24904001
0202002400,2490XY TXXL,SLIP,LINEA UNDERWARE HOMBRE,SLIP,24905008
0303012030,4100XY TS MANGA CORTA,REMERA,INDUMENTARIA,REMERA,41001004
0303012040,4100XY TM MANGA CORTA,REMERA,INDUMENTARIA,REMERA,41002001
0303012050,4100XY TL MANGA CORTA,REMERA,INDUMENTARIA,REMERA,41003008
0303012060,4100XY TXL MANGA CORTA,REMERA,INDUMENTARIA,REMERA,41004005
0303012070,4110XY TS MANGA CORTA,REMERA,INDUMENTARIA,REMERA,41101004
0303012080,4110XY TM MANGA CORTA,REMERA,INDUMENTARIA,REMERA,41102008
0303012090,4110XY TL MANGA CORTA,REMERA,INDUMENTARIA,REMERA,41103005
0303012100,4110XY TXL MANGA CORTA,REMERA,INDUMENTARIA,REMERA,41104002
0303012110,6100XY TS,REMERA,INDUMENTARIA,REMERA,61001008
0303012120,6100XY TM,REMERA,INDUMENTARIA,REMERA,61002005
0303012130,6100XY TL,REMERA,INDUMENTARIA,REMERA,61003002
0303012140,6100XY TXL,REMERA,INDUMENTARIA,REMERA,61004009
0306003310,8030XY TXXL PANTALON,PANTALON,INDUMENTARIA,PANTALON,80305002
0306003320,8030XY TXL PANTALON,PANTALON,INDUMENTARIA,PANTALON,80304005
0306003330,8030XY TL PANTALON,PANTALON,INDUMENTARIA,PANTALON,80303008
0306003340,8030XY TS PANTALON,PANTALON,INDUMENTARIA,PANTALON,80301004
0306003350,8030XY TM PANTALON,PANTALON,INDUMENTARIA,PANTALON,80302001
0307000950,8020XY BABUCHA DE JERSEY,BABUCHA,INDUMENTARIA,BABUCHA,8020XY
0307000960,8030XY BABUCHA DE JERSEY,BABUCHA,INDUMENTARIA,BABUCHA,8030XY
0319002260,4000XY TS MANGA LARGA,CAMISETA,INDUMENTARIA,CAMISETA,40001005
0319002270,4000XY TM MANGA LARGA,CAMISETA,INDUMENTARIA,CAMISETA,40002002
0319002280,4000XY TL MANGA LARGA,CAMISETA,INDUMENTARIA,CAMISETA,40003009
0319002290,4000XY TXL MANGA LARGA,CAMISETA,INDUMENTARIA,CAMISETA,40004006
0319002300,4010XY TS MANGA LARGA,CAMISETA,INDUMENTARIA,CAMISETA,40101002
0319002310,4010XY TM MANGA LARGA,CAMISETA,INDUMENTARIA,CAMISETA,40102009
0319002320,4010XY TL MANGA LARGA,CAMISETA,INDUMENTARIA,CAMISETA,40103006
0319002330,4010XY TXL MANGA LARGA,CAMISETA,INDUMENTARIA,CAMISETA,40104003
0319002340,4200XY TS MANGA LARGA,CAMISETA,INDUMENTARIA,CAMISETA,42001003
0319002350,4200XY TM MANGA LARGA,CAMISETA,INDUMENTARIA,CAMISETA,42002000
0319002360,4200XY TL MANGA LARGA,CAMISETA,INDUMENTARIA,CAMISETA,42003007
0319002370,4200XY TXL MANGA LARGA,CAMISETA,INDUMENTARIA,CAMISETA,42004004
0319002380,6000XY TS,CAMISETA,INDUMENTARIA,CAMISETA,60001009
0319002390,6000XY TM,CAMISETA,INDUMENTARIA,CAMISETA,60002006
0319002400,6000XY TL,CAMISETA,INDUMENTARIA,CAMISETA,60003003
0319002410,6000XY TXL,CAMISETA,INDUMENTARIA,CAMISETA,60004000
0319002420,6000XY TXXL,CAMISETA,INDUMENTARIA,CAMISETA,60005007
0319002430,6050XY CAMISETA TERM T2 AL T12,CAMISETA,INDUMENTARIA,CAMISETA,6050XY
0319002440,6050XY CAMISETA TERM T14,CAMISETA,INDUMENTARIA,CAMISETA,6050XY1
0319002450,6100XY CAMISETA,CAMISETA,INDUMENTARIA,CAMISETA,6100XY
0319003410,6050XY T12 CAMISETA,CAMISETA,INDUMENTARIA,CAMISETA,60501202
0319003420,6050XY T14 CAMISETA,CAMISETA,INDUMENTARIA,CAMISETA,60501400
0319003430,6100XY S CAMISETA,CAMISETA,INDUMENTARIA,CAMISETA,61101008
0319003440,6100XY M CAMISETA,CAMISETA,INDUMENTARIA,CAMISETA,61102005
0319003450,6100XY L CAMISETA,CAMISETA,INDUMENTARIA,CAMISETA,61103002
0319003460,6100XY XL CAMISETA,CAMISETA,INDUMENTARIA,CAMISETA,61104009
0319003470,6050XY T6 CAMISETA,CAMISETA,INDUMENTARIA,CAMISETA,60506009
0319003480,6050XY T8 CAMISETA,CAMISETA,INDUMENTARIA,CAMISETA,60508003
0319003490,4110XY TS CAMISETA,CAMISETA,INDUMENTARIA,CAMISETA,41101001
0602041990,8041XY TS PIJAMA,PIJAMA,ROPA DE DORMIR,PIJAMA,80411000
0602042000,8041XY TXXL PIJAMA,PIJAMA,ROPA DE DORMIR,PIJAMA,80415008
0602042010,8090XY T12 PIJAMA,PIJAMA,ROPA DE DORMIR,PIJAMA,80901204
0602042020,8090XY T14 PIJAMA,PIJAMA,ROPA DE DORMIR,PIJAMA,80901402
0602042030,8090XY T2 PIJAMA,PIJAMA,ROPA DE DORMIR,PIJAMA,80902003
0602042040,8090XY T4 PIJAMA,PIJAMA,ROPA DE DORMIR,PIJAMA,80904007
0602042050,8090XY T6 PIJAMA,PIJAMA,ROPA DE DORMIR,PIJAMA,80906001
0602042060,8090XY T8 PIJAMA,PIJAMA,ROPA DE DORMIR,PIJAMA,80908005
0602042070,8041XY TL PIJAMA,PIJAMA,ROPA DE DORMIR,PIJAMA,80413004
0602042080,8041XY TM PIJAMA,PIJAMA,ROPA DE DORMIR,PIJAMA,80412007
0602042090,8041XY TXL PIJAMA,PIJAMA,ROPA DE DORMIR,PIJAMA,80414001
0602042100,8090XY T10 PIJAMA,PIJAMA,ROPA DE DORMIR,PIJAMA,80901006
