Codigo,Descripcion,Descadicional,Familia,Codbarra,marca
0701001240,6205MK PACK X2,CONJUNTO,MEDIAS,6205MK,mkmedias
0701001250,6102MK Pack x3 Soquetes Inv,SOQUETES,MEDIAS,61020003,mkmedias
0701001260,6102MK Pack x3 Soquetes Inv,SOQUETES,MEDIAS,61020006,mkmedias
0701001270,6103MK Pack x2 Soquetes Inv,SOQUETES,MEDIAS,61030034,mkmedias
0701001280,6103MK Pack x2 Soquetes Inv,SOQUETES,MEDIAS,61030070,mkmedias
0701001290,6106MK Pack x2 Soquetes Inv,SOQUETES,MEDIAS,61060047,mkmedias
0701001300,6106MK Pack x2 Soquetes Inv,SOQUETES,MEDIAS,61060056,mkmedias
0701001310,6108MK Pack x2 Soquetes Inv,SOQUETES,MEDIAS,61080034,mkmedias
0701001320,6108MK Pack x2 Soquetes Inv,SOQUETES,MEDIAS,61080070,mkmedias
0701001330,6109MK Pack x2 Soquetes Inv,SOQUETES,MEDIAS,61090006,mkmedias
0701001340,6112MK Pack x2 Soquetes Inv,SOQUETES,MEDIAS,61120023,mkmedias
0701001350,6112MK Pack x2 Soquetes Inv,SOQUETES,MEDIAS,61120047,mkmedias
0701001360,6114MK Pack x2 Soquetes Inv,SOQUETES,MEDIAS,61140034,mkmedias
0701001370,61140MK PACK X2 SOQUETES INV.,SOQUETES,MEDIAS,61140047,mkmedias
0701001380,6114MK Pack x2 Soquetes Inv,SOQUETES,MEDIAS,61140056,mkmedias
0701001390,61500MK MEDIAS MK,SOQUETES,MEDIAS,61500099,mkmedias
0701001400,61500MK MEDIAS MK,SOQUETES,MEDIAS,61501299,mkmedias
0701001410,6202MK Pack x2 Soquetes c/m,SOQUETES,MEDIAS,62020003,mkmedias
0701001420,6202MK Pack x2 Soquetes c/m,SOQUETES,MEDIAS,62020006,mkmedias
0701001430,6207MK Pack x2 Soquetes c/m,SOQUETES,MEDIAS,62070023,mkmedias
0701001440,6207MK Pack x2 Soquetes c/m,SOQUETES,MEDIAS,62070070,mkmedias
0701001450,6208MK Pack x2 Soquetes c/m,SOQUETES,MEDIAS,62080034,mkmedias
0701001460,6208MK Pack x2 Soquetes c/m,SOQUETES,MEDIAS,62080070,mkmedias
0701001470,6211MK Pack x2 Soquetes c/m,SOQUETES,MEDIAS,62110034,mkmedias
0701001480,6213MK Pack x2 Soquetes c/m,SOQUETES,MEDIAS,62130003,mkmedias
0701001490,6213MK Pack x2 Soquetes c/m,SOQUETES,MEDIAS,62130019,mkmedias
0701001500,6100MK Pack x3 Soquetes Inv,SOQUETES,MEDIAS,610000901,mkmedias
0701001510,6100MK Pack x3 Soquetes Inv,SOQUETES,MEDIAS,610000902,mkmedias
0701001520,6100MK Pack x3 Soquetes Inv,SOQUETES,MEDIAS,610000903,mkmedias
0701001530,6103MK Pack x2 Soquetes Inv,SOQUETES,MEDIAS,610300334,mkmedias
0701001540,6104MK Pack x2 Soquetes Inv,SOQUETES,MEDIAS,610400361,mkmedias
0701001550,6104MK Pack x2 Soquetes Inv,SOQUETES,MEDIAS,610400365,mkmedias
0701001560,6104MK Pack x2 Soquetes Inv,SOQUETES,MEDIAS,610400381,mkmedias
0701001570,6108MK Pack x2 Soquetes Inv,SOQUETES,MEDIAS,610800334,mkmedias
0701001580,6109MK Pack x2 Soquetes Inv,SOQUETES,MEDIAS,610900335,mkmedias
0701001590,6110MK Pack x3 Soquetes Inv,SOQUETES,MEDIAS,611000334,mkmedias
0701001600,6110MK Pack x3 Soquetes Inv,SOQUETES,MEDIAS,611000335,mkmedias
0701001610,61140MK MEDIAS MK,SOQUETES,MEDIAS,611400099,mkmedias
0701001620,61140MK SOQUETE COFFE RABBIT,SOQUETES,MEDIAS,611401299,mkmedias
0701001630,61141MK MEDIAS MK,SOQUETES,MEDIAS,611410099,mkmedias
0701001640,61141MK MEDIAS MK COLIBRI,SOQUETES,MEDIAS,611411299,mkmedias
0701001650,61142MK MEDIAS MK,SOQUETES,MEDIAS,611420099,mkmedias
0701001660,61142MK MEDIAS MK DOODLES,SOQUETES,MEDIAS,611421299,mkmedias
0701001670,61143MK MEDIAS INVISIBLE MK,SOQUETES,MEDIAS,611430099,mkmedias
0701001680,61143MK,SOQUETES,MEDIAS,611431299,mkmedias
0701001690,61144MK MEDIAS MK,SOQUETES,MEDIAS,611440099,mkmedias
0701001700,61144MK MEDIAS MK TORTUGA RELA,SOQUETES,MEDIAS,611441299,mkmedias
0701001710,61145MK MEDIAS MK,SOQUETES,MEDIAS,611450099,mkmedias
0701001720,61145MK MEDIAS MK,SOQUETES,MEDIAS,611451299,mkmedias
0701001730,61146MK MEDIAS MK,SOQUETES,MEDIAS,611460099,mkmedias
0701001740,61146MK,SOQUETES,MEDIAS,611461299,mkmedias
0701001750,61147MK MEDIAS MK,SOQUETES,MEDIAS,611470099,mkmedias
0701001760,6150MK MEDIAS MK,SOQUETES,MEDIAS,615000099,mkmedias
0701001770,61501MK MEDIAS,SOQUETES,MEDIAS,615010099,mkmedias
0701001780,6200MK Pack x3 Soquetes c/m,SOQUETES,MEDIAS,620000901,mkmedias
0701001790,6200MK Pack x3 Soquetes c/m,SOQUETES,MEDIAS,620000902,mkmedias
0701001800,6200MK Pack x3 Soquetes c/m,SOQUETES,MEDIAS,620000903,mkmedias
0701001810,6201MK Pack x3 Soquetes c/m,SOQUETES,MEDIAS,620100901,mkmedias
0701001820,6201MK Pack x3 Soquetes c/m,SOQUETES,MEDIAS,620100904,mkmedias
0701001830,6204MK Pack x2 Soquetes c/r,SOQUETES,MEDIAS,620400361,mkmedias
0701001840,6204MK Pack x2 Soquetes c/r,SOQUETES,MEDIAS,620400365,mkmedias
0701001850,6204MK Pack x2 Soquetes c/r,SOQUETES,MEDIAS,620400381,mkmedias
0701001860,6205MK Pack x2 Soquetes lis,SOQUETES,MEDIAS,620500132,mkmedias
0701001870,6205MK Pack x2 Soquetes lis,SOQUETES,MEDIAS,620500371,mkmedias
0701001880,6205MK Pack x2 Soquetes lis,SOQUETES,MEDIAS,620500377,mkmedias
0701001890,6208MK Pack x2 Soquetes c/m,SOQUETES,MEDIAS,620800334,mkmedias
0701001900,6211MK Pack x2 Soquetes c/m,SOQUETES,MEDIAS,621100334,mkmedias
0701001910,62146MK MEDIAS,SOQUETES,MEDIAS,621460099,mkmedias
0701001920,62148MK MEDIAS MK,SOQUETES,MEDIAS,621480099,mkmedias
0701001930,62149MK MEDIAS MK,SOQUETES,MEDIAS,621490099,mkmedias
0701001940,62150MK MEDIAS MK,SOQUETES,MEDIAS,621500099,mkmedias
0701001950,62151MK MEDIAS MK,SOQUETES,MEDIAS,621510099,mkmedias
0701001960,62152MK MEDIAS MK,SOQUETES,MEDIAS,621520099,mkmedias
0701001970,62153MK MEDIAS MK,SOQUETES,MEDIAS,621530099,mkmedias
0701001980,62154MK MEDIAS MK,SOQUETES,MEDIAS,621540099,mkmedias
0701001990,62155MK MEDIAS MK,SOQUETES,MEDIAS,621550099,mkmedias
0701002000,62156MK MEDIAS MK,SOQUETES,MEDIAS,621560099,mkmedias
0701002010,62157MK MEDIAS MK,SOQUETES,MEDIAS,621570099,mkmedias
0701002020,65200MK MEDIAS MK,SOQUETES,MEDIAS,652000099,mkmedias
0701002030,65200MK MEDIAS MK,SOQUETES,MEDIAS,652001299,mkmedias
0701002040,6000MK MEDIAS MK,SOQUETES,MEDIAS,6000MK,mkmedias
0701002050,6000MKP PACK  X3 MEDIAS MK,SOQUETES,MEDIAS,6000MKP,mkmedias
0701002060,6000MKP2 PACK  X2 MEDIAS MK,SOQUETES,MEDIAS,6000MKP2,mkmedias
0701002070,60100MK MEDIAS MK,SOQUETES,MEDIAS,60100MK,mkmedias
0701002080,60101MK  MEDIAS,SOQUETES,MEDIAS,60101MK,mkmedias
0701002090,60102MK  MEDIAS,SOQUETES,MEDIAS,60102MK,mkmedias
0701002100,60103MK  MEDIAS,SOQUETES,MEDIAS,60103MK,mkmedias
0701002110,60104MK  MEDIAS,SOQUETES,MEDIAS,60104MK,mkmedias
0701002120,60105MK  MEDIAS,SOQUETES,MEDIAS,60105MK,mkmedias
0701002130,60106MK  MEDIAS,SOQUETES,MEDIAS,60106MK,mkmedias
0701002140,60107MK  MEDIAS,SOQUETES,MEDIAS,60107MK,mkmedias
0701002150,60108MK  MEDIAS,SOQUETES,MEDIAS,60108MK,mkmedias
0701002160,60109MK  MEDIAS,SOQUETES,MEDIAS,60109MK,mkmedias
0701002170,60110MK  MEDIAS,SOQUETES,MEDIAS,60110MK,mkmedias
0701002180,60111MK  MEDIAS,SOQUETES,MEDIAS,60111MK,mkmedias
0701002190,60112MK  MEDIAS,SOQUETES,MEDIAS,60112MK,mkmedias
0701002200,60113MK  MEDIAS,SOQUETES,MEDIAS,60113MK,mkmedias
0701002210,60114MK  MEDIAS,SOQUETES,MEDIAS,60114MK,mkmedias
0701002220,60115MK MEDIAS,SOQUETES,MEDIAS,60115MK,mkmedias
0701002230,60116MK MEDIAS,SOQUETES,MEDIAS,60116MK,mkmedias
0701002240,60117MK MEDIAS,SOQUETES,MEDIAS,60117MK,mkmedias
0701002250,60118MK MEDIAS,SOQUETES,MEDIAS,60118MK,mkmedias
0701002260,60119MK MEDIAS,SOQUETES,MEDIAS,60119MK,mkmedias
0701002270,60120MK MEDIAS,SOQUETES,MEDIAS,60120MK,mkmedias
0701002280,60500MK MEDIAS MK,SOQUETES,MEDIAS,60500MK,mkmedias
0701002290,60501MK MEDIAS,SOQUETES,MEDIAS,60501MK,mkmedias
0701002300,60502MK MEDIAS,SOQUETES,MEDIAS,60502MK,mkmedias
0701002310,60503MK MEDIAS,SOQUETES,MEDIAS,60503MK,mkmedias
0701002320,60504MK MEDIAS INVISIBLES HOMB,SOQUETES,MEDIAS,60504MK,mkmedias
0701002330,6052MK  MEDIAS,SOQUETES,MEDIAS,6052MK,mkmedias
0701002340,6053MK  MEDIAS,SOQUETES,MEDIAS,6053MK,mkmedias
0701002350,6063MK  MEDIAS,SOQUETES,MEDIAS,6063MK,mkmedias
0701002360,6064MK  MEDIAS,SOQUETES,MEDIAS,6064MK,mkmedias
0701002370,6089MK MEDIAS MK,SOQUETES,MEDIAS,6089MK,mkmedias
0701002380,6090MK MEDIAS MK,SOQUETES,MEDIAS,6090MK,mkmedias
0701002390,6094MK MEDIAS MK,SOQUETES,MEDIAS,6094MK,mkmedias
0701002400,6095MK MEDIAS MK,SOQUETES,MEDIAS,6095MK,mkmedias
0701002410,6097MK MEDIAS MK,SOQUETES,MEDIAS,6097MK,mkmedias
0701002420,6098MK MEDIAS MK,SOQUETES,MEDIAS,6098MK,mkmedias
0701002430,6100MK  MEDIAS MK SOQ EVERY DA,SOQUETES,MEDIAS,6100MK,mkmedias
0701002440,6100MKP PACK X3 MEDIAS MK EVER,SOQUETES,MEDIAS,6100MKP,mkmedias
0701002450,6100MKP2 PACK X2 MEDIAS MK EVE,SOQUETES,MEDIAS,6100MKP2,mkmedias
0701002460,6101MK  MEDIAS MK,SOQUETES,MEDIAS,6101MK,mkmedias
0701002470,6102MK MEDIAS MK,SOQUETES,MEDIAS,6102MK,mkmedias
0701002480,6102MKP MEDIAS MK PACK X3,SOQUETES,MEDIAS,6102MKP,mkmedias
0701002490,6103MK MEDIAS MK,SOQUETES,MEDIAS,6103MK,mkmedias
0701002500,6103MKP MEDIAS MK PACK X 2,SOQUETES,MEDIAS,6103MKP,mkmedias
0701002510,6104MK  MEDIAS MK,SOQUETES,MEDIAS,6104MK,mkmedias
0701002520,6104MKP  MEDIAS MK PACK X2,SOQUETES,MEDIAS,6104MKP,mkmedias
0701002530,6105MK  MEDIAS MK,SOQUETES,MEDIAS,6105MK,mkmedias
0701002540,6106MK  MEDIAS MK,SOQUETES,MEDIAS,6106MK,mkmedias
0701002550,6106MKP  MEDIAS MK PACK X2,SOQUETES,MEDIAS,6106MKP,mkmedias
0701002560,61100MK  MEDIAS,SOQUETES,MEDIAS,61100MK,mkmedias
0701002570,61101MK MEDIAS MK,SOQUETES,MEDIAS,61101MK,mkmedias
0701002580,61102MK MEDIAS MK,SOQUETES,MEDIAS,61102MK,mkmedias
0701002590,61104MK MEDIAS MK,SOQUETES,MEDIAS,61104MK,mkmedias
0701002600,61105MK MEDIAS MK,SOQUETES,MEDIAS,61105MK,mkmedias
0701002610,61106MK MEDIAS MK,SOQUETES,MEDIAS,61106MK,mkmedias
0701002620,61107MK MEDIAS MK,SOQUETES,MEDIAS,61107MK,mkmedias
0701002630,61108MK  MEDIAS,SOQUETES,MEDIAS,61108MK,mkmedias
0701002640,61109MK  MEDIAS,SOQUETES,MEDIAS,61109MK,mkmedias
0701002650,61110MK  MEDIAS,SOQUETES,MEDIAS,61110MK,mkmedias
0701002660,61111MK  MEDIAS,SOQUETES,MEDIAS,61111MK,mkmedias
0701002670,61112MK  MEDIAS,SOQUETES,MEDIAS,61112MK,mkmedias
0701002680,61113MK  MEDIAS,SOQUETES,MEDIAS,61113MK,mkmedias
0701002690,61115MK MEDIAS MK,SOQUETES,MEDIAS,61115MK,mkmedias
0701002700,61116MK MEDIAS MK,SOQUETES,MEDIAS,61116MK,mkmedias
0701002710,61117MK MEDIAS MK,SOQUETES,MEDIAS,61117MK,mkmedias
0701002720,61118MK MEDIAS MK,SOQUETES,MEDIAS,61118MK,mkmedias
0701002730,61119MK MEDIAS MK,SOQUETES,MEDIAS,61119MK,mkmedias
0701002740,61120MK  MEDIAS,SOQUETES,MEDIAS,61120MK,mkmedias
0701002750,61121MK  MEDIAS,SOQUETES,MEDIAS,61121MK,mkmedias
0701002760,61122MK  MEDIAS,SOQUETES,MEDIAS,61122MK,mkmedias
0701002770,61123MK  MEDIAS,SOQUETES,MEDIAS,61123MK,mkmedias
0701002780,61124MK  MEDIAS,SOQUETES,MEDIAS,61124MK,mkmedias
0701002790,61125MK  MEDIAS,SOQUETES,MEDIAS,61125MK,mkmedias
0701002800,61126MK  MEDIAS,SOQUETES,MEDIAS,61126MK,mkmedias
0701002810,61127MK MEDIAS MK,SOQUETES,MEDIAS,61127MK,mkmedias
0701002820,61128MK MEDIAS MK,SOQUETES,MEDIAS,61128MK,mkmedias
0701002830,61129MK MEDIAS MK,SOQUETES,MEDIAS,61129MK,mkmedias
0701002840,61130MK MEDIAS MK,SOQUETES,MEDIAS,61130MK,mkmedias
0701002850,61131MK MEDIAS MK,SOQUETES,MEDIAS,61131MK,mkmedias
0701002860,61132MK MEDIAS MK,SOQUETES,MEDIAS,61132MK,mkmedias
0701002870,61133MK MEDIAS MK,SOQUETES,MEDIAS,61133MK,mkmedias
0701002880,61134MK MEDIAS,SOQUETES,MEDIAS,61134MK,mkmedias
0701002890,61135MK MEDIAS,SOQUETES,MEDIAS,61135MK,mkmedias
0701002900,61136MK MEDIAS,SOQUETES,MEDIAS,61136MK,mkmedias
0701002910,61137MK MEDIAS,SOQUETES,MEDIAS,61137MK,mkmedias
0701002920,61138MK MEDIAS,SOQUETES,MEDIAS,61138MK,mkmedias
0701002930,61139MK MEDIAS,SOQUETES,MEDIAS,61139MK,mkmedias
0701002940,61140MK MEDIAS SOQUETE MK,SOQUETES,MEDIAS,61140MK,mkmedias
0701002950,61141MK MEDIAS SOQUETE MK,SOQUETES,MEDIAS,61141MK,mkmedias
0701002960,61142MK MEDIAS SOQUETE MK,SOQUETES,MEDIAS,61142MK,mkmedias
0701002970,61143MK MEDIAS INVISIBLE MK,SOQUETES,MEDIAS,61143MK,mkmedias
0701002980,61144MK MEDIAS SOQUETE MK,SOQUETES,MEDIAS,61144MK,mkmedias
0701002990,61145MK MEDIAS INVISIBLE WINTE,SOQUETES,MEDIAS,61145MK,mkmedias
0701003000,61146MK MEDIAS SOQUETE MK,SOQUETES,MEDIAS,61146MK,mkmedias
0701003010,61147MK MEDIAS SOQUETE MK,SOQUETES,MEDIAS,61147MK,mkmedias
0701003020,6117MK  MEDIAS MK,SOQUETES,MEDIAS,6117MK,mkmedias
0701003030,6118MK  MEDIAS MK,SOQUETES,MEDIAS,6118MK,mkmedias
0701003040,6122MK  MEDIAS MK,SOQUETES,MEDIAS,6122MK,mkmedias
0701003050,6126MK  MEDIAS MK,SOQUETES,MEDIAS,6126MK,mkmedias
0701003060,6127MK  MEDIAS MK,SOQUETES,MEDIAS,6127MK,mkmedias
0701003070,6128MK  MEDIAS MK,SOQUETES,MEDIAS,6128MK,mkmedias
0701003080,6129MK  MEDIAS MK,SOQUETES,MEDIAS,6129MK,mkmedias
0701003090,6130MK  MEDIAS MK,SOQUETES,MEDIAS,6130MK,mkmedias
0701003100,6131MK  MEDIAS MK,SOQUETES,MEDIAS,6131MK,mkmedias
0701003110,6132MK  MEDIAS MK,SOQUETES,MEDIAS,6132MK,mkmedias
0701003120,6133MK  MEDIAS MK,SOQUETES,MEDIAS,6133MK,mkmedias
0701003130,6146MK  MEDIAS MK,SOQUETES,MEDIAS,6146MK,mkmedias
0701003140,6148MK  MEDIAS MK,SOQUETES,MEDIAS,6148MK,mkmedias
0701003150,61500MK MEDIAS MK,SOQUETES,MEDIAS,61500MK,mkmedias
0701003160,61501MK MEDIAS,SOQUETES,MEDIAS,61501MK,mkmedias
0701003170,61502MK  MEDIAS,SOQUETES,MEDIAS,61502MK,mkmedias
0701003180,61503MK MEDIAS,SOQUETES,MEDIAS,61503MK,mkmedias
0701003190,61504MK MEDIAS,SOQUETES,MEDIAS,61504MK,mkmedias
0701003200,6150MK  MEDIAS MK,SOQUETES,MEDIAS,6150MK,mkmedias
0701003210,6151MK  MEDIAS MK,SOQUETES,MEDIAS,6151MK,mkmedias
0701003220,6154MK  MEDIAS,SOQUETES,MEDIAS,6154MK,mkmedias
0701003230,6155MK  MEDIAS,SOQUETES,MEDIAS,6155MK,mkmedias
0701003240,6156MK MEDIAS MK,SOQUETES,MEDIAS,6156MK,mkmedias
0701003250,6159MK  MEDIAS,SOQUETES,MEDIAS,6159MK,mkmedias
0701003260,6160MK  MEDIAS,SOQUETES,MEDIAS,6160MK,mkmedias
0701003270,6161MK  MEDIAS,SOQUETES,MEDIAS,6161MK,mkmedias
0701003280,6162MK  MEDIAS,SOQUETES,MEDIAS,6162MK,mkmedias
0701003290,6165MK  MEDIAS,SOQUETES,MEDIAS,6165MK,mkmedias
0701003300,6166MK  MEDIAS,SOQUETES,MEDIAS,6166MK,mkmedias
0701003310,6168MK  MEDIAS MK,SOQUETES,MEDIAS,6168MK,mkmedias
0701003320,6169MK  MEDIAS MK,SOQUETES,MEDIAS,6169MK,mkmedias
0701003330,6171MK  MEDIAS MK,SOQUETES,MEDIAS,6171MK,mkmedias
0701003340,6180MK  MEDIAS MK,SOQUETES,MEDIAS,6180MK,mkmedias
0701003350,6187MK MEDIAS MK,SOQUETES,MEDIAS,6187MK,mkmedias
0701003360,6191MK MEDIAS MK,SOQUETES,MEDIAS,6191MK,mkmedias
0701003370,6192MK MEDIAS MK,SOQUETES,MEDIAS,6192MK,mkmedias
0701003380,6193MK MEDIAS MK,SOQUETES,MEDIAS,6193MK,mkmedias
0701003390,6196MK MEDIAS MK,SOQUETES,MEDIAS,6196MK,mkmedias
0701003400,6197MK  MEDIAS,SOQUETES,MEDIAS,6197MK,mkmedias
0701003410,6198MK  MEDIAS,SOQUETES,MEDIAS,6198MK,mkmedias
0701003420,6199MK  MEDIAS,SOQUETES,MEDIAS,6199MK,mkmedias
0701003430,6200MK MEDIAS SOQUETE,SOQUETES,MEDIAS,6200MK,mkmedias
0701003440,6200MKP PACK X2 3/4,SOQUETES,MEDIAS,6200MKP,mkmedias
0701003450,6201MK MEDIAS MK SOQ,SOQUETES,MEDIAS,6201MK,mkmedias
0701003460,6201MKP PACK X3 SOQ,SOQUETES,MEDIAS,6201MKP,mkmedias
0701003470,6203 MK MEDIAS MK,SOQUETES,MEDIAS,6203MK,mkmedias
0701003480,6206MK  MEDIAS MK,SOQUETES,MEDIAS,6206MK,mkmedias
0701003490,6207MK  MEDIAS MK,SOQUETES,MEDIAS,6207MK,mkmedias
0701003500,6207MKP  MEDIAS MK PACK X2,SOQUETES,MEDIAS,6207MKP,mkmedias
0701003510,6208MK  MEDIAS MK,SOQUETES,MEDIAS,6208MK,mkmedias
0701003520,6208MKP  MEDIAS MK PACK X2,SOQUETES,MEDIAS,6208MKP,mkmedias
0701003530,6209MK  MEDIAS MK,SOQUETES,MEDIAS,6209MK,mkmedias
0701003540,62103MK MEDIAS MK,SOQUETES,MEDIAS,62103MK,mkmedias
0701003550,62104MK MEDIAS MK,SOQUETES,MEDIAS,62104MK,mkmedias
0701003560,62105MK MEDIAS MK,SOQUETES,MEDIAS,62105MK,mkmedias
0701003570,62106MK MEDIAS MK,SOQUETES,MEDIAS,62106MK,mkmedias
0701003580,62107MK MEDIAS MK,SOQUETES,MEDIAS,62107MK,mkmedias
0701003590,62108MK MEDIAS MK,SOQUETES,MEDIAS,62108MK,mkmedias
0701003600,62109MK MEDIAS MK,SOQUETES,MEDIAS,62109MK,mkmedias
0701003610,6210MK  MEDIAS MK,SOQUETES,MEDIAS,6210MK,mkmedias
0701003620,62110MK MEDIAS MK,SOQUETES,MEDIAS,62110MK,mkmedias
0701003630,62111MK MEDIAS MK,SOQUETES,MEDIAS,62111MK,mkmedias
0701003640,62112MK MEDIAS MK,SOQUETES,MEDIAS,62112MK,mkmedias
0701003650,62113MK MEDIAS MK,SOQUETES,MEDIAS,62113MK,mkmedias
0701003660,62114MK MEDIAS MK,SOQUETES,MEDIAS,62114MK,mkmedias
0701003670,62115MK MEDIAS MK,SOQUETES,MEDIAS,62115MK,mkmedias
0701003680,62116MK MEDIAS MK,SOQUETES,MEDIAS,62116MK,mkmedias
0701003690,62117MK  MEDIAS,SOQUETES,MEDIAS,62117MK,mkmedias
0701003700,62118MK  MEDIAS,SOQUETES,MEDIAS,62118MK,mkmedias
0701003710,6211MK  MEDIAS MK,SOQUETES,MEDIAS,6211MK,mkmedias
0701003720,6211MKP  MEDIAS MK PACK X2,SOQUETES,MEDIAS,6211MKP,mkmedias
0701003730,62120MK MEDIAS MK,SOQUETES,MEDIAS,62120MK,mkmedias
0701003740,62121MK MEDIAS MK,SOQUETES,MEDIAS,62121MK,mkmedias
0701003750,62122MK MEDIAS MK,SOQUETES,MEDIAS,62122MK,mkmedias
0701003760,62123MK MEDIAS MK,SOQUETES,MEDIAS,62123MK,mkmedias
0701003770,62124MK MEDIAS MK,SOQUETES,MEDIAS,62124MK,mkmedias
0701003780,62125MK MEDIAS MK,SOQUETES,MEDIAS,62125MK,mkmedias
0701003790,62126MK MEDIAS MK,SOQUETES,MEDIAS,62126MK,mkmedias
0701003800,62127MK MEDIAS MK,SOQUETES,MEDIAS,62127MK,mkmedias
0701003810,62128MK  MEDIAS,SOQUETES,MEDIAS,62128MK,mkmedias
0701003820,62129MK  MEDIAS,SOQUETES,MEDIAS,62129MK,mkmedias
0701003830,62130MK  MEDIAS,SOQUETES,MEDIAS,62130MK,mkmedias
0701003840,62131MK MEDIAS MK,SOQUETES,MEDIAS,62131MK,mkmedias
0701003850,62132MK MEDIAS MK,SOQUETES,MEDIAS,62132MK,mkmedias
0701003860,62133MK MEDIAS MK,SOQUETES,MEDIAS,62133MK,mkmedias
0701003870,62134MK MEDIAS MK,SOQUETES,MEDIAS,62134MK,mkmedias
0701003880,62135MK MEDIAS MK,SOQUETES,MEDIAS,62135MK,mkmedias
0701003890,62136MK MEDIAS MK,SOQUETES,MEDIAS,62136MK,mkmedias
0701003900,62137MK MEDIAS MK,SOQUETES,MEDIAS,62137MK,mkmedias
0701003910,62138MK MEDIAS MK,SOQUETES,MEDIAS,62138MK,mkmedias
0701003920,62139MK MEDIAS MK,SOQUETES,MEDIAS,62139MK,mkmedias
0701003930,6213MK  MEDIAS MK,SOQUETES,MEDIAS,6213MK,mkmedias
0701003940,6213MKP  MEDIAS MK PACK X2,SOQUETES,MEDIAS,6213MKP,mkmedias
0701003950,62140MK MEDIAS MK,SOQUETES,MEDIAS,62140MK,mkmedias
0701003960,62141MK MEDIAS MK,SOQUETES,MEDIAS,62141MK,mkmedias
0701003970,62142MK MEDIAS MK,SOQUETES,MEDIAS,62142MK,mkmedias
0701003980,62145MK MEDIAS,SOQUETES,MEDIAS,62145MK,mkmedias
0701003990,62146MK MEDIAS,SOQUETES,MEDIAS,62146MK,mkmedias
0701004000,62147MK MEDIAS,SOQUETES,MEDIAS,62147MK,mkmedias
0701004010,6215MK  MEDIAS MK,SOQUETES,MEDIAS,6215MK,mkmedias
0701004020,6219MK  MEDIAS MK,SOQUETES,MEDIAS,6219MK,mkmedias
0701004030,6220MK  MEDIAS MK,SOQUETES,MEDIAS,6220MK,mkmedias
0701004040,6221MK  MEDIAS MK,SOQUETES,MEDIAS,6221MK,mkmedias
0701004050,6222MK  MEDIAS MK,SOQUETES,MEDIAS,6222MK,mkmedias
0701004060,6223MK  MEDIAS MK,SOQUETES,MEDIAS,6223MK,mkmedias
0701004070,6224MK  MEDIAS MK,SOQUETES,MEDIAS,6224MK,mkmedias
0701004080,6225MK  MEDIAS MK,SOQUETES,MEDIAS,6225MK,mkmedias
0701004090,6226MK  MEDIAS MK,SOQUETES,MEDIAS,6226MK,mkmedias
0701004100,6229MK  MEDIAS MK,SOQUETES,MEDIAS,6229MK,mkmedias
0701004110,6234MK  MEDIAS MK,SOQUETES,MEDIAS,6234MK,mkmedias
0701004120,6235MK  MEDIAS MK,SOQUETES,MEDIAS,6235MK,mkmedias
0701004130,6236MK  PACK X2 MEDIAS MK,SOQUETES,MEDIAS,6236MK,mkmedias
0701004140,6237MK  PACK X2 MEDIAS MK,SOQUETES,MEDIAS,6237MK,mkmedias
0701004150,6239MK PACK X2 MEDIAS MK,SOQUETES,MEDIAS,6239MK,mkmedias
0701004160,6240MK  MEDIAS MK,SOQUETES,MEDIAS,6240MK,mkmedias
0701004170,6241MK  MEDIAS MK,SOQUETES,MEDIAS,6241MK,mkmedias
0701004180,6242MK  MEDIAS MK,SOQUETES,MEDIAS,6242MK,mkmedias
0701004190,6243MK  MEDIAS MK,SOQUETES,MEDIAS,6243MK,mkmedias
0701004200,6246MK  MEDIAS MK,SOQUETES,MEDIAS,6246MK,mkmedias
0701004210,6247MK  MEDIAS MK,SOQUETES,MEDIAS,6247MK,mkmedias
0701004220,6248MK  MEDIAS MK,SOQUETES,MEDIAS,6248MK,mkmedias
0701004230,62500MK MEDIAS MK,SOQUETES,MEDIAS,62500MK,mkmedias
0701004240,62501MK MEDIAS,SOQUETES,MEDIAS,62501MK,mkmedias
0701004250,62502MK MEDIAS,SOQUETES,MEDIAS,62502MK,mkmedias
0701004260,62503MK MEDIAS,SOQUETES,MEDIAS,62503MK,mkmedias
0701004270,62504MK MEDIAS,SOQUETES,MEDIAS,62504MK,mkmedias
0701004280,62505MK MEDIAS,SOQUETES,MEDIAS,62505MK,mkmedias
0701004290,62506MK MEDIAS CAÑA RAYADO,SOQUETES,MEDIAS,62506MK,mkmedias
0701004300,6250MK MEDIAS CAÑA PTO MORLEY,SOQUETES,MEDIAS,6250MK,mkmedias
0701004310,6256MK  MEDIAS,SOQUETES,MEDIAS,6256MK,mkmedias
0701004320,6257MK  MEDIAS,SOQUETES,MEDIAS,6257MK,mkmedias
0701004330,6267MK  MEDIAS,SOQUETES,MEDIAS,6267MK,mkmedias
0701004340,6268MK  MEDIAS MK,SOQUETES,MEDIAS,6268MK,mkmedias
0701004350,6272MK  MEDIAS MK,SOQUETES,MEDIAS,6272MK,mkmedias
0701004360,6275MK  MEDIAS MK,SOQUETES,MEDIAS,6275MK,mkmedias
0701004370,6276MK  MEDIAS MK,SOQUETES,MEDIAS,6276MK,mkmedias
0701004380,6277MK  MEDIAS MK,SOQUETES,MEDIAS,6277MK,mkmedias
0701004390,6279MK  MEDIAS MK,SOQUETES,MEDIAS,6279MK,mkmedias
0701004400,6281MK  MEDIAS MK,SOQUETES,MEDIAS,6281MK,mkmedias
0701004410,6285MK  MEDIAS MK,SOQUETES,MEDIAS,6285MK,mkmedias
0701004420,6288MK MEDIAS MK,SOQUETES,MEDIAS,6288MK,mkmedias
0701004430,6290MK MEDIAS MK,SOQUETES,MEDIAS,6290MK,mkmedias
0701004440,6299MK MEDIAS MK,SOQUETES,MEDIAS,6299MK,mkmedias
0701004450,6310MK  MEDIAS MK,SOQUETES,MEDIAS,6310MK,mkmedias
0701004460,6312MK  MEDIAS MK,SOQUETES,MEDIAS,6312MK,mkmedias
0701004470,6338MK  MEDIAS MK,SOQUETES,MEDIAS,6338MK,mkmedias
0701004480,6344MK  MEDIAS MK,SOQUETES,MEDIAS,6344MK,mkmedias
0701004490,6345MK  MEDIAS MK,SOQUETES,MEDIAS,6345MK,mkmedias
0701004500,6373MK  MEDIAS MK,SOQUETES,MEDIAS,6373MK,mkmedias
0701004510,6374MK  MEDIAS MK,SOQUETES,MEDIAS,6374MK,mkmedias
0701004520,6378MK  MEDIAS MK,SOQUETES,MEDIAS,6378MK,mkmedias
0701004530,6382MK  MEDIAS MK,SOQUETES,MEDIAS,6382MK,mkmedias
0701004540,6386MK   MEDIA LARGA DAMA,SOQUETES,MEDIAS,6386MK,mkmedias
0701004550,6387MK MEDIAS MK,SOQUETES,MEDIAS,6387MK,mkmedias
0701004560,6388MK MEDIAS MK,SOQUETES,MEDIAS,6388MK,mkmedias
0701004570,6389MK MEDIAS MK,SOQUETES,MEDIAS,6389MK,mkmedias
0701004580,6390MK MEDIAS MK,SOQUETES,MEDIAS,6390MK,mkmedias
0701004590,6391MK MEDIAS MK,SOQUETES,MEDIAS,6391MK,mkmedias
0701004600,6392MK MEDIAS MK,SOQUETES,MEDIAS,6392MK,mkmedias
0701004610,6393MK MEDIAS MK,SOQUETES,MEDIAS,6393MK,mkmedias
0701004620,6415MK  MEDIAS MK,SOQUETES,MEDIAS,6415MK,mkmedias
0701004630,6416MK  MEDIAS MK,SOQUETES,MEDIAS,6416MK,mkmedias
0701004640,6470MK  MEDIAS MK,SOQUETES,MEDIAS,6470MK,mkmedias
0701004650,6483MK  MEDIAS MK,SOQUETES,MEDIAS,6483MK,mkmedias
0701004660,6484MK MEDIAS MK,SOQUETES,MEDIAS,6484MK,mkmedias
0701004670,6485MK MEDIAS MK,SOQUETES,MEDIAS,6485MK,mkmedias
0701005430,6223MK PACK X2 SOQUETE,MEDIAS,MEDIAS,62230016,mkmedias
0701005440,6223MK PACK X2 SOQUETE,MEDIAS,MEDIAS,622300107,mkmedias
0701005450,6224MK PACK X2 SOQUETE,MEDIAS,MEDIAS,62240003,mkmedias
0701005460,6224MK PACK X2 SOQUETE,MEDIAS,MEDIAS,62240011,mkmedias
0701005470,6225MK PACK X2 SOQUETE,MEDIAS,MEDIAS,62250016,mkmedias
0701005480,6225MK PACK X2 SOQUETE,MEDIAS,MEDIAS,622500367,mkmedias
0701005490,6225MK PACK X2 SOQUETE,MEDIAS,MEDIAS,62250034,mkmedias
0701005500,6222MK PACK X2 SOQUETE,MEDIAS,MEDIAS,62220016,mkmedias
0701005510,6222MK PACK X2 SOQUETE,MEDIAS,MEDIAS,622200375,mkmedias
0701005520,6220MK PACK X2 SOQUETE,MEDIAS,MEDIAS,622000107,mkmedias
0701005530,6221MK PACK X2 SOQUETE,MEDIAS,MEDIAS,62210003,mkmedias
0701005540,6221MK PACK X2 SOQUETE,MEDIAS,MEDIAS,62210056,mkmedias
0701005550,6221MK PACK X2 SOQUETE,MEDIAS,MEDIAS,62210070,mkmedias
0701005560,6217MK PACK X2 SOQUETE,MEDIAS,MEDIAS,621700132,mkmedias
0701005570,6217MK PACK X2 SOQUETE,MEDIAS,MEDIAS,621700366,mkmedias
0701005580,6217MK PACK X2 SOQUETE,MEDIAS,MEDIAS,621700384,mkmedias
0701005590,6218MK PACK X2 SOQUETE,MEDIAS,MEDIAS,621800375,mkmedias
0701005600,6218MK PACK X2 SOQUETE,MEDIAS,MEDIAS,62180016,mkmedias
0701005610,6219MK PACK X2 SOQUETE,MEDIAS,MEDIAS,62190016,mkmedias
0701005620,6219MK PACK X2 SOQUETE,MEDIAS,MEDIAS,62190030,mkmedias
0701005630,6220MK PACK X2 SOQUETE,MEDIAS,MEDIAS,62200016,mkmedias
0701005640,6204MK PACK X2 SOQUETE,MEDIAS,MEDIAS,620400385,mkmedias
0701005650,6204MK PACK X2 SOQUETE,MEDIAS,MEDIAS,620400369,mkmedias
0701005660,6215MK PACK X2 SOQUETE,MEDIAS,MEDIAS,621500334,mkmedias
0701005670,6215MK PACK X2 SOQUETE,MEDIAS,MEDIAS,621500374,mkmedias
0701005680,6215MK PACK X2 SOQUETE,MEDIAS,MEDIAS,621500375,mkmedias
0701005690,6215MKP PACK  X2 MEDIAS MK,MEDIAS,MEDIAS,6215MKP,mkmedias
0701005700,6217MKP PACK  X2 MEDIAS MK,MEDIAS,MEDIAS,6217MKP,mkmedias
0701005710,6218MKP PACK  X2 MEDIAS MK,MEDIAS,MEDIAS,6218MKP,mkmedias
0701005720,6219MKP PACK  X2 MEDIAS MK,MEDIAS,MEDIAS,6219MKP,mkmedias
0701005730,6220MKP PACK  X2 MEDIAS MK,MEDIAS,MEDIAS,6220MKP,mkmedias
0701005740,6221MKP PACK  X2 MEDIAS MK,MEDIAS,MEDIAS,6221MKP,mkmedias
0701005750,6222MKP PACK  X2 MEDIAS MK,MEDIAS,MEDIAS,6222MKP,mkmedias
0701005760,6223MKP PACK  X2 MEDIAS MK,MEDIAS,MEDIAS,6223MKP,mkmedias
0701005770,6224MKP PACK  X2 MEDIAS MK,MEDIAS,MEDIAS,6224MKP,mkmedias
0701005780,6225MKP PACK  X2 MEDIAS MK,MEDIAS,MEDIAS,6225MKP,mkmedias
0701005790,6226MKP PACK  X2 MEDIAS MK,MEDIAS,MEDIAS,6226MKP,mkmedias
0702001050,6200MK  MEDIAS 3/4,1/2 CAÑA,MEDIAS,62001299,mkmedias
0702001060,6300MK Pack x2 Medias 3/4 L,1/2 CAÑA,MEDIAS,63000001,mkmedias
0702001070,6300MK Pack x2 Medias 3/4 L,1/2 CAÑA,MEDIAS,630000124,mkmedias
0702001080,6300MK Pack x2 Medias 3/4 L,1/2 CAÑA,MEDIAS,630000132,mkmedias
0702001090,65100MK MEDIAS MK,1/2 CAÑA,MEDIAS,651000099,mkmedias
0702001100,62148MK MEDIAS CAÑA COOKIES MK,1/2 CAÑA,MEDIAS,62148MK,mkmedias
0702001110,62149MK MEDIAS CAÑA NEON/DANCE,1/2 CAÑA,MEDIAS,62149MK,mkmedias
0702001120,6214MK  MEDIAS MK,1/2 CAÑA,MEDIAS,6214MK,mkmedias
0702001130,62150MK MEDIAS CAÑA FOX MK,1/2 CAÑA,MEDIAS,62150MK,mkmedias
0702001140,62151MK MEDIAS CAÑA GLOBOS MK,1/2 CAÑA,MEDIAS,62151MK,mkmedias
0702001150,62152MK MEDIAS CAÑA MK,1/2 CAÑA,MEDIAS,62152MK,mkmedias
0702001160,62153MK MEDIAS CAÑA MK,1/2 CAÑA,MEDIAS,62153MK,mkmedias
0702001170,62154MK MEDIAS CAÑA ROSES MK,1/2 CAÑA,MEDIAS,62154MK,mkmedias
0702001180,62155MK MEDIAS CAÑA SELVA MK,1/2 CAÑA,MEDIAS,62155MK,mkmedias
0702001190,62156MK MEDIAS CAÑA MK,1/2 CAÑA,MEDIAS,62156MK,mkmedias
0702001200,62157MK MEDIAS CAÑA TRENZAS/MA,1/2 CAÑA,MEDIAS,62157MK,mkmedias
0702002830,6301MK PACK X2 MEDIAS 3/4,MEDIAS,MEDIAS,630100132,mkmedias
0702002840,6301MK PACK X2 MEDIAS 3/4,MEDIAS,MEDIAS,630100379,mkmedias
0702002850,6304MK PACK X2 MEDIAS 3/4,MEDIAS,MEDIAS,630400361,mkmedias
0702002860,6304MK PACK X2 MEDIAS 3/4,MEDIAS,MEDIAS,630400385,mkmedias
0702002870,6304MK PACK X2 MEDIAS 3/4,MEDIAS,MEDIAS,630400369,mkmedias
0702002880,6315MK PACK X2 MEDIAS 3/4,MEDIAS,MEDIAS,631500374,mkmedias
0702002890,6315MK PACK X2 MEDIAS 3/4,MEDIAS,MEDIAS,631500375,mkmedias
0702002900,6316MK PACK X2 MEDIAS 3/4,MEDIAS,MEDIAS,63160003,mkmedias
0702002910,6316MK PACK X2 MEDIAS 3/4,MEDIAS,MEDIAS,631600374,mkmedias
0702002920,6316MK PACK X2 MEDIAS 3/4,MEDIAS,MEDIAS,631600107,mkmedias
0702002930,6317MK PACK X2 MEDIAS 3/4,MEDIAS,MEDIAS,631700132,mkmedias
0702002940,6317MK PACK X2 MEDIAS 3/4,MEDIAS,MEDIAS,631700376,mkmedias
0702002950,6317MK PACK X2 MEDIAS 3/4,MEDIAS,MEDIAS,631700372,mkmedias
0702002960,6319MK PACK X2 MEDIAS 3/4,MEDIAS,MEDIAS,63190016,mkmedias
0702002970,6319MK PACK X2 MEDIAS 3/4,MEDIAS,MEDIAS,63190030,mkmedias
0702002980,6323MK PACK X2 MEDIAS 3/4,MEDIAS,MEDIAS,63230016,mkmedias
0702002990,6323MK PACK X2 MEDIAS 3/4,MEDIAS,MEDIAS,632300107,mkmedias
0702003000,6301MKP PACK X2,MEDIAS,MEDIAS,6301MKP,mkmedias
0702003010,6304MKP PACK X2,MEDIAS,MEDIAS,6304MKP,mkmedias
0702003020,6315MKP PACK X2,MEDIAS,MEDIAS,6315MKP,mkmedias
0702003030,6316MKP PACK X2,MEDIAS,MEDIAS,6316MKP,mkmedias
0702003040,6317MKP PACK X2,MEDIAS,MEDIAS,6317MKP,mkmedias
0702003050,6319MKP PACK X2,MEDIAS,MEDIAS,6319MKP,mkmedias
0702003060,6323MKP PACK X2,MEDIAS,MEDIAS,6323MKP,mkmedias
0703000120,6000MK Pack x3 Micromedias,INVISIBLE,MEDIAS,600000901,mkmedias
0703000130,6000MK Pack x3 Micromedias,INVISIBLE,MEDIAS,600000902,mkmedias
0703000140,6000MK Pack x3 Micromedias,INVISIBLE,MEDIAS,600000903,mkmedias
0703000150,65100MK MEDIAS INVISIBLE DEPOR,INVISIBLE,MEDIAS,651001299,mkmedias
0703000160,65100MK MEDIAS INVISIBLE MK,INVISIBLE,MEDIAS,65100MK,mkmedias
0703000170,65200MK MEDIAS INVISIBLE MK,INVISIBLE,MEDIAS,65200MK,mkmedias
0703000410,6004MKP PACK  X2 MEDIAS MK,MEDIAS,MEDIAS,6004MKP,mkmedias
0703000420,6016MKP PACK  X2 MEDIAS MK,MEDIAS,MEDIAS,6016MKP,mkmedias
0703000430,6018MKP PACK  X2 MEDIAS MK,MEDIAS,MEDIAS,6018MKP,mkmedias
0703000440,6019MKP PACK  X2 MEDIAS MK,MEDIAS,MEDIAS,6019MKP,mkmedias
0703000450,6016MK PACK X2 INVISIBLE,MEDIAS,MEDIAS,60160003,mkmedias
0703000460,6016MK PACK X2 INVISIBLE,MEDIAS,MEDIAS,601600374,mkmedias
0703000470,6016MK PACK X2 INVISIBLE,MEDIAS,MEDIAS,601600107,mkmedias
0703000480,6018MK PACK X2 INVISIBLE,MEDIAS,MEDIAS,601800375,mkmedias
0703000490,6018MK PACK X2 INVISIBLE,MEDIAS,MEDIAS,60180016,mkmedias
0703000500,6019MK PACK X2 INVISIBLE,MEDIAS,MEDIAS,601900383,mkmedias
0703000510,6019MK PACK X2 INVISIBLE,MEDIAS,MEDIAS,601900382,mkmedias
0703000520,6004MK PACK X2 INVISIBLE,MEDIAS,MEDIAS,600400369,mkmedias
0703000530,6004MK PACK X2 INVISIBLE,MEDIAS,MEDIAS,600400385,mkmedias
0703000540,6027MKP PACK  X2 MEDIAS MK,MEDIAS,MEDIAS,6027MKP,mkmedias
0703000550,6004MK PACK X2 INVISIBLE,PACK,MEDIAS,600400361,mkmedias
