CodArt,Descripcion,Descadic,Familia,Codigo,Marca
0101077960,1000MA CONJ,CONJUNTO,LENCERIA,1000MA,MAREY
0101077970,1001MA CONJ,CONJUNTO,LENCERIA,1001MA,MAREY
0101077980,1002MA CONJ,CONJUNTO,LENCERIA,1002MA,MAREY
0101077990,1003MA CONJ,CONJUNTO,LENCERIA,1003MA,MAREY
0101078000,3000MA CONJ,CONJUNTO,LENCERIA,3000MA,MAREY
0101078010,3001MA CONJ,CONJUNTO,LENCERIA,3001MA,MAREY
0101078020,3002MA CONJ,CONJUNTO,LENCERIA,3002MA,MAREY
0101078030,3003MA CONJ,CONJUNTO,LENCERIA,3003MA,MAREY
0101078040,3004MA CONJ,CONJUNTO,LENCERIA,3004MA,MAREY
0101078050,3005MA CONJ,CONJUNTO,LENCERIA,3005MA,MAREY
0101078060,3006MA CONJ,CONJUNTO,LENCERIA,3006MA,MAREY
0101078070,3007MA CONJ,CONJUNTO,LENCERIA,3007MA,MAREY
0101078080,3008MA CONJ,CONJUNTO,LENCERIA,3008MA,MAREY
0101078090,3009MA CONJ,CONJUNTO,LENCERIA,3009MA,MAREY
0101078100,3010MA CONJ,CONJUNTO,LENCERIA,3010MA,MAREY
0101078110,3011MA CONJ,CONJUNTO,LENCERIA,3011MA,MAREY
0101078120,5002MA CONJ,CONJUNTO,LENCERIA,5002MA,MAREY
0101078130,5003MA CONJ,CONJUNTO,LENCERIA,5003MA,MAREY
0101078140,5004MA CONJ,CONJUNTO,LENCERIA,5004MA,MAREY
0101078150,5005MA BOXER,CONJUNTO,LENCERIA,5005MA,MAREY
0101078160,5006MA CONJ,CONJUNTO,LENCERIA,5006MA,MAREY
0101078170,500MA CONJ,CONJUNTO,LENCERIA,500MA,MAREY
0101078180,501MA CONJ,CONJUNTO,LENCERIA,501MA,MAREY
0101078190,503MA CONJ,CONJUNTO,LENCERIA,503MA,MAREY
0101078200,504MA CONJ,CONJUNTO,LENCERIA,504MA,MAREY
0101078210,505MA CONJ,CONJUNTO,LENCERIA,505MA,MAREY
0101078220,506MA CONJ,CONJUNTO,LENCERIA,506MA,MAREY
0101078230,507MA CONJ,CONJUNTO,LENCERIA,507MA,MAREY
0101078240,508MA CONJ,CONJUNTO,LENCERIA,508MA,MAREY
0101078250,511MA CONJ,CONJUNTO,LENCERIA,511MA,MAREY
0101078260,700MA CONJ,CONJUNTO,LENCERIA,700MA,MAREY
0101078270,701MA CONJ,CONJUNTO,LENCERIA,701MA,MAREY
0101078280,702MA CONJ,CONJUNTO,LENCERIA,702MA,MAREY
0101078290,703MA CONJ,CONJUNTO,LENCERIA,703MA,MAREY
0101078300,704MA CONJ,CONJUNTO,LENCERIA,704MA,MAREY
0101078310,705MA CONJ,CONJUNTO,LENCERIA,705MA,MAREY
0101078320,706MA CONJ,CONJUNTO,LENCERIA,706MA,MAREY
0101078330,707MA CONJ,CONJUNTO,LENCERIA,707MA,MAREY
0101078340,708MA CONJ,CONJUNTO,LENCERIA,708MA,MAREY
0101078350,709MA CONJ,CONJUNTO,LENCERIA,709MA,MAREY
0101078360,711MA CONJ,CONJUNTO,LENCERIA,711MA,MAREY
0101078370,712MA CONJ,CONJUNTO,LENCERIA,712MA,MAREY
0101078380,714MA CONJ,CONJUNTO,LENCERIA,714MA,MAREY
0101078390,715MA CONJ,CONJUNTO,LENCERIA,715MA,MAREY
0101078400,716MA CONJ,CONJUNTO,LENCERIA,716MA,MAREY
0101078410,717MA CONJ,CONJUNTO,LENCERIA,717MA,MAREY
0101078420,718MA CONJ,CONJUNTO,LENCERIA,718MA,MAREY
0101078430,719MA CONJ,CONJUNTO,LENCERIA,719MA,MAREY
0101078440,721MA CONJ,CONJUNTO,LENCERIA,721MA,MAREY
0101078450,722MA CONJ,CONJUNTO,LENCERIA,722MA,MAREY
0101078460,723MA CONJ,CONJUNTO,LENCERIA,723MA,MAREY
0101078470,724MA CONJ,CONJUNTO,LENCERIA,724MA,MAREY
0101078480,725MA CONJ,CONJUNTO,LENCERIA,725MA,MAREY
0101078490,726MA CONJ,CONJUNTO,LENCERIA,726MA,MAREY
0101078500,727MA CONJ,CONJUNTO,LENCERIA,727MA,MAREY
0101078510,901MA CONJ,CONJUNTO,LENCERIA,901MA,MAREY
0101078520,902MA CONJ,CONJUNTO,LENCERIA,902MA,MAREY
0101078530,903MA CONJ,CONJUNTO,LENCERIA,903MA,MAREY
0101078540,904MA CONJ,CONJUNTO,LENCERIA,904MA,MAREY
0101078550,905MA CONJ,CONJUNTO,LENCERIA,905MA,MAREY
0101078560,3012MA T70 Fucsia Conjunto Mar,CONJUNTO,LENCERIA,MA0301207006,MAREY
0101078570,3012MA T75 Fucsia Conjunto Mar,CONJUNTO,LENCERIA,MA0301207506,MAREY
0101078580,3012MA T80 Fucsia Conjunto Mar,CONJUNTO,LENCERIA,MA0301208006,MAREY
0101078590,3012MA T85 Fucsia Conjunto Mar,CONJUNTO,LENCERIA,MA0301208506,MAREY
0101078600,3012MA T90 Fucsia Conjunto Mar,CONJUNTO,LENCERIA,MA0301209006,MAREY
0101078610,3012MA T95 Fucsia Conjunto Mar,CONJUNTO,LENCERIA,MA0301209506,MAREY
0101078620,500MA T8 BLANCO,CONJUNTO,LENCERIA,MA050000801,MAREY
0101078630,500MA T8 HUESO,CONJUNTO,LENCERIA,MA050000814,MAREY
0101078640,500MA T10 BLANCO,CONJUNTO,LENCERIA,MA050001001,MAREY
0101078650,500MA T10 HUESO,CONJUNTO,LENCERIA,MA050001014,MAREY
0101078660,500MA T12 BLANCO,CONJUNTO,LENCERIA,MA050001201,MAREY
0101078670,500MA T12 HUESO,CONJUNTO,LENCERIA,MA050001214,MAREY
0101078680,500MA T14 BLANCO,CONJUNTO,LENCERIA,MA050001401,MAREY
0101078690,500ma T14 HUESO,CONJUNTO,LENCERIA,MA050001414,MAREY
0101078700,500MA T16 BLANCO,CONJUNTO,LENCERIA,MA050001601,MAREY
0101078710,500MA T16 HUESO,CONJUNTO,LENCERIA,MA050001614,MAREY
0101078720,500MA T18 BLANCO,CONJUNTO,LENCERIA,MA050001801,MAREY
0101078730,500MA T18 HUESO,CONJUNTO,LENCERIA,MA050001814,MAREY
0101078740,506MA T8 ROSA,CONJUNTO,LENCERIA,MA050600804,MAREY
0101078750,506MA T8 LILA,CONJUNTO,LENCERIA,MA050600805,MAREY
0101078760,506MA T10 ROSA,CONJUNTO,LENCERIA,MA050601004,MAREY
0101078770,506MA T10 LILA,CONJUNTO,LENCERIA,MA050601005,MAREY
0101078780,506MA T12 ROSA,CONJUNTO,LENCERIA,MA050601204,MAREY
0101078790,506MA T12 LILA,CONJUNTO,LENCERIA,MA050601205,MAREY
0101078800,506MA T14 ROSA,CONJUNTO,LENCERIA,MA050601404,MAREY
0101078810,506MA T14 LILA,CONJUNTO,LENCERIA,MA050601405,MAREY
0101078820,506MA T16 ROSA,CONJUNTO,LENCERIA,MA050601604,MAREY
0101078830,506MA T16 LILA,CONJUNTO,LENCERIA,MA050601605,MAREY
0101078840,506MA T18 ROSA,CONJUNTO,LENCERIA,MA050601804,MAREY
0101078850,506MA T18 LILA,CONJUNTO,LENCERIA,MA050601805,MAREY
0101078860,507MA T8 ROSA,CONJUNTO,LENCERIA,MA050700804,MAREY
0101078870,507MA T8 LILA,CONJUNTO,LENCERIA,MA050700805,MAREY
0101078880,507MA T10 ROSA,CONJUNTO,LENCERIA,MA050701004,MAREY
0101078890,507MA T10 LILA,CONJUNTO,LENCERIA,MA050701005,MAREY
0101078900,507MA T12 ROSA,CONJUNTO,LENCERIA,MA050701204,MAREY
0101078910,507MA T12 LILA,CONJUNTO,LENCERIA,MA050701205,MAREY
0101078920,507MA T14 ROSA,CONJUNTO,LENCERIA,MA050701404,MAREY
0101078930,507MA T14 LILA,CONJUNTO,LENCERIA,MA050701405,MAREY
0101078940,507MA T16 ROSA,CONJUNTO,LENCERIA,MA050701604,MAREY
0101078950,507MA T16 LILA,CONJUNTO,LENCERIA,MA050701605,MAREY
0101078960,507MA T18 ROSA,CONJUNTO,LENCERIA,MA050701804,MAREY
0101078970,507MA T18 LILA,CONJUNTO,LENCERIA,MA050701805,MAREY
0101078980,508MA T8 ROSA,CONJUNTO,LENCERIA,MA050800804,MAREY
0101078990,508MA T8 LILA,CONJUNTO,LENCERIA,MA050800805,MAREY
0101079000,508MA T10 ROSA,CONJUNTO,LENCERIA,MA050801004,MAREY
0101079010,508MA T10 LILA,CONJUNTO,LENCERIA,MA050801005,MAREY
0101079020,508MA T12 ROSA,CONJUNTO,LENCERIA,MA050801204,MAREY
0101079030,508MA T12 LILA,CONJUNTO,LENCERIA,MA050801205,MAREY
0101079040,508MA T14 ROSA,CONJUNTO,LENCERIA,MA050801404,MAREY
0101079050,508MA T14 LILA,CONJUNTO,LENCERIA,MA050801405,MAREY
0101079060,508MA T16 ROSA,CONJUNTO,LENCERIA,MA050801604,MAREY
0101079070,508MA T16 LILA,CONJUNTO,LENCERIA,MA050801605,MAREY
0101079080,508MA T18 ROSA,CONJUNTO,LENCERIA,MA050801804,MAREY
0101079090,508MA T18 LILA,CONJUNTO,LENCERIA,MA050801805,MAREY
0101079100,511MA T8 BLANCO,CONJUNTO,LENCERIA,MA051100801,MAREY
0101079110,511MA T8 LILA,CONJUNTO,LENCERIA,MA051100805,MAREY
0101079120,511MA T10 BLANCO,CONJUNTO,LENCERIA,MA051101001,MAREY
0101079130,511MA T10 LILA,CONJUNTO,LENCERIA,MA051101005,MAREY
0101079140,511MA T12 BLANCO,CONJUNTO,LENCERIA,MA051101201,MAREY
0101079150,511MA T12 LILA,CONJUNTO,LENCERIA,MA051101205,MAREY
0101079160,511MA T14 BLANCO,CONJUNTO,LENCERIA,MA051101401,MAREY
0101079170,511MA T14 LILA,CONJUNTO,LENCERIA,MA051101405,MAREY
0101079180,511MA T16 BLANCO,CONJUNTO,LENCERIA,MA051101601,MAREY
0101079190,511MA T16 LILA,CONJUNTO,LENCERIA,MA051101605,MAREY
0101079200,511MA T18 BLANCO,CONJUNTO,LENCERIA,MA051101801,MAREY
0101079210,511MA T18 LILA,CONJUNTO,LENCERIA,MA051101805,MAREY
0101079220,512MA T8 Rosa Conjunto Marey,CONJUNTO,LENCERIA,MA051200804,MAREY
0101079230,512MA T8 Hueso Conjunto Marey,CONJUNTO,LENCERIA,MA051200814,MAREY
0101079240,512MA T10 Rosa Conjunto Marey,CONJUNTO,LENCERIA,MA051201004,MAREY
0101079250,512MA T10 Hueso Conjunto Marey,CONJUNTO,LENCERIA,MA051201014,MAREY
0101079260,512MA T12 Rosa Conjunto Marey,CONJUNTO,LENCERIA,MA051201204,MAREY
0101079270,512MA T12 Hueso Conjunto Marey,CONJUNTO,LENCERIA,MA051201214,MAREY
0101079280,512MA T14 Rosa Conjunto Marey,CONJUNTO,LENCERIA,MA051201404,MAREY
0101079290,512MA T14 Hueso Conjunto Marey,CONJUNTO,LENCERIA,MA051201414,MAREY
0101079300,512MA T16 Rosa Conjunto Marey,CONJUNTO,LENCERIA,MA051201604,MAREY
0101079310,512MA T16 Hueso Conjunto Marey,CONJUNTO,LENCERIA,MA051201614,MAREY
0101079320,512MA T18 Rosa Conjunto Marey,CONJUNTO,LENCERIA,MA051201804,MAREY
0101079330,512MA T18 Hueso Conjunto Marey,CONJUNTO,LENCERIA,MA051201814,MAREY
0101079340,513MA T8 Blanco Conjunto Marey,CONJUNTO,LENCERIA,MA051300801,MAREY
0101079350,513MA T8 Melange Conjunto Mare,CONJUNTO,LENCERIA,MA051300810,MAREY
0101079360,513MA T10 Blanco Conjunto Mare,CONJUNTO,LENCERIA,MA051301001,MAREY
0101079370,513MA T10 Melange Conjunto Mar,CONJUNTO,LENCERIA,MA051301010,MAREY
0101079380,513MA T12 Blanco Conjunto Mare,CONJUNTO,LENCERIA,MA051301201,MAREY
0101079390,513MA T12 Melange Conjunto Mar,CONJUNTO,LENCERIA,MA051301210,MAREY
0101079400,513MA T14 Blanco Conjunto Mare,CONJUNTO,LENCERIA,MA051301401,MAREY
0101079410,513MA T14 Melange Conjunto Mar,CONJUNTO,LENCERIA,MA051301410,MAREY
0101079420,513MA T16 Blanco Conjunto Mare,CONJUNTO,LENCERIA,MA051301601,MAREY
0101079430,513MA T16 Melange Conjunto Mar,CONJUNTO,LENCERIA,MA051301610,MAREY
0101079440,513MA T18 Blanco Conjunto Mare,CONJUNTO,LENCERIA,MA051301801,MAREY
0101079450,513MA T18 Melange Conjunto Mar,CONJUNTO,LENCERIA,MA051301810,MAREY
0101079460,514MA T8 Rosa Conjunto Marey,CONJUNTO,LENCERIA,MA051400804,MAREY
0101079470,514MA T 8 Azul Conjunto Marey,CONJUNTO,LENCERIA,MA051400825,MAREY
0101079480,514MA T10 Rosa Conjunto Marey,CONJUNTO,LENCERIA,MA051401004,MAREY
0101079490,514MA T 10 Azul Conjunto Marey,CONJUNTO,LENCERIA,MA051401025,MAREY
0101079500,514MA T12 Rosa Conjunto Marey,CONJUNTO,LENCERIA,MA051401204,MAREY
0101079510,514MA T12 Azul Conjunto Marey,CONJUNTO,LENCERIA,MA051401225,MAREY
0101079520,514MA T14 Rosa Conjunto Marey,CONJUNTO,LENCERIA,MA051401404,MAREY
0101079530,514MA T14 Azul Conjunto Marey,CONJUNTO,LENCERIA,MA051401425,MAREY
0101079540,514MA T16 Rosa Conjunto Marey,CONJUNTO,LENCERIA,MA051401604,MAREY
0101079550,514MA T16 Azul Conjunto Marey,CONJUNTO,LENCERIA,MA051401625,MAREY
0101079560,514MA T18 Rosa Conjunto Marey,CONJUNTO,LENCERIA,MA051401804,MAREY
0101079570,514MA T18 Azul Conjunto Marey,CONJUNTO,LENCERIA,MA051401825,MAREY
0101079580,700MA T8 BLANCO,CONJUNTO,LENCERIA,MA070000801,MAREY
0101079590,700MA T8 HUESO,CONJUNTO,LENCERIA,MA070000814,MAREY
0101079600,700MA T10 BLANCO,CONJUNTO,LENCERIA,MA070001001,MAREY
0101079610,700MA T10 HUESO,CONJUNTO,LENCERIA,MA070001014,MAREY
0101079620,700MA T12 BLANCO,CONJUNTO,LENCERIA,MA070001201,MAREY
0101079630,700MA T12 HUESO,CONJUNTO,LENCERIA,MA070001214,MAREY
0101079640,700MA T14 BLANCO,CONJUNTO,LENCERIA,MA070001401,MAREY
0101079650,700MA T14 HUESO,CONJUNTO,LENCERIA,MA070001414,MAREY
0101079660,700MA T16 BLANCO,CONJUNTO,LENCERIA,MA070001601,MAREY
0101079670,700MA T16 HUESO,CONJUNTO,LENCERIA,MA070001614,MAREY
0101079680,700MA T18 BLANCO,CONJUNTO,LENCERIA,MA070001801,MAREY
0101079690,700MA T18 HUESO,CONJUNTO,LENCERIA,MA070001814,MAREY
0101079700,714MA T16 ROSA,CONJUNTO,LENCERIA,MA070141604,MAREY
0101079710,708MA T8 ROSA,CONJUNTO,LENCERIA,MA070800804,MAREY
0101079720,708MA T8 LILA,CONJUNTO,LENCERIA,MA070800805,MAREY
0101079730,708MA T10 ROSA,CONJUNTO,LENCERIA,MA070801004,MAREY
0101079740,708MA T10 LILA,CONJUNTO,LENCERIA,MA070801005,MAREY
0101079750,708MA T12 ROSA,CONJUNTO,LENCERIA,MA070801204,MAREY
0101079760,708MA T12 LILA,CONJUNTO,LENCERIA,MA070801205,MAREY
0101079770,708MA T14 ROSA,CONJUNTO,LENCERIA,MA070801404,MAREY
0101079780,708MA T14 LILA,CONJUNTO,LENCERIA,MA070801405,MAREY
0101079790,708MA T16 ROSA,CONJUNTO,LENCERIA,MA070801604,MAREY
0101079800,708MA T16 LILA,CONJUNTO,LENCERIA,MA070801605,MAREY
0101079810,708MA T18 ROSA,CONJUNTO,LENCERIA,MA070801804,MAREY
0101079820,708MA T18 LILA,CONJUNTO,LENCERIA,MA070801805,MAREY
0101079830,711MA T8 ROSA,CONJUNTO,LENCERIA,MA071100804,MAREY
0101079840,711MA T8 LILA,CONJUNTO,LENCERIA,MA071100805,MAREY
0101079850,711MA T10 ROSA,CONJUNTO,LENCERIA,MA071101004,MAREY
0101079860,711MA T10 LILA,CONJUNTO,LENCERIA,MA071101005,MAREY
0101079870,711MA T12 ROSA,CONJUNTO,LENCERIA,MA071101204,MAREY
0101079880,711MA T12 LILA,CONJUNTO,LENCERIA,MA071101205,MAREY
0101079890,711MA T14 ROSA,CONJUNTO,LENCERIA,MA071101404,MAREY
0101079900,711MA T14 LILA,CONJUNTO,LENCERIA,MA071101405,MAREY
0101079910,711MA T16 ROSA,CONJUNTO,LENCERIA,MA071101604,MAREY
0101079920,711MA T16 LILA,CONJUNTO,LENCERIA,MA071101605,MAREY
0101079930,711MA T18 ROSA,CONJUNTO,LENCERIA,MA071101804,MAREY
0101079940,711MA T18 LILA,CONJUNTO,LENCERIA,MA071101805,MAREY
0101079950,712MA T8 ROSA,CONJUNTO,LENCERIA,MA071200804,MAREY
0101079960,712MA T8 LILA,CONJUNTO,LENCERIA,MA071200805,MAREY
0101079970,712MA T10 ROSA,CONJUNTO,LENCERIA,MA071201004,MAREY
0101079980,712MA T10 LILA,CONJUNTO,LENCERIA,MA071201005,MAREY
0101079990,712MA T12 ROSA,CONJUNTO,LENCERIA,MA071201204,MAREY
0101080000,712MA T12 LILA,CONJUNTO,LENCERIA,MA071201205,MAREY
0101080010,712MA T14 ROSA,CONJUNTO,LENCERIA,MA071201404,MAREY
0101080020,712MA T14 LILA,CONJUNTO,LENCERIA,MA071201405,MAREY
0101080030,712MA T16 ROSA,CONJUNTO,LENCERIA,MA071201604,MAREY
0101080040,712MA T16 LILA,CONJUNTO,LENCERIA,MA071201605,MAREY
0101080050,712MA T18 ROSA,CONJUNTO,LENCERIA,MA071201804,MAREY
0101080060,712MA T18 LILA,CONJUNTO,LENCERIA,MA071201805,MAREY
0101080070,714MA T8 ROSA,CONJUNTO,LENCERIA,MA071400804,MAREY
0101080080,714MA T8 LILA,CONJUNTO,LENCERIA,MA071400805,MAREY
0101080090,714MA T10 ROSA,CONJUNTO,LENCERIA,MA071401004,MAREY
0101080100,714MA T10 LILA,CONJUNTO,LENCERIA,MA071401005,MAREY
0101080110,714MA T12 ROSA,CONJUNTO,LENCERIA,MA071401204,MAREY
0101080120,714MA T12 LILA,CONJUNTO,LENCERIA,MA071401205,MAREY
0101080130,714MA T14 ROSA,CONJUNTO,LENCERIA,MA071401404,MAREY
0101080140,714MA T14 LILA,CONJUNTO,LENCERIA,MA071401405,MAREY
0101080150,714MA T16 LILA,CONJUNTO,LENCERIA,MA071401605,MAREY
0101080160,714MA T18 ROSA,CONJUNTO,LENCERIA,MA071401804,MAREY
0101080170,714MA T18 LILA,CONJUNTO,LENCERIA,MA071401805,MAREY
0101080180,715MA T8 ROSA,CONJUNTO,LENCERIA,MA071500804,MAREY
0101080190,715MA T8 LILA,CONJUNTO,LENCERIA,MA071500805,MAREY
0101080200,715MA T10 ROSA,CONJUNTO,LENCERIA,MA071501004,MAREY
0101080210,715MA T10 LILA,CONJUNTO,LENCERIA,MA071501005,MAREY
0101080220,715MA T12 ROSA,CONJUNTO,LENCERIA,MA071501204,MAREY
0101080230,715MA T12 LILA,CONJUNTO,LENCERIA,MA071501205,MAREY
0101080240,715MA T14 ROSA,CONJUNTO,LENCERIA,MA071501404,MAREY
0101080250,715MA T14 LILA,CONJUNTO,LENCERIA,MA071501405,MAREY
0101080260,715MA T16 ROSA,CONJUNTO,LENCERIA,MA071501604,MAREY
0101080270,715MA T16 LILA,CONJUNTO,LENCERIA,MA071501605,MAREY
0101080280,715MA T18 ROSA,CONJUNTO,LENCERIA,MA071501804,MAREY
0101080290,715MA T18 LILA,CONJUNTO,LENCERIA,MA071501805,MAREY
0101080300,716MA T8 ROSA,CONJUNTO,LENCERIA,MA071600804,MAREY
0101080310,716MA T8 BLANCO,CONJUNTO,LENCERIA,MA071600805,MAREY
0101080320,716MA T10 ROSA,CONJUNTO,LENCERIA,MA071601004,MAREY
0101080330,716MA T10 BLANCO,CONJUNTO,LENCERIA,MA071601005,MAREY
0101080340,716MA T12 ROSA,CONJUNTO,LENCERIA,MA071601204,MAREY
0101080350,716MA T12 BLANCO,CONJUNTO,LENCERIA,MA071601205,MAREY
0101080360,716MA T14 ROSA,CONJUNTO,LENCERIA,MA071601404,MAREY
0101080370,716MA T14 BLANCO,CONJUNTO,LENCERIA,MA071601405,MAREY
0101080380,716MA T16 ROSA,CONJUNTO,LENCERIA,MA071601604,MAREY
0101080390,716MA T16 BLANCO,CONJUNTO,LENCERIA,MA071601605,MAREY
0101080400,716MA T18 ROSA,CONJUNTO,LENCERIA,MA071601804,MAREY
0101080410,716MA T18 BLANCO,CONJUNTO,LENCERIA,MA071601805,MAREY
0101080420,717MA T8 ROSA,CONJUNTO,LENCERIA,MA071700804,MAREY
0101080430,717MA T8 LILA,CONJUNTO,LENCERIA,MA071700805,MAREY
0101080440,717MA T10 ROSA,CONJUNTO,LENCERIA,MA071701004,MAREY
0101080450,717MA T10 LILA,CONJUNTO,LENCERIA,MA071701005,MAREY
0101080460,717MA T12 ROSA,CONJUNTO,LENCERIA,MA071701204,MAREY
0101080470,717MA T12 LILA,CONJUNTO,LENCERIA,MA071701205,MAREY
0101080480,717MA T14 ROSA,CONJUNTO,LENCERIA,MA071701404,MAREY
0101080490,717MA T14 LILA,CONJUNTO,LENCERIA,MA071701405,MAREY
0101080500,717MA T16 ROSA,CONJUNTO,LENCERIA,MA071701604,MAREY
0101080510,717MA T16 LILA,CONJUNTO,LENCERIA,MA071701605,MAREY
0101080520,717MA T18 ROSA,CONJUNTO,LENCERIA,MA071701804,MAREY
0101080530,717MA T18 LILA,CONJUNTO,LENCERIA,MA071701805,MAREY
0101080540,718MA T8 BLANCO,CONJUNTO,LENCERIA,MA071800801,MAREY
0101080550,718MA T8 ROSA,CONJUNTO,LENCERIA,MA071800804,MAREY
0101080560,718MA T10 LILA-BCO,CONJUNTO,LENCERIA,MA071801001,MAREY
0101080570,718MA T10 NGRO-BCO,CONJUNTO,LENCERIA,MA071801004,MAREY
0101080580,718MA T12 LILA-BCO,CONJUNTO,LENCERIA,MA071801201,MAREY
0101080590,718MA T12 NGRO-BCO,CONJUNTO,LENCERIA,MA071801204,MAREY
0101080600,718MA T14 LILA-BCO,CONJUNTO,LENCERIA,MA071801401,MAREY
0101080610,718MA T14 NGRO-BCO,CONJUNTO,LENCERIA,MA071801404,MAREY
0101080620,718MA T16 LILA-BCO,CONJUNTO,LENCERIA,MA071801601,MAREY
0101080630,718MA T16 NGRO-BCO,CONJUNTO,LENCERIA,MA071801604,MAREY
0101080640,718MA T18 LILA-BCO,CONJUNTO,LENCERIA,MA071801801,MAREY
0101080650,718MA T18 NGRO-BCO,CONJUNTO,LENCERIA,MA071801804,MAREY
0101080660,719MA T8 BLANCO,CONJUNTO,LENCERIA,MA071900801,MAREY
0101080670,719MA T8 ROSA,CONJUNTO,LENCERIA,MA071900804,MAREY
0101080680,719MA T8 LILA,CONJUNTO,LENCERIA,MA071900805,MAREY
0101080690,719MA T10 BLANCO,CONJUNTO,LENCERIA,MA071901001,MAREY
0101080700,719MA T10 ROSA,CONJUNTO,LENCERIA,MA071901004,MAREY
0101080710,719MA T10 LILA,CONJUNTO,LENCERIA,MA071901005,MAREY
0101080720,719MA T12 BLANCO,CONJUNTO,LENCERIA,MA071901201,MAREY
0101080730,719MA T12 ROSA,CONJUNTO,LENCERIA,MA071901204,MAREY
0101080740,719MA T12 LILA,CONJUNTO,LENCERIA,MA071901205,MAREY
0101080750,719MA T14 BLANCO,CONJUNTO,LENCERIA,MA071901401,MAREY
0101080760,719MA T14 ROSA,CONJUNTO,LENCERIA,MA071901404,MAREY
0101080770,719MA T14 LILA,CONJUNTO,LENCERIA,MA071901405,MAREY
0101080780,719MA T16 BLANCO,CONJUNTO,LENCERIA,MA071901601,MAREY
0101080790,719MA T16 ROSA,CONJUNTO,LENCERIA,MA071901604,MAREY
0101080800,719MA T16 LILA,CONJUNTO,LENCERIA,MA071901605,MAREY
0101080810,719MA T18 BLANCO,CONJUNTO,LENCERIA,MA071901801,MAREY
0101080820,719MA T18 ROSA,CONJUNTO,LENCERIA,MA071901804,MAREY
0101080830,719MA T18 LILA,CONJUNTO,LENCERIA,MA071901805,MAREY
0101080840,721MA T8 NGRO-BCO,CONJUNTO,LENCERIA,MA072100817,MAREY
0101080850,721MA T8 LILA-BCO,CONJUNTO,LENCERIA,MA072100823,MAREY
0101080860,721MA T10 NEGRO/BLANCO,CONJUNTO,LENCERIA,MA072101017,MAREY
0101080870,721MA T10 BLANCO/LILA,CONJUNTO,LENCERIA,MA072101023,MAREY
0101080880,721MA T12 NEGRO/BLANCO,CONJUNTO,LENCERIA,MA072101217,MAREY
0101080890,721MA T12 BLANCO/LILA,CONJUNTO,LENCERIA,MA072101223,MAREY
0101080900,721MA T14 NEGRO/BLANCO,CONJUNTO,LENCERIA,MA072101417,MAREY
0101080910,721MA T14 BLANCO/LILA,CONJUNTO,LENCERIA,MA072101423,MAREY
0101080920,721MA T16 NEGRO/BLANCO,CONJUNTO,LENCERIA,MA072101617,MAREY
0101080930,721MA T16 BLANCO/LILA,CONJUNTO,LENCERIA,MA072101623,MAREY
0101080940,721MA T18 NEGRO/BLANCO,CONJUNTO,LENCERIA,MA072101817,MAREY
0101080950,721MA T18 BLANCO/LILA,CONJUNTO,LENCERIA,MA072101823,MAREY
0101080960,722MA T8 BCO-LILA,CONJUNTO,LENCERIA,MA072200802,MAREY
0101080970,722MA T8 BCO-ROSA,CONJUNTO,LENCERIA,MA072200809,MAREY
0101080980,722MA T10 BCO-LILA,CONJUNTO,LENCERIA,MA072201002,MAREY
0101080990,722MA T10 BCO-ROSA,CONJUNTO,LENCERIA,MA072201009,MAREY
0101081000,722MA T12 BCO-LILA,CONJUNTO,LENCERIA,MA072201202,MAREY
0101081010,722MA T12 BCO-ROSA,CONJUNTO,LENCERIA,MA072201209,MAREY
0101081020,722MA T14 BCO-LILA,CONJUNTO,LENCERIA,MA072201402,MAREY
0101081030,722MA T14 BCO-ROSA,CONJUNTO,LENCERIA,MA072201409,MAREY
0101081040,722MA T16 BCO-LILA,CONJUNTO,LENCERIA,MA072201602,MAREY
0101081050,722MA T16 BCO-ROSA,CONJUNTO,LENCERIA,MA072201609,MAREY
0101081060,722MA T18 BCO-LILA,CONJUNTO,LENCERIA,MA072201802,MAREY
0101081070,722MA T18 BCO-ROSA,CONJUNTO,LENCERIA,MA072201809,MAREY
0101081080,723MA T8 ROSA-BCO,CONJUNTO,LENCERIA,MA072300809,MAREY
0101081090,723MA T8 LILA-BCO,CONJUNTO,LENCERIA,MA072300823,MAREY
0101081100,723MA T10 ROSA-BCO,CONJUNTO,LENCERIA,MA072301009,MAREY
0101081110,723MA T10 LILA-BCO,CONJUNTO,LENCERIA,MA072301023,MAREY
0101081120,723MA T12 ROSA-BCO,CONJUNTO,LENCERIA,MA072301209,MAREY
0101081130,723MA T12 LILA-BCO,CONJUNTO,LENCERIA,MA072301223,MAREY
0101081140,723MA T14 ROSA-BCO,CONJUNTO,LENCERIA,MA072301409,MAREY
0101081150,723MA T14 LILA-BCO,CONJUNTO,LENCERIA,MA072301423,MAREY
0101081160,723MA T16 ROSA-BCO,CONJUNTO,LENCERIA,MA072301609,MAREY
0101081170,723MA T16 LILA-BCO,CONJUNTO,LENCERIA,MA072301623,MAREY
0101081180,723MA T18 ROSA-BCO,CONJUNTO,LENCERIA,MA072301809,MAREY
0101081190,723MA T18 LILA-BCO,CONJUNTO,LENCERIA,MA072301823,MAREY
0101081200,724MA T8 BLANCO,CONJUNTO,LENCERIA,MA072400801,MAREY
0101081210,724MA T8 ROSA,CONJUNTO,LENCERIA,MA072400804,MAREY
0101081220,724MA T10 BLANCO,CONJUNTO,LENCERIA,MA072401001,MAREY
0101081230,724MA T10 ROSA,CONJUNTO,LENCERIA,MA072401004,MAREY
0101081240,724MA T12 BLANCO,CONJUNTO,LENCERIA,MA072401201,MAREY
0101081250,724MA T12 ROSA,CONJUNTO,LENCERIA,MA072401204,MAREY
0101081260,724MA T14 BLANCO,CONJUNTO,LENCERIA,MA072401401,MAREY
0101081270,724MA T14 ROSA,CONJUNTO,LENCERIA,MA072401404,MAREY
0101081280,724MA T16 BLANCO,CONJUNTO,LENCERIA,MA072401601,MAREY
0101081290,724MA T16 ROSA,CONJUNTO,LENCERIA,MA072401604,MAREY
0101081300,724MA T18 BLANCO,CONJUNTO,LENCERIA,MA072401801,MAREY
0101081310,724MA T18 ROSA,CONJUNTO,LENCERIA,MA072401804,MAREY
0101081320,725MA T8 BCO-LILA,CONJUNTO,LENCERIA,MA072500802,MAREY
0101081330,725MA T8 BCO-NGRO,CONJUNTO,LENCERIA,MA072500817,MAREY
0101081340,725MA T10 BCO-LILA,CONJUNTO,LENCERIA,MA072501002,MAREY
0101081350,725MA T10 BCO-NGRO,CONJUNTO,LENCERIA,MA072501017,MAREY
0101081360,725MA T12 BCO-LILA,CONJUNTO,LENCERIA,MA072501202,MAREY
0101081370,725MA T12 BCO-NGRO,CONJUNTO,LENCERIA,MA072501217,MAREY
0101081380,725MA T14 BCO-LILA,CONJUNTO,LENCERIA,MA072501402,MAREY
0101081390,725MA T14 BCO-NGRO,CONJUNTO,LENCERIA,MA072501417,MAREY
0101081400,725MA T16 BCO-LILA,CONJUNTO,LENCERIA,MA072501602,MAREY
0101081410,725MA T16 BCO-NGRO,CONJUNTO,LENCERIA,MA072501617,MAREY
0101081420,725MA T18 BCO-LILA,CONJUNTO,LENCERIA,MA072501802,MAREY
0101081430,725MA T18 BCO-NGRO,CONJUNTO,LENCERIA,MA072501817,MAREY
0101081440,726MA T8 BLANCO,CONJUNTO,LENCERIA,MA072600801,MAREY
0101081450,726MA T8 NEGRO,CONJUNTO,LENCERIA,MA072600815,MAREY
0101081460,726MA T10 BLANCO,CONJUNTO,LENCERIA,MA072601001,MAREY
0101081470,726MA T12 BLANCO,CONJUNTO,LENCERIA,MA072601201,MAREY
0101081480,726MA T14 BLANCO,CONJUNTO,LENCERIA,MA072601401,MAREY
0101081490,726MA T16 BLANCO,CONJUNTO,LENCERIA,MA072601601,MAREY
0101081500,726MA T18 BLANCO,CONJUNTO,LENCERIA,MA072601801,MAREY
0101081510,727MA T8 ROSA,CONJUNTO,LENCERIA,MA072700804,MAREY
0101081520,727MA T8 LILA,CONJUNTO,LENCERIA,MA072700805,MAREY
0101081530,727MA T10 ROSA,CONJUNTO,LENCERIA,MA072701004,MAREY
0101081540,727MA T10 LILA,CONJUNTO,LENCERIA,MA072701005,MAREY
0101081550,727MA T12 ROSA,CONJUNTO,LENCERIA,MA072701204,MAREY
0101081560,727MA T12 LILA,CONJUNTO,LENCERIA,MA072701205,MAREY
0101081570,727MA T14 ROSA,CONJUNTO,LENCERIA,MA072701404,MAREY
0101081580,727MA T14 LILA,CONJUNTO,LENCERIA,MA072701405,MAREY
0101081590,727MA T16 ROSA,CONJUNTO,LENCERIA,MA072701604,MAREY
0101081600,727MA T16 LILA,CONJUNTO,LENCERIA,MA072701605,MAREY
0101081610,727MA T18 ROSA,CONJUNTO,LENCERIA,MA072701804,MAREY
0101081620,727MA T18 LILA,CONJUNTO,LENCERIA,MA072701805,MAREY
0101081630,728MA T8 Fucsia Conjunto Marey,CONJUNTO,LENCERIA,MA072800804,MAREY
0101081640,728MA T8 Negro Conjunto Marey,CONJUNTO,LENCERIA,MA072800815,MAREY
0101081650,728MA T10 Fucsia Conjunto Mare,CONJUNTO,LENCERIA,MA072801006,MAREY
0101081660,728MA T10 Negro Conjunto Marey,CONJUNTO,LENCERIA,MA072801015,MAREY
0101081670,728MA T12 Fucsia Conjunto Mare,CONJUNTO,LENCERIA,MA072801206,MAREY
0101081680,728MA T12 Negro Conjunto Marey,CONJUNTO,LENCERIA,MA072801215,MAREY
0101081690,728MA T14 Fucsia Conjunto Mare,CONJUNTO,LENCERIA,MA072801406,MAREY
0101081700,728MA T14 Negro Conjunto Marey,CONJUNTO,LENCERIA,MA072801415,MAREY
0101081710,728MA T16 Negro Conjunto Marey,CONJUNTO,LENCERIA,MA0728016015,MAREY
0101081720,728MA T16 Fucsia Conjunto Mare,CONJUNTO,LENCERIA,MA072801606,MAREY
0101081730,728MA T18 Fucsia Conjunto Mare,CONJUNTO,LENCERIA,MA072801806,MAREY
0101081740,728MA T18 Negro Conjunto Marey,CONJUNTO,LENCERIA,MA072801815,MAREY
0101081750,730MA T10 Rosa Conjunto Marey,CONJUNTO,LENCERIA,MA073001004,MAREY
0101081760,730MA T10 Aqua Conjunto Marey,CONJUNTO,LENCERIA,MA073001024,MAREY
0101081770,730MA T12 Rosa Conjunto Marey,CONJUNTO,LENCERIA,MA073001204,MAREY
0101081780,730MA T12 Aqua Conjunto Marey,CONJUNTO,LENCERIA,MA073001224,MAREY
0101081790,730MA T14 Rosa Conjunto Marey,CONJUNTO,LENCERIA,MA073001404,MAREY
0101081800,730MA T14 Aqua Conjunto Marey,CONJUNTO,LENCERIA,MA073001424,MAREY
0101081810,730MA T16 Rosa Conjunto Marey,CONJUNTO,LENCERIA,MA073001604,MAREY
0101081820,730MA T16 Aqua Conjunto Marey,CONJUNTO,LENCERIA,MA073001624,MAREY
0101081830,730MA T18 Rosa Conjunto Marey,CONJUNTO,LENCERIA,MA073001804,MAREY
0101081840,730MA T18 Aqua Conjunto Marey,CONJUNTO,LENCERIA,MA073001824,MAREY
0101081850,730MA T8 Aqua Conjunto Marey,CONJUNTO,LENCERIA,MA07300824,MAREY
0101081860,731MA T8 Lila Conjunto Marey,CONJUNTO,LENCERIA,MA073100805,MAREY
0101081870,731MA T8 Azul Conjunto Marey,CONJUNTO,LENCERIA,MA073100825,MAREY
0101081880,731MA T10 Lila Conjunto Marey,CONJUNTO,LENCERIA,MA073101005,MAREY
0101081890,731MA T10 Azul Conjunto Marey,CONJUNTO,LENCERIA,MA073101025,MAREY
0101081900,731MA T12 Lila Conjunto Marey,CONJUNTO,LENCERIA,MA073101205,MAREY
0101081910,731MA T12 Azul Conjunto Marey,CONJUNTO,LENCERIA,MA073101225,MAREY
0101081920,731MA T14 Lila Conjunto Marey,CONJUNTO,LENCERIA,MA073101405,MAREY
0101081930,731MA T14 Azul Conjunto Marey,CONJUNTO,LENCERIA,MA073101425,MAREY
0101081940,731MA T16 Lila Conjunto Marey,CONJUNTO,LENCERIA,MA073101605,MAREY
0101081950,731MA T16 Azul Conjunto Marey,CONJUNTO,LENCERIA,MA073101625,MAREY
0101081960,731MA T18 Azul Conjunto Marey,CONJUNTO,LENCERIA,MA0731018,MAREY
0101081970,731MA T18 Lila Conjunto Marey,CONJUNTO,LENCERIA,MA073101825,MAREY
0101081980,732MA T8 Negro Conjunto Marey,CONJUNTO,LENCERIA,MA073200815,MAREY
0101081990,732MA T8 Turquesa Conjunto Mar,CONJUNTO,LENCERIA,MA073200824,MAREY
0101082000,732MA T10 Negro Conjunto Marey,CONJUNTO,LENCERIA,MA073201015,MAREY
0101082010,732MA T10 Turquesa Conjunto Ma,CONJUNTO,LENCERIA,MA073201024,MAREY
0101082020,732MA T12 Negro Conjunto Marey,CONJUNTO,LENCERIA,MA073201215,MAREY
0101082030,732MA T12 Turquesa Conjunto Ma,CONJUNTO,LENCERIA,MA073201224,MAREY
0101082040,732MA T14 Negro Conjunto Marey,CONJUNTO,LENCERIA,MA073201415,MAREY
0101082050,732MA T14 Turquesa Conjunto Ma,CONJUNTO,LENCERIA,MA073201424,MAREY
0101082060,732MA T16 Negro Conjunto Marey,CONJUNTO,LENCERIA,MA073201615,MAREY
0101082070,732MA T16 Turquesa Conjunto Ma,CONJUNTO,LENCERIA,MA073201624,MAREY
0101082080,732MA T18 Negro Conjunto Marey,CONJUNTO,LENCERIA,MA073201815,MAREY
0101082090,732MA T18 Turquesa Conjunto Ma,CONJUNTO,LENCERIA,MA073201824,MAREY
0101082100,733MA T8 Blanco Conjunto Marey,CONJUNTO,LENCERIA,MA073300801,MAREY
0101082110,733MA T8 Melange Conjunto Mare,CONJUNTO,LENCERIA,MA073300810,MAREY
0101082120,733MA T10 Blanco Conjunto Mare,CONJUNTO,LENCERIA,MA073301001,MAREY
0101082130,733MA T10 Melange Conjunto Mar,CONJUNTO,LENCERIA,MA073301010,MAREY
0101082140,733MA T12 Blanco Conjunto Mare,CONJUNTO,LENCERIA,MA073301201,MAREY
0101082150,733MA T12 Melange Conjunto Mar,CONJUNTO,LENCERIA,MA073301210,MAREY
0101082160,733MA T14 Blanco Conjunto Mare,CONJUNTO,LENCERIA,MA073301401,MAREY
0101082170,733MA T14 Melange Conjunto Mar,CONJUNTO,LENCERIA,MA073301410,MAREY
0101082180,733MA T16 Blanco Conjunto Mare,CONJUNTO,LENCERIA,MA073301601,MAREY
0101082190,733MA T16 Melange Conjunto Mar,CONJUNTO,LENCERIA,MA073301610,MAREY
0101082200,733MA T18 Blanco Conjunto Mare,CONJUNTO,LENCERIA,MA073301801,MAREY
0101082210,733MA T18 Melange Conjunto Mar,CONJUNTO,LENCERIA,MA073301810,MAREY
0101082220,901MA T8 BLANCO,CONJUNTO,LENCERIA,MA090000801,MAREY
0101082230,901MA T8 HUESO,CONJUNTO,LENCERIA,MA090000814,MAREY
0101082240,901MA T12 BLANCO,CONJUNTO,LENCERIA,MA090001201,MAREY
0101082250,901MA T12 HUESO,CONJUNTO,LENCERIA,MA090001214,MAREY
0101082260,901MA T10 BLANCO,CONJUNTO,LENCERIA,MA090101001,MAREY
0101082270,901MA T10 HUESO,CONJUNTO,LENCERIA,MA090101014,MAREY
0101082280,901MA T14 BLANCO,CONJUNTO,LENCERIA,MA090101401,MAREY
0101082290,901MA T14 HUESO,CONJUNTO,LENCERIA,MA090101414,MAREY
0101082300,901MA T16 BLANCO,CONJUNTO,LENCERIA,MA090101601,MAREY
0101082310,901MA T16 HUESO,CONJUNTO,LENCERIA,MA090101614,MAREY
0101082320,901MA T18 BLANCO,CONJUNTO,LENCERIA,MA090101801,MAREY
0101082330,901MA T18 HUESO,CONJUNTO,LENCERIA,MA090101814,MAREY
0101082340,903MA T8 ROSA,CONJUNTO,LENCERIA,MA090300804,MAREY
0101082350,903MA T8 LILA,CONJUNTO,LENCERIA,MA090300805,MAREY
0101082360,903MA T10 ROSA,CONJUNTO,LENCERIA,MA090301004,MAREY
0101082370,903MA T10 LILA,CONJUNTO,LENCERIA,MA090301005,MAREY
0101082380,903MA T12 ROSA,CONJUNTO,LENCERIA,MA090301204,MAREY
0101082390,903MA T12 LILA,CONJUNTO,LENCERIA,MA090301205,MAREY
0101082400,903MA T14 ROSA,CONJUNTO,LENCERIA,MA090301404,MAREY
0101082410,903MA T14 LILA,CONJUNTO,LENCERIA,MA090301405,MAREY
0101082420,903MA T16 ROSA,CONJUNTO,LENCERIA,MA090301604,MAREY
0101082430,903MA T16 LILA,CONJUNTO,LENCERIA,MA090301605,MAREY
0101082440,903MA T18 ROSA,CONJUNTO,LENCERIA,MA090301804,MAREY
0101082450,903MA T18 LILA,CONJUNTO,LENCERIA,MA090301805,MAREY
0101082460,905MA T8 BLANCO,CONJUNTO,LENCERIA,MA090500801,MAREY
0101082470,905MA T8 HUESO,CONJUNTO,LENCERIA,MA090500814,MAREY
0101082480,905MA T10 BLANCO,CONJUNTO,LENCERIA,MA090501001,MAREY
0101082490,905MA T10 HUESO,CONJUNTO,LENCERIA,MA090501014,MAREY
0101082500,905MA T12 BLANCO,CONJUNTO,LENCERIA,MA090501201,MAREY
0101082510,905MA T12 HUESO,CONJUNTO,LENCERIA,MA090501214,MAREY
0101082520,905MA T14 BLANCO,CONJUNTO,LENCERIA,MA090501401,MAREY
0101082530,905MA T14 HUESO,CONJUNTO,LENCERIA,MA090501414,MAREY
0101082540,905MA T16 BLANCO,CONJUNTO,LENCERIA,MA090501601,MAREY
0101082550,905MA T16 HUESO,CONJUNTO,LENCERIA,MA090501614,MAREY
0101082560,905MA T18 BLANCO,CONJUNTO,LENCERIA,MA090501801,MAREY
0101082570,905MA T18 HUESO,CONJUNTO,LENCERIA,MA090501814,MAREY
0101082580,1001MA T8 BLANCO,CONJUNTO,LENCERIA,MA100100801,MAREY
0101082590,1001MA T8 HUESO,CONJUNTO,LENCERIA,MA100100814,MAREY
0101082600,1001MA T10 BLANCO,CONJUNTO,LENCERIA,MA100101001,MAREY
0101082610,1001MA T10 HUESO,CONJUNTO,LENCERIA,MA100101014,MAREY
0101082620,1001MA T12 BLANCO,CONJUNTO,LENCERIA,MA100101201,MAREY
0101082630,1001MA T12 HUESO,CONJUNTO,LENCERIA,MA100101214,MAREY
0101082640,1001MA T14 BLANCO,CONJUNTO,LENCERIA,MA100101401,MAREY
0101082650,1001MA T14 HUESO,CONJUNTO,LENCERIA,MA100101414,MAREY
0101082660,1001MA T16 BLANCO,CONJUNTO,LENCERIA,MA100101601,MAREY
0101082670,1001MA T16 HUESO,CONJUNTO,LENCERIA,MA100101614,MAREY
0101082680,1001MA T18 BLANCO,CONJUNTO,LENCERIA,MA100101801,MAREY
0101082690,1001MA T18 HUESO,CONJUNTO,LENCERIA,MA100101814,MAREY
0101082700,1003MA T8 ROSA,CONJUNTO,LENCERIA,MA100300804,MAREY
0101082710,1003MA T8 LILA,CONJUNTO,LENCERIA,MA100300805,MAREY
0101082720,1003MA T10 ROSA,CONJUNTO,LENCERIA,MA100301004,MAREY
0101082730,1003MA T10 LILA,CONJUNTO,LENCERIA,MA100301005,MAREY
0101082740,1003MA T12 ROSA,CONJUNTO,LENCERIA,MA100301204,MAREY
0101082750,1003MA T12 LILA,CONJUNTO,LENCERIA,MA100301205,MAREY
0101082760,1003MA T14 ROSA,CONJUNTO,LENCERIA,MA100301404,MAREY
0101082770,1003MA T14 LILA,CONJUNTO,LENCERIA,MA100301405,MAREY
0101082780,1003MA T16 ROSA,CONJUNTO,LENCERIA,MA100301604,MAREY
0101082790,1003MA T16 LILA,CONJUNTO,LENCERIA,MA100301605,MAREY
0101082800,1003MA T18 ROSA,CONJUNTO,LENCERIA,MA100301804,MAREY
0101082810,1003MA T18 LILA,CONJUNTO,LENCERIA,MA100301805,MAREY
0101082820,3000MA T70 BLANCO,CONJUNTO,LENCERIA,MA300007001,MAREY
0101082830,3000MA T70 HUESO,CONJUNTO,LENCERIA,MA300007014,MAREY
0101082840,3000MA T75 BLANCO,CONJUNTO,LENCERIA,MA300007501,MAREY
0101082850,3000MA T75 HUESO,CONJUNTO,LENCERIA,MA300007514,MAREY
0101082860,3000MA T80 BLANCO,CONJUNTO,LENCERIA,MA300008001,MAREY
0101082870,3000MA T80 HUESO,CONJUNTO,LENCERIA,MA300008014,MAREY
0101082880,3000MA T85 BLANCO,CONJUNTO,LENCERIA,MA300008501,MAREY
0101082890,3000MA T85 HUESO,CONJUNTO,LENCERIA,MA300008514,MAREY
0101082900,3000MA T90 BLANCO,CONJUNTO,LENCERIA,MA300009001,MAREY
0101082910,3000MA T90 HUESO,CONJUNTO,LENCERIA,MA300009014,MAREY
0101082920,3000MA T95 BLANCO,CONJUNTO,LENCERIA,MA300009501,MAREY
0101082930,3000MA T95 HUESO,CONJUNTO,LENCERIA,MA300009514,MAREY
0101082940,3004MA T70 ROSA,CONJUNTO,LENCERIA,MA300407004,MAREY
0101082950,3004MA T70 LILA,CONJUNTO,LENCERIA,MA300407005,MAREY
0101082960,3004MA T75 ROSA,CONJUNTO,LENCERIA,MA300407504,MAREY
0101082970,3004MA T75 LILA,CONJUNTO,LENCERIA,MA300407505,MAREY
0101082980,3004MA T80 ROSA,CONJUNTO,LENCERIA,MA300408004,MAREY
0101082990,3004MA T80 LILA,CONJUNTO,LENCERIA,MA300408005,MAREY
0101083000,3004MA T85 ROSA,CONJUNTO,LENCERIA,MA300408504,MAREY
0101083010,3004MA T85 LILA,CONJUNTO,LENCERIA,MA300408505,MAREY
0101083020,3004MA T90 ROSA,CONJUNTO,LENCERIA,MA300409004,MAREY
0101083030,3004MA T90 LILA,CONJUNTO,LENCERIA,MA300409005,MAREY
0101083040,3004MA T95 ROSA,CONJUNTO,LENCERIA,MA300409504,MAREY
0101083050,3004MA T95 LILA,CONJUNTO,LENCERIA,MA300409505,MAREY
0101083060,3005MA T70 ROSA,CONJUNTO,LENCERIA,MA300507004,MAREY
0101083070,3005MA T70 LILA,CONJUNTO,LENCERIA,MA300507005,MAREY
0101083080,3005MA T75 ROSA,CONJUNTO,LENCERIA,MA300507504,MAREY
0101083090,3005MA T75 LILA,CONJUNTO,LENCERIA,MA300507505,MAREY
0101083100,3005MA T80 ROSA,CONJUNTO,LENCERIA,MA300508004,MAREY
0101083110,3005MA T80 LILA,CONJUNTO,LENCERIA,MA300508005,MAREY
0101083120,3005MA T85 ROSA,CONJUNTO,LENCERIA,MA300508504,MAREY
0101083130,3005MA T85 LILA,CONJUNTO,LENCERIA,MA300508505,MAREY
0101083140,3005MA T90 ROSA,CONJUNTO,LENCERIA,MA300509004,MAREY
0101083150,3005MA T90 LILA,CONJUNTO,LENCERIA,MA300509005,MAREY
0101083160,3005MA T95 ROSA,CONJUNTO,LENCERIA,MA300509504,MAREY
0101083170,3005MA T95 LILA,CONJUNTO,LENCERIA,MA300509505,MAREY
0101083180,3006MA T70 NEGRO,CONJUNTO,LENCERIA,MA300607015,MAREY
0101083190,3006MA T70 ROJO,CONJUNTO,LENCERIA,MA300607016,MAREY
0101083200,3006MA T75 NEGRO,CONJUNTO,LENCERIA,MA300607515,MAREY
0101083210,3006MA T75 ROJO,CONJUNTO,LENCERIA,MA300607516,MAREY
0101083220,3006MA T80 NEGRO,CONJUNTO,LENCERIA,MA300608015,MAREY
0101083230,3006MA T80 ROJO,CONJUNTO,LENCERIA,MA300608016,MAREY
0101083240,3006MA T85 NEGRO,CONJUNTO,LENCERIA,MA300608515,MAREY
0101083250,3006MA T85 ROJO,CONJUNTO,LENCERIA,MA300608516,MAREY
0101083260,3006MA T90 NEGRO,CONJUNTO,LENCERIA,MA300609015,MAREY
0101083270,3006MA T90 ROJO,CONJUNTO,LENCERIA,MA300609016,MAREY
0101083280,3006MA T95 NEGRO,CONJUNTO,LENCERIA,MA300609515,MAREY
0101083290,3006MA T95 ROJO,CONJUNTO,LENCERIA,MA300609516,MAREY
0101083300,3007MA T70 ROSA,CONJUNTO,LENCERIA,MA300707004,MAREY
0101083310,3007MA T70 LILA,CONJUNTO,LENCERIA,MA300707005,MAREY
0101083320,3007MA T75 ROSA,CONJUNTO,LENCERIA,MA300707504,MAREY
0101083330,3007MA T75 LILA,CONJUNTO,LENCERIA,MA300707505,MAREY
0101083340,3007MA T80 ROSA,CONJUNTO,LENCERIA,MA300708004,MAREY
0101083350,3007MA T80 LILA,CONJUNTO,LENCERIA,MA300708005,MAREY
0101083360,3007MA T85 ROSA,CONJUNTO,LENCERIA,MA300708504,MAREY
0101083370,3007MA T85 LILA,CONJUNTO,LENCERIA,MA300708505,MAREY
0101083380,3007MA T90 ROSA,CONJUNTO,LENCERIA,MA300709004,MAREY
0101083390,3007MA T90 LILA,CONJUNTO,LENCERIA,MA300709005,MAREY
0101083400,3007MA T95 ROSA,CONJUNTO,LENCERIA,MA300709504,MAREY
0101083410,3007MA T95 LILA,CONJUNTO,LENCERIA,MA300709505,MAREY
0101083420,3008MA T70 ROSA,CONJUNTO,LENCERIA,MA300807004,MAREY
0101083430,3008MA T70 LILA,CONJUNTO,LENCERIA,MA300807005,MAREY
0101083440,3008MA T75 ROSA,CONJUNTO,LENCERIA,MA300807504,MAREY
0101083450,3008MA T75 LILA,CONJUNTO,LENCERIA,MA300807505,MAREY
0101083460,3008MA T80 ROSA,CONJUNTO,LENCERIA,MA300808004,MAREY
0101083470,3008MA T80 LILA,CONJUNTO,LENCERIA,MA300808005,MAREY
0101083480,3008MA T85 ROSA,CONJUNTO,LENCERIA,MA300808504,MAREY
0101083490,3008MA T85 LILA,CONJUNTO,LENCERIA,MA300808505,MAREY
0101083500,3008MA T90 ROSA,CONJUNTO,LENCERIA,MA300809004,MAREY
0101083510,3008MA T90 LILA,CONJUNTO,LENCERIA,MA300809005,MAREY
0101083520,3008MA T95 ROSA,CONJUNTO,LENCERIA,MA300809504,MAREY
0101083530,3008MA T95 LILA,CONJUNTO,LENCERIA,MA300809505,MAREY
0101083540,3009MA T70 ROSA,CONJUNTO,LENCERIA,MA300907004,MAREY
0101083550,3009MA T70 LILA,CONJUNTO,LENCERIA,MA300907005,MAREY
0101083560,3009MA T75 ROSA,CONJUNTO,LENCERIA,MA300907504,MAREY
0101083570,3009MA T75 LILA,CONJUNTO,LENCERIA,MA300907505,MAREY
0101083580,3009MA T80 ROSA,CONJUNTO,LENCERIA,MA300908004,MAREY
0101083590,3009MA T80 LILA,CONJUNTO,LENCERIA,MA300908005,MAREY
0101083600,3009MA T85 ROSA,CONJUNTO,LENCERIA,MA300908504,MAREY
0101083610,3009MA T85 LILA,CONJUNTO,LENCERIA,MA300908505,MAREY
0101083620,3009MA T90 ROSA,CONJUNTO,LENCERIA,MA300909004,MAREY
0101083630,3009MA T90 LILA,CONJUNTO,LENCERIA,MA300909005,MAREY
0101083640,3009MA T95 ROSA,CONJUNTO,LENCERIA,MA300909504,MAREY
0101083650,3009MA T95 LILA,CONJUNTO,LENCERIA,MA300909505,MAREY
0101083660,3010MA T70 ROSA,CONJUNTO,LENCERIA,MA301007004,MAREY
0101083670,3010MA T70 ACQUA,CONJUNTO,LENCERIA,MA301007024,MAREY
0101083680,3010MA T75 ROSA,CONJUNTO,LENCERIA,MA301007504,MAREY
0101083690,3010MA T75 ACQUA,CONJUNTO,LENCERIA,MA301007524,MAREY
0101083700,3010MA T80 ROSA,CONJUNTO,LENCERIA,MA301008004,MAREY
0101083710,3010MA T80 ACQUA,CONJUNTO,LENCERIA,MA301008024,MAREY
0101083720,3010MA T85 ROSA,CONJUNTO,LENCERIA,MA301008504,MAREY
0101083730,3010MA T85 ACQUA,CONJUNTO,LENCERIA,MA301008524,MAREY
0101083740,3010MA T90 ROSA,CONJUNTO,LENCERIA,MA301009004,MAREY
0101083750,3010MA T90 ACQUA,CONJUNTO,LENCERIA,MA301009024,MAREY
0101083760,3010MA T95 ROSA,CONJUNTO,LENCERIA,MA301009504,MAREY
0101083770,3010MA T95 ACQUA,CONJUNTO,LENCERIA,MA301009524,MAREY
0101083780,3011MA T70 FUCSIA,CONJUNTO,LENCERIA,MA301107006,MAREY
0101083790,3011MA T70 NEGRO,CONJUNTO,LENCERIA,MA301107015,MAREY
0101083800,3011MA T75 FUCSIA,CONJUNTO,LENCERIA,MA301107506,MAREY
0101083810,3011MA T75 NEGRO,CONJUNTO,LENCERIA,MA301107515,MAREY
0101083820,3011MA T80 FUCSIA,CONJUNTO,LENCERIA,MA301108006,MAREY
0101083830,3011MA T80 NEGRO,CONJUNTO,LENCERIA,MA301108015,MAREY
0101083840,3011MA T85 FUCSIA,CONJUNTO,LENCERIA,MA301108506,MAREY
0101083850,3011MA T85 NEGRO,CONJUNTO,LENCERIA,MA301108515,MAREY
0101083860,3011MA T90 FUCSIA,CONJUNTO,LENCERIA,MA301109006,MAREY
0101083870,3011MA T90 NEGRO,CONJUNTO,LENCERIA,MA301109015,MAREY
0101083880,3011MA T95 FUCSIA,CONJUNTO,LENCERIA,MA301109506,MAREY
0101083890,3011MA T95 NEGRO,CONJUNTO,LENCERIA,MA301109515,MAREY
0101083900,3012MA T70 Azul Conjunto Marey,CONJUNTO,LENCERIA,MA301207025,MAREY
0101083910,3012MA T75 Azul Conjunto Marey,CONJUNTO,LENCERIA,MA301207525,MAREY
0101083920,3012MA T80 Azul Conjunto Marey,CONJUNTO,LENCERIA,MA301208025,MAREY
0101083930,3012MA T85 Azul Conjunto Marey,CONJUNTO,LENCERIA,MA301208525,MAREY
0101083940,3012MA T90 Azul Conjunto Marey,CONJUNTO,LENCERIA,MA301209025,MAREY
0101083950,3012MA T95 Azul Conjunto Marey,CONJUNTO,LENCERIA,MA301209525,MAREY
0101083960,3013MA T70 Fucsia Conjunto Mar,CONJUNTO,LENCERIA,MA301307006,MAREY
0101083970,3013MA T70 Turquesa Conjunto M,CONJUNTO,LENCERIA,MA301307024,MAREY
0101083980,3013MA T75 Fucsia Conjunto Mar,CONJUNTO,LENCERIA,MA301307506,MAREY
0101083990,3013MA T75 Turquesa Conjunto M,CONJUNTO,LENCERIA,MA301307524,MAREY
0101084000,3013MA T80 Fucsia Conjunto Mar,CONJUNTO,LENCERIA,MA301308006,MAREY
0101084010,3013MA T80 Turquesa Conjunto M,CONJUNTO,LENCERIA,MA301308024,MAREY
0101084020,3013MA T85 Fucsia Conjunto Mar,CONJUNTO,LENCERIA,MA301308506,MAREY
0101084030,3013MA T85 Turquesa Conjunto M,CONJUNTO,LENCERIA,MA301308524,MAREY
0101084040,3013MA T90 Fucsia Conjunto Mar,CONJUNTO,LENCERIA,MA301309006,MAREY
0101084050,3013MA T90 Turquesa Conjunto M,CONJUNTO,LENCERIA,MA301309024,MAREY
0101084060,3013MA T95 Fucsia Conjunto Mar,CONJUNTO,LENCERIA,MA301309506,MAREY
0101084070,3013MA T95 Turquesa Conjunto M,CONJUNTO,LENCERIA,MA301309524,MAREY
0101084080,730MA T8 Rosa Conjunto Marey,PIJAMA,LENCERIA,MA73000804,MAREY
0101158900,716MA T10 BLANCO,CONJUNTO,LENCERIA,MA071601001,MAREY
0101158910,728MA T16 NEGRO,CONJUNTO,LENCERIA,MA072801615,MAREY
0101158920,730MA T08 ROSA,CONJUNTO,LENCERIA,MA07300804,MAREY
0101158930,731MA T18 LILA,CONJUNTO,LENCERIA,MA073101805,MAREY
0101158940,500MA T16 NEGRO,CONJUNTO,LENCERIA,MA050001615,MAREY
0101158950,500MA T18 NEGRO,CONJUNTO,LENCERIA,MA050001815,MAREY
0101158960,500MA T14 NEGRO,CONJUNTO,LENCERIA,MA050001415,MAREY
0101158970,700MA T16 NEGRO,CONJUNTO,LENCERIA,MA070001615,MAREY
0101158980,700MA T14 NEGRO,CONJUNTO,LENCERIA,MA070001415,MAREY
0101158990,700MA T18 NEGRO,CONJUNTO,LENCERIA,MA070001815,MAREY
0101159000,901MA T14 NEGRO,CONJUNTO,LENCERIA,MA090101415,MAREY
0101159010,901MA T18 NEGRO,CONJUNTO,LENCERIA,MA090101815,MAREY
0101159020,901MA T16 NEGRO,CONJUNTO,LENCERIA,MA090101615,MAREY
0101159030,901MA T12 NEGRO,CONJUNTO,LENCERIA,MA090101215,MAREY
0101159040,3000MA T90 NEGRO,CONJUNTO,LENCERIA,MA300009015,MAREY
0101159050,3000MA T80 NEGRO,CONJUNTO,LENCERIA,MA300008015,MAREY
0101159060,3000MA T85 NEGRO,CONJUNTO,LENCERIA,MA300008515,MAREY
0101159070,3012MA T95 AZUL,CONJUNTO,LENCERIA,MA0301209525,MAREY
0101159080,3000MA T70 NEGRO,CONJUNTO,LENCERIA,MA300007015,MAREY
0101159090,3000MA T75 NEGRO,CONJUNTO,LENCERIA,MA300007515,MAREY
0101159100,3000MA T95 NEGRO,CONJUNTO,LENCERIA,MA300009515,MAREY
0101159110,500MA T10 NEGRO,CONJUNTO,LENCERIA,MA050001015,MAREY
0101159120,500MA T12 NEGRO,CONJUNTO,LENCERIA,MA050001215,MAREY
0101159130,905MA T16 NEGRO,CONJUNTO,LENCERIA,MA090501615,MAREY
0101159140,905MA T14 NEGRO,CONJUNTO,LENCERIA,MA090501415,MAREY
0101159150,905MA T12 NEGRO,CONJUNTO,LENCERIA,MA090501215,MAREY
0101159160,905MA T10 NEGRO,CONJUNTO,LENCERIA,MA090501015,MAREY
0101159170,1000MA T12 NEGRO,CONJUNTO,LENCERIA,MA100001215,MAREY
0101159180,1000MA T14 NEGRO,CONJUNTO,LENCERIA,MA100001415,MAREY
0101159190,1000MA T18 NEGRO,CONJUNTO,LENCERIA,MA100001815,MAREY
0101159200,1000MA T16 NEGRO,CONJUNTO,LENCERIA,MA100001615,MAREY
0101159210,1000MA T10 NEGRO,CONJUNTO,LENCERIA,MA100001015,MAREY
0101159220,3013MA T70 FUCSIA,CONJUNTO,LENCERIA,MA0301307006,MAREY
0101159230,3013MA T70 TURQUESA,CONJUNTO,LENCERIA,MA0301307024,MAREY
0101159240,3014MA CONJ,CONJUNTO,LENCERIA,3014MA,MAREY
0101159250,3015MA CONJ,CONJUNTO,LENCERIA,3015MA,MAREY
0101159260,500MA T08 NEGRO,CONJUNTO,LENCERIA,MA050000815,MAREY
0101159270,5014MA CONJ,CONJUNTO,LENCERIA,5014MA,MAREY
0101159280,515MA CONJUNTO MAREY,CONJUNTO,LENCERIA,515MA,MAREY
0101159290,700MA T10 NEGRO,CONJUNTO,LENCERIA,MA070001015,MAREY
0101159300,700MA T12 NEGRO,CONJUNTO,LENCERIA,MA070001215,MAREY
0101159310,700MA T8 NEGRO,CONJUNTO,LENCERIA,MA07000815,MAREY
0101159320,726MA T10 NEGRO,CONJUNTO,LENCERIA,MA072601015,MAREY
0101159330,726MA T12 NEGRO,CONJUNTO,LENCERIA,MA072601215,MAREY
0101159340,726MA T14 NEGRO,CONJUNTO,LENCERIA,MA072601415,MAREY
0101159350,726MA T16 NEGRO,CONJUNTO,LENCERIA,MA072601615,MAREY
0101159360,726MA T18 NEGRO,CONJUNTO,LENCERIA,MA072601815,MAREY
0101159370,734MA CONJ,CONJUNTO,LENCERIA,734MA,MAREY
0101159380,735MA CONJ,CONJUNTO,LENCERIA,735MA,MAREY
0101159390,736MA CONJ,CONJUNTO,LENCERIA,736MA,MAREY
0101159400,737MA CONJ,CONJUNTO,LENCERIA,737MA,MAREY
0101159410,738MA CONJ,CONJUNTO,LENCERIA,738MA,MAREY
0101159420,901MA T10 NEGRO,CONJUNTO,LENCERIA,MA090101015,MAREY
0101159430,901MA T12 BLANCO,CONJUNTO,LENCERIA,MA090101201,MAREY
0101159440,901MA T12 HUESO,CONJUNTO,LENCERIA,MA090101214,MAREY
0101159450,901MA T8 BLANCO,CONJUNTO,LENCERIA,MA090100801,MAREY
0101159460,901MA T8 HUESO,CONJUNTO,LENCERIA,MA090100814,MAREY
0101159470,901MA T08 NEGRO,CONJUNTO,LENCERIA,MA090100815,MAREY
0101159480,904MA T10 NEGRO,CONJUNTO,LENCERIA,MA090401015,MAREY
0101159490,904MA T08 NEGRO,CONJUNTO,LENCERIA,MA090400815,MAREY
0101159500,906MA CONJ,CONJUNTO,LENCERIA,906MA,MAREY
0101159510,513MA T10 MELANGE,CONJUNTO,LENCERIA,MA051301020,MAREY
0101159520,513MA T12 MELANGE,CONJUNTO,LENCERIA,MA051301220,MAREY
0101159530,513MA T14 MELANGE,CONJUNTO,LENCERIA,MA051301420,MAREY
0101159540,513MA T16 MELANGE,CONJUNTO,LENCERIA,MA051301620,MAREY
0101159550,513MA T18 MELANGE,CONJUNTO,LENCERIA,MA051301820,MAREY
0101159560,513MA T08 MELANGE,CONJUNTO,LENCERIA,MA051300820,MAREY
0101159570,1001MA T14 NEGRO,CONJUNTO,LENCERIA,MA100101415,MAREY
0101159580,1001MA T18 NEGRO,CONJUNTO,LENCERIA,MA100101815,MAREY
0101159590,1001MA T10 NEGRO,CONJUNTO,LENCERIA,MA100101015,MAREY
0101159600,1001MA T12 NEGRO,CONJUNTO,LENCERIA,MA100101215,MAREY
0101159610,1001MA T16 NEGRO,CONJUNTO,LENCERIA,MA100101615,MAREY
0101172280,3014MA T70 LILA,CONJUNTO,LENCERIA,MA301407005,MAREY
0101172290,3014MA T70 TURQUESA,CONJUNTO,LENCERIA,MA301407027,MAREY
0101172300,3014MA T75 LILA,CONJUNTO,LENCERIA,MA301407505,MAREY
0101172310,3014MA T75 TURQUESA,CONJUNTO,LENCERIA,MA301407527,MAREY
0101172320,3014MA T80 LILA,CONJUNTO,LENCERIA,MA301408005,MAREY
0101172330,3014MA T80 TURQUESA,CONJUNTO,LENCERIA,MA301408027,MAREY
0101172340,3014MA T85 LILA,CONJUNTO,LENCERIA,MA301408505,MAREY
0101172350,3014MA T85 TURQUESA,CONJUNTO,LENCERIA,MA301408527,MAREY
0101172360,3014MA T90 LILA,CONJUNTO,LENCERIA,MA301409005,MAREY
0101172370,3014MA T90 TURQUESA,CONJUNTO,LENCERIA,MA301409027,MAREY
0101172380,3014MA T95 LILA,CONJUNTO,LENCERIA,MA301409505,MAREY
0101172390,3014MA T95 TURQUESA,CONJUNTO,LENCERIA,MA301409527,MAREY
0101172400,3015MA T70 MELANGE,CONJUNTO,LENCERIA,MA301507010,MAREY
0101172410,3015MA T70 ROSA,CONJUNTO,LENCERIA,MA301507004,MAREY
0101172420,3015MA T75 MELANGE,CONJUNTO,LENCERIA,MA301507510,MAREY
0101172430,3015MA T75 ROSA,CONJUNTO,LENCERIA,MA301507504,MAREY
0101172440,3015MA T80 MELANGE,CONJUNTO,LENCERIA,MA301508010,MAREY
0101172450,3015MA T80 ROSA,CONJUNTO,LENCERIA,MA301508004,MAREY
0101172460,3015MA T85 MELANGE,CONJUNTO,LENCERIA,MA301508510,MAREY
0101172470,3015MA T85 ROSA,CONJUNTO,LENCERIA,MA301508504,MAREY
0101172480,3015MA T90 MELANGE,CONJUNTO,LENCERIA,MA301509010,MAREY
0101172490,3015MA T90 ROSA,CONJUNTO,LENCERIA,MA301509004,MAREY
0101172500,3015MA T95 MELANGE,CONJUNTO,LENCERIA,MA301509510,MAREY
0101172510,3015MA T95 ROSA,CONJUNTO,LENCERIA,MA301509504,MAREY
0101172520,515MA T10 AZUL,CONJUNTO,LENCERIA,MA051501025,MAREY
0101172530,515MA T10 FUCSIA,CONJUNTO,LENCERIA,MA051501006,MAREY
0101172540,515MA T12 AZUL,CONJUNTO,LENCERIA,MA051501225,MAREY
0101172550,515MA T12 FUCSIA,CONJUNTO,LENCERIA,MA051501206,MAREY
0101172560,515MA T14 AZUL,CONJUNTO,LENCERIA,MA051501425,MAREY
0101172570,515MA T14 FUCSIA,CONJUNTO,LENCERIA,MA051501406,MAREY
0101172580,515MA T16 AZUL,CONJUNTO,LENCERIA,MA051501625,MAREY
0101172590,515MA T16 FUCSIA,CONJUNTO,LENCERIA,MA051501606,MAREY
0101172600,515MA T18 AZUL,CONJUNTO,LENCERIA,MA051501825,MAREY
0101172610,515MA T18 FUCSIA,CONJUNTO,LENCERIA,MA051501806,MAREY
0101172620,515MA T8 AZUL,CONJUNTO,LENCERIA,MA051500825,MAREY
0101172630,515MA T8 FUCSIA,CONJUNTO,LENCERIA,MA051500806,MAREY
0101172640,734MA T10 BLANCO,CONJUNTO,LENCERIA,MA073401001,MAREY
0101172650,734MA T10 HUESO,CONJUNTO,LENCERIA,MA073401014,MAREY
0101172660,734MA T12 BLANCO,CONJUNTO,LENCERIA,MA073401201,MAREY
0101172670,734MA T12 HUESO,CONJUNTO,LENCERIA,MA073401214,MAREY
0101172680,734MA T14 BLANCO,CONJUNTO,LENCERIA,MA073401401,MAREY
0101172690,734MA T14 HUESO,CONJUNTO,LENCERIA,MA073401414,MAREY
0101172700,734MA T16 BLANCO,CONJUNTO,LENCERIA,MA073401601,MAREY
0101172710,734MA T16 HUESO,CONJUNTO,LENCERIA,MA073401614,MAREY
0101172720,734MA T18 BLANCO,CONJUNTO,LENCERIA,MA073401801,MAREY
0101172730,734MA T18 HUESO,CONJUNTO,LENCERIA,MA073401814,MAREY
0101172740,734MA T8 BLANCO,CONJUNTO,LENCERIA,MA073400801,MAREY
0101172750,734MA T8 HUESO,CONJUNTO,LENCERIA,MA073400814,MAREY
0101172760,735MA T10 BLANCO,CONJUNTO,LENCERIA,MA073501001,MAREY
0101172770,735MA T10 LILA,CONJUNTO,LENCERIA,MA073501005,MAREY
0101172780,735MA T12 BLANCO,CONJUNTO,LENCERIA,MA073501201,MAREY
0101172790,735MA T12 LILA,CONJUNTO,LENCERIA,MA073501205,MAREY
0101172800,735MA T14 BLANCO,CONJUNTO,LENCERIA,MA073501401,MAREY
0101172810,735MA T14 LILA,CONJUNTO,LENCERIA,MA073501405,MAREY
0101172820,735MA T16 BLANCO,CONJUNTO,LENCERIA,MA073501601,MAREY
0101172830,735MA T16 LILA,CONJUNTO,LENCERIA,MA073501605,MAREY
0101172840,735MA T18 BLANCO,CONJUNTO,LENCERIA,MA073501801,MAREY
0101172850,735MA T18 LILA,CONJUNTO,LENCERIA,MA073501805,MAREY
0101172860,735MA T8 BLANCO,CONJUNTO,LENCERIA,MA073500801,MAREY
0101172870,735MA T8 LILA,CONJUNTO,LENCERIA,MA073500805,MAREY
0101172880,736MA T10 MELANGE,CONJUNTO,LENCERIA,MA073601010,MAREY
0101172890,736MA T10 ROSA,CONJUNTO,LENCERIA,MA073601004,MAREY
0101172900,736MA T12 MELANGE,CONJUNTO,LENCERIA,MA073601210,MAREY
0101172910,736MA T12 ROSA,CONJUNTO,LENCERIA,MA073601204,MAREY
0101172920,736MA T14 MELANGE,CONJUNTO,LENCERIA,MA073601410,MAREY
0101172930,736MA T14 ROSA,CONJUNTO,LENCERIA,MA073601404,MAREY
0101172940,736MA T16 MELANGE,CONJUNTO,LENCERIA,MA073601610,MAREY
0101172950,736MA T16 ROSA,CONJUNTO,LENCERIA,MA073601604,MAREY
0101172960,736MA T18 MELANGE,CONJUNTO,LENCERIA,MA073601810,MAREY
0101172970,736MA T18 ROSA,CONJUNTO,LENCERIA,MA073601804,MAREY
0101172980,736MA T8 MELANGE,CONJUNTO,LENCERIA,MA073600810,MAREY
0101172990,736MA T8 ROSA,CONJUNTO,LENCERIA,MA073600804,MAREY
0101173000,737MA T10 BLANCO,CONJUNTO,LENCERIA,MA073701001,MAREY
0101173010,737MA T10 NEGRO,CONJUNTO,LENCERIA,MA073701015,MAREY
0101173020,737MA T12 BLANCO,CONJUNTO,LENCERIA,MA073701201,MAREY
0101173030,737MA T12 NEGRO,CONJUNTO,LENCERIA,MA073701215,MAREY
0101173040,737MA T14 BLANCO,CONJUNTO,LENCERIA,MA073701401,MAREY
0101173050,737MA T14 NEGRO,CONJUNTO,LENCERIA,MA073701415,MAREY
0101173060,737MA T16 BLANCO,CONJUNTO,LENCERIA,MA073701601,MAREY
0101173070,737MA T16 NEGRO,CONJUNTO,LENCERIA,MA073701615,MAREY
0101173080,737MA T18 BLANCO,CONJUNTO,LENCERIA,MA073701801,MAREY
0101173090,737MA T18 NEGRO,CONJUNTO,LENCERIA,MA073701815,MAREY
0101173100,737MA T8 BLANCO,CONJUNTO,LENCERIA,MA073700801,MAREY
0101173110,737MA T8 NEGRO,CONJUNTO,LENCERIA,MA073700815,MAREY
0101173120,738MA T10 MELANGE,CONJUNTO,LENCERIA,MA073801010,MAREY
0101173130,738MA T10 ROSA,CONJUNTO,LENCERIA,MA073801004,MAREY
0101173140,738MA T12 MELANGE,CONJUNTO,LENCERIA,MA073801210,MAREY
0101173150,738MA T12 ROSA,CONJUNTO,LENCERIA,MA073801204,MAREY
0101173160,738MA T14 MELANGE,CONJUNTO,LENCERIA,MA073801410,MAREY
0101173170,738MA T14 ROSA,CONJUNTO,LENCERIA,MA073801404,MAREY
0101173180,738MA T16 MELANGE,CONJUNTO,LENCERIA,MA073801610,MAREY
0101173190,738MA T16 ROSA,CONJUNTO,LENCERIA,MA073801604,MAREY
0101173200,738MA T18 MELANGE,CONJUNTO,LENCERIA,MA073801810,MAREY
0101173210,738MA T18 ROSA,CONJUNTO,LENCERIA,MA073801804,MAREY
0101173220,738MA T8 MELANGE,CONJUNTO,LENCERIA,MA073800810,MAREY
0101173230,738MA T8 ROSA,CONJUNTO,LENCERIA,MA073800804,MAREY
0101173240,906MA T10 BLANCO,CONJUNTO,LENCERIA,MA090601001,MAREY
0101173250,906MA T10 LILA,CONJUNTO,LENCERIA,MA090601005,MAREY
0101173260,906MA T12 BLANCO,CONJUNTO,LENCERIA,MA090601201,MAREY
0101173270,906MA T12 LILA,CONJUNTO,LENCERIA,MA090601205,MAREY
0101173280,906MA T14 BLANCO,CONJUNTO,LENCERIA,MA090601401,MAREY
0101173290,906MA T14 LILA,CONJUNTO,LENCERIA,MA090601405,MAREY
0101173300,906MA T16 BLANCO,CONJUNTO,LENCERIA,MA090601601,MAREY
0101173310,906MA T16 LILA,CONJUNTO,LENCERIA,MA090601605,MAREY
0101173320,906MA T18 BLANCO,CONJUNTO,LENCERIA,MA090601801,MAREY
0101173330,906MA T18 LILA,CONJUNTO,LENCERIA,MA090601805,MAREY
0101173340,906MA T8 BLANCO,CONJUNTO,LENCERIA,MA090600801,MAREY
0101173350,906MA T8 LILA,CONJUNTO,LENCERIA,MA090600805,MAREY
0102008600,34MA CORPINO,CORPIO,LENCERIA,34MA,MAREY
0102008610,35MA CORPINO,CORPIO,LENCERIA,35MA,MAREY
0102008620,36MA CORPINO,CORPIO,LENCERIA,36MA,MAREY
0102008630,37MA CORPINO,CORPIO,LENCERIA,37MA,MAREY
0102008640,38MA CORPINO,CORPIO,LENCERIA,38MA,MAREY
0102008650,904MA T8 BLANCO,CORPIO,LENCERIA,MA090400801,MAREY
0102008660,904MA T8 HUESO,CORPIO,LENCERIA,MA090400814,MAREY
0102008670,904MA T10 BLANCO,CORPIO,LENCERIA,MA090401001,MAREY
0102008680,904MA T10 HUESO,CORPIO,LENCERIA,MA090401014,MAREY
0102008690,904MA T12 BLANCO,CORPIO,LENCERIA,MA090401201,MAREY
0102008700,904MA T12 HUESO,CORPIO,LENCERIA,MA090401214,MAREY
0102008710,904MA T.12 NEGRO,CORPIO,LENCERIA,MA090401215,MAREY
0102008720,904MA T14 BLANCO,CORPIO,LENCERIA,MA090401401,MAREY
0102008730,904MA T14 HUESO,CORPIO,LENCERIA,MA090401414,MAREY
0102008740,904MA T.14 NEGRO,CORPIO,LENCERIA,MA090401415,MAREY
0102008750,904MA T16 BLANCO,CORPIO,LENCERIA,MA090401601,MAREY
0102008760,904MA T16 HUESO,CORPIO,LENCERIA,MA090401614,MAREY
0102008770,904MA T.16 NEGRO,CORPIO,LENCERIA,MA090401615,MAREY
0102008780,904MA T18 BLANCO,CORPIO,LENCERIA,MA090401801,MAREY
0102008790,904MA T18 HUESO,CORPIO,LENCERIA,MA090401814,MAREY
0102008800,904MA T.18 NEGRO,CORPIO,LENCERIA,MA090401815,MAREY
0102008810,1000MA T8 BLANCO,CORPIO,LENCERIA,MA100000801,MAREY
0102008820,1000MA T8 HUESO,CORPIO,LENCERIA,MA100000814,MAREY
0102008830,1000MA T10 BLANCO,CORPIO,LENCERIA,MA100001001,MAREY
0102008840,1000MA T10 HUESO,CORPIO,LENCERIA,MA100001014,MAREY
0102008850,1000MA T12 BLANCO,CORPIO,LENCERIA,MA100001201,MAREY
0102008860,1000MA T12 HUESO,CORPIO,LENCERIA,MA100001214,MAREY
0102008870,1000MA T14 BLANCO,CORPIO,LENCERIA,MA100001401,MAREY
0102008880,1000MA T14 HUESO,CORPIO,LENCERIA,MA100001414,MAREY
0102008890,1000MA T16 BLANCO,CORPIO,LENCERIA,MA100001601,MAREY
0102008900,1000MA T16 HUESO,CORPIO,LENCERIA,MA100001614,MAREY
0102008910,1000MA T18 BLANCO,CORPIO,LENCERIA,MA100001801,MAREY
0102008920,1000MA T18 HUESO,CORPIO,LENCERIA,MA100001814,MAREY
0112005600,19MA VEDETINA,PACK,LENCERIA,19MA,MAREY
0112005610,26MA BOXERS,PACK,LENCERIA,26MA,MAREY
0112005620,27MA CULOTTE,PACK,LENCERIA,27MA,MAREY
0112005630,28MA CULOTTE,PACK,LENCERIA,28MA,MAREY
0112005640,29MA CULOTTE,PACK,LENCERIA,29MA,MAREY
0112005650,30MA CULOTTE,PACK,LENCERIA,30MA,MAREY
0112005660,31MA CULOTTE,PACK,LENCERIA,31MA,MAREY
0112005670,32MA CULOTTE,PACK,LENCERIA,32MA,MAREY
0112005680,33MA COLA LESS,PACK,LENCERIA,33MA,MAREY
0112005690,39MA PACK BOXER,PACK,LENCERIA,39MA,MAREY
0112005700,40MA CORPINO,PACK,LENCERIA,40MA,MAREY
0112005710,41MA CORPINO,PACK,LENCERIA,41MA,MAREY
0112005720,42MA CORPINO,PACK,LENCERIA,42MA,MAREY
0112005730,43MA CORPINO,PACK,LENCERIA,43MA,MAREY
0112005740,44MA CORPINO,PACK,LENCERIA,44MA,MAREY
0112005750,45MA CORPIO,PACK,LENCERIA,45MA,MAREY
0112005760,27MA T4 VARIOS,PACK,LENCERIA,MA002700413,MAREY
0112005770,27MA T6 VARIOS,PACK,LENCERIA,MA002700613,MAREY
0112005780,27MA T8 VARIOS,PACK,LENCERIA,MA002700813,MAREY
0112005790,27MA T10 VARIOS,PACK,LENCERIA,MA002701013,MAREY
0112005800,27MA T12 VARIOS,PACK,LENCERIA,MA002701213,MAREY
0112005810,27MA T14 VARIOS,PACK,LENCERIA,MA002701413,MAREY
0112005820,27MA T16 VARIOS,PACK,LENCERIA,MA002701613,MAREY
0112005830,27MA T18 VARIOS,PACK,LENCERIA,MA002701813,MAREY
0112005840,29MA T4 VARIOS,PACK,LENCERIA,MA002900413,MAREY
0112005850,29MA T6 VARIOS,PACK,LENCERIA,MA002900613,MAREY
0112005860,29MA T8 VARIOS,PACK,LENCERIA,MA002900813,MAREY
0112005870,29MA T10 VARIOS,PACK,LENCERIA,MA002901013,MAREY
0112005880,29MA T12 VARIOS,PACK,LENCERIA,MA002901213,MAREY
0112005890,29MA T14 VARIOS,PACK,LENCERIA,MA002901413,MAREY
0112005900,29MA T16 VARIOS,PACK,LENCERIA,MA002901613,MAREY
0112005910,29MA T18 VARIOS,PACK,LENCERIA,MA002901813,MAREY
0112005920,30MA T4 VARIOS,PACK,LENCERIA,MA003000413,MAREY
0112005930,30MA T6 VARIOS,PACK,LENCERIA,MA003000613,MAREY
0112005940,30MA T8 VARIOS,PACK,LENCERIA,MA003000813,MAREY
0112005950,30MA T10 VARIOS,PACK,LENCERIA,MA003001013,MAREY
0112005960,30MA T12 VARIOS,PACK,LENCERIA,MA003001213,MAREY
0112005970,30MA T14 VARIOS,PACK,LENCERIA,MA003001413,MAREY
0112005980,30MA T16 VARIOS,PACK,LENCERIA,MA003001613,MAREY
0112005990,30MA T18 VARIOS,PACK,LENCERIA,MA003001813,MAREY
0112006000,31MA T4 VARIOS,PACK,LENCERIA,MA003100413,MAREY
0112006010,31MA T6 VARIOS,PACK,LENCERIA,MA003100613,MAREY
0112006020,31MA T8 VARIOS,PACK,LENCERIA,MA003100813,MAREY
0112006030,31MA T10 VARIOS,PACK,LENCERIA,MA003101013,MAREY
0112006040,31MA T12 VARIOS,PACK,LENCERIA,MA003101213,MAREY
0112006050,31MA T14 VARIOS,PACK,LENCERIA,MA003101413,MAREY
0112006060,31MA T16 VARIOS,PACK,LENCERIA,MA003101613,MAREY
0112006070,31MA T18 VARIOS,PACK,LENCERIA,MA003101813,MAREY
0112006080,32MA T4 VARIOS,PACK,LENCERIA,MA003200413,MAREY
0112006090,32MA T6 VARIOS,PACK,LENCERIA,MA003200613,MAREY
0112006100,32MA T8 VARIOS,PACK,LENCERIA,MA003200813,MAREY
0112006110,32MA T10 VARIOS,PACK,LENCERIA,MA003201013,MAREY
0112006120,32MA T12 VARIOS,PACK,LENCERIA,MA003201213,MAREY
0112006130,32MA T14 VARIOS,PACK,LENCERIA,MA003201413,MAREY
0112006140,32MA T16 VARIOS,PACK,LENCERIA,MA003201613,MAREY
0112006150,32MA T18 VARIOS,PACK,LENCERIA,MA003201813,MAREY
0112006160,35MA T4 VARIOS,PACK,LENCERIA,MA003500413,MAREY
0112006170,35MA T6 VARIOS,PACK,LENCERIA,MA003500613,MAREY
0112006180,35MA T8 VARIOS,PACK,LENCERIA,MA003500813,MAREY
0112006190,35MA T10 VARIOS,PACK,LENCERIA,MA003501013,MAREY
0112006200,35MA T12 VARIOS,PACK,LENCERIA,MA003501213,MAREY
0112006210,35MA T14 VARIOS,PACK,LENCERIA,MA003501413,MAREY
0112006220,35MA T16 VARIOS,PACK,LENCERIA,MA003501613,MAREY
0112006230,35MA T18 VARIOS,PACK,LENCERIA,MA003501813,MAREY
0112006240,36MA T4 VARIOS,PACK,LENCERIA,MA003600413,MAREY
0112006250,36MA T6 VARIOS,PACK,LENCERIA,MA003600613,MAREY
0112006260,36MA T8 VARIOS,PACK,LENCERIA,MA003600813,MAREY
0112006270,36MA T10 VARIOS,PACK,LENCERIA,MA003601013,MAREY
0112006280,36MA T12 VARIOS,PACK,LENCERIA,MA003601213,MAREY
0112006290,36MA T14 VARIOS,PACK,LENCERIA,MA003601413,MAREY
0112006300,36MA T16 VARIOS,PACK,LENCERIA,MA003601613,MAREY
0112006310,36MA T18 VARIOS,PACK,LENCERIA,MA003601813,MAREY
0112006320,37MA T4 VARIOS,PACK,LENCERIA,MA003700413,MAREY
0112006330,37MA T6 VARIOS,PACK,LENCERIA,MA003700613,MAREY
0112006340,37MA T8 VARIOS,PACK,LENCERIA,MA003700813,MAREY
0112006350,37MA T10 VARIOS,PACK,LENCERIA,MA003701013,MAREY
0112006360,37MA T12 VARIOS,PACK,LENCERIA,MA003701213,MAREY
0112006370,37MA T14 VARIOS,PACK,LENCERIA,MA003701413,MAREY
0112006380,37MA T16 VARIOS,PACK,LENCERIA,MA003701613,MAREY
0112006390,37MA T18 VARIOS,PACK,LENCERIA,MA003701813,MAREY
0112006400,38MA T4 VARIOS,PACK,LENCERIA,MA003800413,MAREY
0112006410,38MA T6 VARIOS,PACK,LENCERIA,MA003800613,MAREY
0112006420,38MA T8 VARIOS,PACK,LENCERIA,MA003800813,MAREY
0112006430,38MA T10 VARIOS,PACK,LENCERIA,MA003801013,MAREY
0112006440,38MA T12 VARIOS,PACK,LENCERIA,MA003801213,MAREY
0112006450,38MA T14 VARIOS,PACK,LENCERIA,MA003801413,MAREY
0112006460,38MA T16 VARIOS,PACK,LENCERIA,MA003801613,MAREY
0112006470,38MA T18 VARIOS,PACK,LENCERIA,MA003801813,MAREY
0112006480,39MA T4 VARIOS,PACK,LENCERIA,MA003900413,MAREY
0112006490,39MA T6 VARIOS,PACK,LENCERIA,MA003900613,MAREY
0112006500,39MA T8 VARIOS,PACK,LENCERIA,MA003900813,MAREY
0112006510,39MA T10 VARIOS,PACK,LENCERIA,MA003901013,MAREY
0112006520,39MA T12 VARIOS,PACK,LENCERIA,MA003901213,MAREY
0112006530,39MA T14 VARIOS,PACK,LENCERIA,MA003901413,MAREY
0112006540,39MA T16 VARIOS,PACK,LENCERIA,MA003901613,MAREY
0112006550,39MA T18 VARIOS,PACK,LENCERIA,MA003901813,MAREY
0112006560,40MA T1 VARIOS,PACK,LENCERIA,MA004000113,MAREY
0112006570,40MA T2 VARIOS,PACK,LENCERIA,MA004000214,MAREY
0112006580,40MA T3 VARIOS,PACK,LENCERIA,MA004000315,MAREY
0112006590,40MA T4 VARIOS,PACK,LENCERIA,MA004000416,MAREY
0112006600,41MA T1 VARIOS,PACK,LENCERIA,MA004100113,MAREY
0112006610,41MA T2 VARIOS,PACK,LENCERIA,MA004100214,MAREY
0112006620,41MA T3 VARIOS,PACK,LENCERIA,MA004100315,MAREY
0112006630,41MA T4 VARIOS,PACK,LENCERIA,MA004100416,MAREY
0112006640,42MA T1 VARIOS,PACK,LENCERIA,MA004200113,MAREY
0112006650,42MA T2 VARIOS,PACK,LENCERIA,MA004200214,MAREY
0112006660,42MA T3 VARIOS,PACK,LENCERIA,MA004200315,MAREY
0112006670,42MA T4 VARIOS,PACK,LENCERIA,MA004200416,MAREY
0112006680,43MA T1 VARIOS,PACK,LENCERIA,MA004300113,MAREY
0112006690,43MA T2 VARIOS,PACK,LENCERIA,MA004300214,MAREY
0112006700,43MA T3 VARIOS,PACK,LENCERIA,MA004300315,MAREY
0112006710,43MA T4 VARIOS,PACK,LENCERIA,MA004300416,MAREY
0112006720,44MA T1 VARIOS,PACK,LENCERIA,MA004400113,MAREY
0112006730,44MA T2 VARIOS,PACK,LENCERIA,MA004400214,MAREY
0112006740,44MA T3 VARIOS,PACK,LENCERIA,MA004400315,MAREY
0112006750,44MA T4 VARIOS,PACK,LENCERIA,MA004400416,MAREY
0112006760,45MA T4 VARIOS,PACK,LENCERIA,MA004500413,MAREY
0112006770,45MA T6 VARIOS,PACK,LENCERIA,MA004500613,MAREY
0112006780,45MA T8 VARIOS,PACK,LENCERIA,MA004500813,MAREY
0112006790,45MA T10 VARIOS,PACK,LENCERIA,MA004501013,MAREY
0112006800,45MA T12 VARIOS,PACK,LENCERIA,MA004501213,MAREY
0112006810,45MA T14 VARIOS,PACK,LENCERIA,MA004501413,MAREY
0112006820,45MA T16 VARIOS,PACK,LENCERIA,MA004501613,MAREY
0112006830,45MA T18 VARIOS,PACK,LENCERIA,MA004501813,MAREY
0112006840,46MA T4 PACK X 3 Culottes,PACK,LENCERIA,MA004600413,MAREY
0112006850,46MA T6 PACK X 3 Culottes,PACK,LENCERIA,MA004600613,MAREY
0112006860,46MA T8 PACK X 3 Culottes,PACK,LENCERIA,MA004600813,MAREY
0112006870,46MA T10 PACK X 3 Culottes,PACK,LENCERIA,MA004601013,MAREY
0112006880,46MA T12 PACK X 3 Culottes,PACK,LENCERIA,MA004601213,MAREY
0112006890,46MA T14 PACK X 3 Culottes,PACK,LENCERIA,MA004601413,MAREY
0112006900,46MA T16 PACK X 3 Culottes,PACK,LENCERIA,MA004601613,MAREY
0112006910,46MA T18 PACK X 3 Culottes,PACK,LENCERIA,MA004601813,MAREY
0112006920,47MA T4 PACK X 3 Culottes,PACK,LENCERIA,MA004700413,MAREY
0112006930,47MA T6 PACK X 3 Culottes,PACK,LENCERIA,MA004700613,MAREY
0112006940,47MA T8 PACK X 3 Culottes,PACK,LENCERIA,MA004700813,MAREY
0112006950,47MA T10 PACK X 3 Culottes,PACK,LENCERIA,MA004701013,MAREY
0112006960,47MA T12 PACK X 3 Culottes,PACK,LENCERIA,MA004701213,MAREY
0112006970,47MA T14 PACK X 3 Culottes,PACK,LENCERIA,MA004701413,MAREY
0112006980,47MA T16 PACK X 3 Culottes,PACK,LENCERIA,MA004701613,MAREY
0112006990,47MA T18 PACK X 3 Culottes,PACK,LENCERIA,MA004701813,MAREY
0112007000,49MA T4 PACK X 3 Culottes,PACK,LENCERIA,MA004900413,MAREY
0112007010,49MA T6 PACK X 3 Culottes,PACK,LENCERIA,MA004900613,MAREY
0112007020,49MA T8 PACK X 3 Culottes,PACK,LENCERIA,MA004900813,MAREY
0112007030,49MA T10 PACK X 3 Culottes,PACK,LENCERIA,MA04901013,MAREY
0112007040,49MA T12 PACK X 3 Culottes,PACK,LENCERIA,MA04901213,MAREY
0112007050,49MA T14 PACK X 3 Culottes,PACK,LENCERIA,MA004901413,MAREY
0112007060,49MA T16 PACK X 3 Culottes,PACK,LENCERIA,MA004901613,MAREY
0112007070,49MA T18 PACK X 3 Culottes,PACK,LENCERIA,MA004901813,MAREY
0112007080,50MA T4 PACK X 3 Culottes,PACK,LENCERIA,MA005000413,MAREY
0112007090,50MA T6 PACK X 3 Culottes,PACK,LENCERIA,MA005000613,MAREY
0112007100,50MA T8 PACK X 3 Culottes,PACK,LENCERIA,MA005000813,MAREY
0112007110,50MA T10 PACK X 3 Culottes,PACK,LENCERIA,MA005001013,MAREY
0112007120,50MA T12 PACK X 3 Culottes,PACK,LENCERIA,MA005001213,MAREY
0112007130,50MA T14 PACK X 3 Culottes,PACK,LENCERIA,MA005001413,MAREY
0112007140,50MA T16 PACK X 3 Culottes,PACK,LENCERIA,MA005001613,MAREY
0112007150,50MA T18 PACK X 3 Culottes,PACK,LENCERIA,MA005001813,MAREY
0112007160,51MA T4 PACK X 3 CORPIOS,PACK,LENCERIA,MA005100413,MAREY
0112007170,51MA T6 PACK X 3 CORPIOS,PACK,LENCERIA,MA005100613,MAREY
0112007180,51MA T8 PACK X 3 CORPIOS,PACK,LENCERIA,MA005100813,MAREY
0112007190,51MA T10 PACK X 3 CORPIOS,PACK,LENCERIA,MA005101013,MAREY
0112007200,51MA T12 PACK X 3 CORPIOS,PACK,LENCERIA,MA005101213,MAREY
0112007210,51MA T14 PACK X 3 CORPIOS,PACK,LENCERIA,MA005101413,MAREY
0112007220,51MA T16 PACK X 3 CORPIOS,PACK,LENCERIA,MA005101613,MAREY
0112007230,51MA T18 PACK X 3 CORPIOS,PACK,LENCERIA,MA005101813,MAREY
0112007240,52MA T4 PACK X 3 Culottes,PACK,LENCERIA,MA005200413,MAREY
0112007250,52MA T6 PACK X 3 Culottes,PACK,LENCERIA,MA005200613,MAREY
0112007260,52MA T8 PACK X 3 Culottes,PACK,LENCERIA,MA005200813,MAREY
0112007270,52MA T10 PACK X 3 Culottes,PACK,LENCERIA,MA005201013,MAREY
0112007280,52MA T12 PACK X 3 Culottes,PACK,LENCERIA,MA005201213,MAREY
0112007290,52MA T14 PACK X 3 Culottes,PACK,LENCERIA,MA005201413,MAREY
0112007300,52MA T16 PACK X 3 Culottes,PACK,LENCERIA,MA005201613,MAREY
0112007310,52MA T18 PACK X 3 Culottes,PACK,LENCERIA,MA005201813,MAREY
0112007320,54MA T4 PACK X 3 CORPIOS,PACK,LENCERIA,MA005400413,MAREY
0112007330,54MA T6 PACK X 3 CORPIOS,PACK,LENCERIA,MA005400613,MAREY
0112007340,54MA T8 PACK X 3 CORPIOS,PACK,LENCERIA,MA005400813,MAREY
0112007350,54MA T10 PACK X 3 CORPIOS,PACK,LENCERIA,MA005401013,MAREY
0112007360,54MA T12 PACK X 3 CORPIOS,PACK,LENCERIA,MA005401213,MAREY
0112007370,54MA T14 PACK X 3 CORPIOS,PACK,LENCERIA,MA005401413,MAREY
0112007380,54MA T16 PACK X 3 CORPIOS,PACK,LENCERIA,MA005401613,MAREY
0112007390,54MA T18 PACK X 3 CORPIOS,PACK,LENCERIA,MA005401813,MAREY
0112007400,55MA T70 PACK X 3 CORPIOS,PACK,LENCERIA,MA005507013,MAREY
0112007410,55MA T75 PACK X 3 CORPIOS,PACK,LENCERIA,MA005507513,MAREY
0112007420,55MA T80 PACK X 3 CORPIOS,PACK,LENCERIA,MA005508013,MAREY
0112007430,55MA T85 PACK X 3 CORPIOS,PACK,LENCERIA,MA005508513,MAREY
0112007440,55MA T90 PACK X 3 CORPIOS,PACK,LENCERIA,MA005509013,MAREY
0112007450,55MA T95 PACK X 3 CORPIOS,PACK,LENCERIA,MA005509513,MAREY
0112007460,52MA T4 PACK X 3 Culottes,PACK,LENCERIA,MA05200413,MAREY
0112007470,52MA T6 PACK X 3 Culottes,PACK,LENCERIA,MA05200613,MAREY
0112007480,52MA T8 PACK X 3 Culottes,PACK,LENCERIA,MA05200813,MAREY
0112007490,52MA T10 PACK X 3 Culottes,PACK,LENCERIA,MA05201013,MAREY
0112007500,52MA T12 PACK X 3 Culottes,PACK,LENCERIA,MA05201213,MAREY
0112007510,52MA T14 PACK X 3 Culottes,PACK,LENCERIA,MA05201413,MAREY
0112007520,52MA T16 PACK X 3 Culottes,PACK,LENCERIA,MA05201613,MAREY
0112007530,52MA T18 PACK X 3 Culottes,PACK,LENCERIA,MA05201813,MAREY
0112007540,53MA T4 PACK X 3 Vedetinas,PACK,LENCERIA,MA05300413,MAREY
0112007550,53MA T6 PACK X 3 Vedetinas,PACK,LENCERIA,MA05300613,MAREY
0112007560,53MA T8 PACK X 3 Vedetinas,PACK,LENCERIA,MA05300813,MAREY
0112007570,53MA T10 PACK X 3 Vedetinas,PACK,LENCERIA,MA05301013,MAREY
0112007580,53MA T12 PACK X 3 Vedetinas,PACK,LENCERIA,MA05301213,MAREY
0112007590,53MA T14 PACK X 3 Vedetinas,PACK,LENCERIA,MA05301413,MAREY
0112007600,53MA T16 PACK X 3 Vedetinas,PACK,LENCERIA,MA05301613,MAREY
0112007610,53MA T18 PACK X 3 Vedetinas,PACK,LENCERIA,MA05301813,MAREY
0112007620,53MA T70 PACK X 3 TEENS Vedeti,PACK,LENCERIA,MA05307013,MAREY
0112007630,53MA T75 PACK X 3 TEENS Vedeti,PACK,LENCERIA,MA05307513,MAREY
0112007640,53MA T80 PACK X 3 TEENS Vedeti,PACK,LENCERIA,MA05308013,MAREY
0112007650,53MA T85 PACK X 3 TEENS Vedeti,PACK,LENCERIA,MA05308513,MAREY
0112007660,53MA T90 PACK X 3 TEENS Vedeti,PACK,LENCERIA,MA05309013,MAREY
0112007670,53MA T95 PACK X 3 TEENS Vedeti,PACK,LENCERIA,MA05309513,MAREY
0112007680,55MA T70 VARIOS,PACK,LENCERIA,MA05507013,MAREY
0112007690,55MA T75 VARIOS,PACK,LENCERIA,MA05507513,MAREY
0112007700,55MA T80 VARIOS,PACK,LENCERIA,MA05508013,MAREY
0112007710,55MA T85 VARIOS,PACK,LENCERIA,MA05508513,MAREY
0112007720,55MA T90 VARIOS,PACK,LENCERIA,MA05509013,MAREY
0112007730,55MA T95 VARIOS,PACK,LENCERIA,MA05509513,MAREY
0112015230,51MA T10 PACK X 3 CORPIOS,PACK,LENCERIA,MA05101013,MAREY
0112015240,51MA T12 PACK X 3 CORPIOS,PACK,LENCERIA,MA05101213,MAREY
0112015250,51MA T14 PACK X 3 CORPIOS,PACK,LENCERIA,MA05101413,MAREY
0112015260,51MA T16 PACK X 3 CORPIOS,PACK,LENCERIA,MA05101613,MAREY
0112015270,51MA T18 PACK X 3 CORPIOS,PACK,LENCERIA,MA05101813,MAREY
0112015280,51MA T04 PACK X 3 CORPIOS,PACK,LENCERIA,MA05100413,MAREY
0112015290,51MA T06 PACK X 3 CORPIOS,PACK,LENCERIA,MA05100613,MAREY
0112015300,51MA T08 PACK X 3 CORPIOS,PACK,LENCERIA,MA05100813,MAREY
0112015310,56MA CORPIO,PACK,LENCERIA,56MA,MAREY
0112015320,57MA CORPIO,PACK,LENCERIA,57MA,MAREY
0112015330,58MA CORPIO,PACK,LENCERIA,58MA,MAREY
0112015340,59MA CORPIO,PACK,LENCERIA,59MA,MAREY
0112015350,60MA CORPIO,PACK,LENCERIA,60MA,MAREY
0112016540,56MA T10 VARIOS,PACK,LENCERIA,MA05601013,MAREY
0112016550,56MA T12 VARIOS,PACK,LENCERIA,MA05601213,MAREY
0112016560,56MA T14 VARIOS,PACK,LENCERIA,MA05601413,MAREY
0112016570,56MA T16 VARIOS,PACK,LENCERIA,MA05601613,MAREY
0112016580,56MA T18 VARIOS,PACK,LENCERIA,MA05601813,MAREY
0112016590,56MA T4 VARIOS,PACK,LENCERIA,MA05600413,MAREY
0112016600,56MA T6 VARIOS,PACK,LENCERIA,MA05600613,MAREY
0112016610,56MA T8 VARIOS,PACK,LENCERIA,MA05600813,MAREY
0112016620,57MA T10 VARIOS,PACK,LENCERIA,MA05701013,MAREY
0112016630,57MA T12 VARIOS,PACK,LENCERIA,MA05701213,MAREY
0112016640,57MA T14 VARIOS,PACK,LENCERIA,MA05701413,MAREY
0112016650,57MA T16 VARIOS,PACK,LENCERIA,MA05701613,MAREY
0112016660,57MA T18 VARIOS,PACK,LENCERIA,MA05701813,MAREY
0112016670,57MA T4 VARIOS,PACK,LENCERIA,MA05700413,MAREY
0112016680,57MA T6 VARIOS,PACK,LENCERIA,MA05700613,MAREY
0112016690,57MA T8 VARIOS,PACK,LENCERIA,MA05700813,MAREY
0112016700,58MA T10 VARIOS,PACK,LENCERIA,MA05801013,MAREY
0112016710,58MA T12 VARIOS,PACK,LENCERIA,MA05801213,MAREY
0112016720,58MA T14 VARIOS,PACK,LENCERIA,MA05801413,MAREY
0112016730,58MA T16 VARIOS,PACK,LENCERIA,MA05801613,MAREY
0112016740,58MA T18 VARIOS,PACK,LENCERIA,MA05801813,MAREY
0112016750,58MA T4 VARIOS,PACK,LENCERIA,MA05800413,MAREY
0112016760,58MA T6 VARIOS,PACK,LENCERIA,MA05800613,MAREY
0112016770,58MA T8 VARIOS,PACK,LENCERIA,MA05800813,MAREY
0112016780,59MA T10 VARIOS,PACK,LENCERIA,MA05901013,MAREY
0112016790,59MA T12 VARIOS,PACK,LENCERIA,MA05901213,MAREY
0112016800,59MA T14 VARIOS,PACK,LENCERIA,MA05901413,MAREY
0112016810,59MA T16 VARIOS,PACK,LENCERIA,MA05901613,MAREY
0112016820,59MA T18 VARIOS,PACK,LENCERIA,MA05901813,MAREY
0112016830,59MA T4 VARIOS,PACK,LENCERIA,MA05900413,MAREY
0112016840,59MA T6 VARIOS,PACK,LENCERIA,MA05900613,MAREY
0112016850,59MA T8 VARIOS,PACK,LENCERIA,MA05900813,MAREY
0112016860,60MA T10 VARIOS,PACK,LENCERIA,MA06001013,MAREY
0112016870,60MA T12 VARIOS,PACK,LENCERIA,MA06001213,MAREY
0112016880,60MA T14 VARIOS,PACK,LENCERIA,MA06001413,MAREY
0112016890,60MA T2 VARIOS,PACK,LENCERIA,MA06000213,MAREY
0112016900,60MA T4 VARIOS,PACK,LENCERIA,MA06000413,MAREY
0112016910,60MA T6 VARIOS,PACK,LENCERIA,MA06000613,MAREY
0112016920,60MA T8 VARIOS,PACK,LENCERIA,MA06000813,MAREY
0201027230,5000MA BOXER,BOXER,LINEA UNDERWARE HOMBRE,5000MA,MAREY
0201027240,5001MA BOXER,BOXER,LINEA UNDERWARE HOMBRE,5001MA,MAREY
0201027250,5007MA BOXER,BOXER,LINEA UNDERWARE HOMBRE,5007MA,MAREY
0201027260,5000MA T2 VARIOS,BOXER,LINEA UNDERWARE HOMBRE,MA500000213,MAREY
0201027270,5000MA T4 VARIOS,BOXER,LINEA UNDERWARE HOMBRE,MA500000413,MAREY
0201027280,5000MA T6 VARIOS,BOXER,LINEA UNDERWARE HOMBRE,MA500000613,MAREY
0201027290,5000MA T8 VARIOS,BOXER,LINEA UNDERWARE HOMBRE,MA500000813,MAREY
0201027300,5000MA T10 VARIOS,BOXER,LINEA UNDERWARE HOMBRE,MA500001013,MAREY
0201027310,5000MA T12 VARIOS,BOXER,LINEA UNDERWARE HOMBRE,MA500001213,MAREY
0201027320,5000MA T14 VARIOS,BOXER,LINEA UNDERWARE HOMBRE,MA500001413,MAREY
0201027330,5001MA T2 VARIOS,BOXER,LINEA UNDERWARE HOMBRE,MA500100213,MAREY
0201027340,5001MA T4 VARIOS,BOXER,LINEA UNDERWARE HOMBRE,MA500100413,MAREY
0201027350,5001MA T6 VARIOS,BOXER,LINEA UNDERWARE HOMBRE,MA500100613,MAREY
0201027360,5001MA T8 VARIOS,BOXER,LINEA UNDERWARE HOMBRE,MA500100813,MAREY
0201027370,5001MA T10 VARIOS,BOXER,LINEA UNDERWARE HOMBRE,MA500101013,MAREY
0201027380,5001MA T12 VARIOS,BOXER,LINEA UNDERWARE HOMBRE,MA500101213,MAREY
0201027390,5001MA T14 VARIOS,BOXER,LINEA UNDERWARE HOMBRE,MA500101413,MAREY
0201027400,5002MA T2 VARIOS,BOXER,LINEA UNDERWARE HOMBRE,MA500200213,MAREY
0201027410,5002MA T4 VARIOS,BOXER,LINEA UNDERWARE HOMBRE,MA500200413,MAREY
0201027420,5002MA T6 VARIOS,BOXER,LINEA UNDERWARE HOMBRE,MA500200613,MAREY
0201027430,5002MA T8 VARIOS,BOXER,LINEA UNDERWARE HOMBRE,MA500200813,MAREY
0201027440,5002MA T10 VARIOS,BOXER,LINEA UNDERWARE HOMBRE,MA500201013,MAREY
0201027450,5002MA T12 VARIOS,BOXER,LINEA UNDERWARE HOMBRE,MA500201213,MAREY
0201027460,5002MA T14 VARIOS,BOXER,LINEA UNDERWARE HOMBRE,MA500201413,MAREY
0201027470,5003MA T2 VARIOS,BOXER,LINEA UNDERWARE HOMBRE,MA500300213,MAREY
0201027480,5003MA T4 VARIOS,BOXER,LINEA UNDERWARE HOMBRE,MA500300413,MAREY
0201027490,5003MA T6 VARIOS,BOXER,LINEA UNDERWARE HOMBRE,MA500300613,MAREY
0201027500,5003MA T8 VARIOS,BOXER,LINEA UNDERWARE HOMBRE,MA500300813,MAREY
0201027510,5003MA T10 VARIOS,BOXER,LINEA UNDERWARE HOMBRE,MA500301013,MAREY
0201027520,5003MA T12 VARIOS,BOXER,LINEA UNDERWARE HOMBRE,MA500301213,MAREY
0201027530,5003MA T14 VARIOS,BOXER,LINEA UNDERWARE HOMBRE,MA500301413,MAREY
0201027540,5004MA T2 VARIOS,BOXER,LINEA UNDERWARE HOMBRE,MA500400213,MAREY
0201027550,5004MA T4 VARIOS,BOXER,LINEA UNDERWARE HOMBRE,MA500400413,MAREY
0201027560,5004MA T6 VARIOS,BOXER,LINEA UNDERWARE HOMBRE,MA500400613,MAREY
0201027570,5004MA T8 VARIOS,BOXER,LINEA UNDERWARE HOMBRE,MA500400813,MAREY
0201027580,5004MA T10 VARIOS,BOXER,LINEA UNDERWARE HOMBRE,MA500401013,MAREY
0201027590,5004MA T12 VARIOS,BOXER,LINEA UNDERWARE HOMBRE,MA500401213,MAREY
0201027600,5004MA T14 VARIOS,BOXER,LINEA UNDERWARE HOMBRE,MA500401413,MAREY
0201027610,5005MA T2 VARIOS,BOXER,LINEA UNDERWARE HOMBRE,MA500500213,MAREY
0201027620,5005MA T4 VARIOS,BOXER,LINEA UNDERWARE HOMBRE,MA500500413,MAREY
0201027630,5005MA T6 VARIOS,BOXER,LINEA UNDERWARE HOMBRE,MA500500613,MAREY
0201027640,5005MA T8 VARIOS,BOXER,LINEA UNDERWARE HOMBRE,MA500500813,MAREY
0201027650,5005MA T10 VARIOS,BOXER,LINEA UNDERWARE HOMBRE,MA500501013,MAREY
0201027660,5005MA T12 VARIOS,BOXER,LINEA UNDERWARE HOMBRE,MA500501213,MAREY
0201027670,5005MA T14 VARIOS,BOXER,LINEA UNDERWARE HOMBRE,MA500501413,MAREY
0201027680,5006MA T2 VARIOS,BOXER,LINEA UNDERWARE HOMBRE,MA500600213,MAREY
0201027690,5006MA T4 VARIOS,BOXER,LINEA UNDERWARE HOMBRE,MA500600413,MAREY
0201027700,5006MA T6 VARIOS,BOXER,LINEA UNDERWARE HOMBRE,MA500600613,MAREY
0201027710,5006MA T8 VARIOS,BOXER,LINEA UNDERWARE HOMBRE,MA500600813,MAREY
0201027720,5006MA T10 VARIOS,BOXER,LINEA UNDERWARE HOMBRE,MA500601013,MAREY
0201027730,5006MA T12 VARIOS,BOXER,LINEA UNDERWARE HOMBRE,MA500601213,MAREY
0201027740,5006MA T14 VARIOS,BOXER,LINEA UNDERWARE HOMBRE,MA500601413,MAREY
0201027750,5007MA T2 VARIOS,BOXER,LINEA UNDERWARE HOMBRE,MA500700213,MAREY
0201027760,5007MA T4 VARIOS,BOXER,LINEA UNDERWARE HOMBRE,MA500700413,MAREY
0201027770,5007MA T6 VARIOS,BOXER,LINEA UNDERWARE HOMBRE,MA500700613,MAREY
0201027780,5007MA T8 VARIOS,BOXER,LINEA UNDERWARE HOMBRE,MA500700813,MAREY
0201027790,5007MA T10 VARIOS,BOXER,LINEA UNDERWARE HOMBRE,MA500701013,MAREY
0201027800,5007MA T12 VARIOS,BOXER,LINEA UNDERWARE HOMBRE,MA500701213,MAREY
0201027810,5007MA T14 VARIOS,BOXER,LINEA UNDERWARE HOMBRE,MA500701413,MAREY
0201027820,5008MA T2 LILA BOXER NIO,BOXER,LINEA UNDERWARE HOMBRE,MA500800205,MAREY
0201027830,5008MA T2 CELESTE BOXER NIO,BOXER,LINEA UNDERWARE HOMBRE,MA500800207,MAREY
0201027840,5008MA T2 VERDE BOXER NIO,BOXER,LINEA UNDERWARE HOMBRE,MA500800208,MAREY
0201027850,5008MA T2 AZUL BOXER NIO,BOXER,LINEA UNDERWARE HOMBRE,MA500800225,MAREY
0201027860,5008MA T4 LILA BOXER NIO,BOXER,LINEA UNDERWARE HOMBRE,MA500800405,MAREY
0201027870,5008MA T4 CELESTE BOXER NIO,BOXER,LINEA UNDERWARE HOMBRE,MA500800407,MAREY
0201027880,5008MA T4 VERDE BOXER NIO,BOXER,LINEA UNDERWARE HOMBRE,MA500800408,MAREY
0201027890,5008MA T4 AZUL BOXER NIO,BOXER,LINEA UNDERWARE HOMBRE,MA500800425,MAREY
0201027900,5008MA T6 LILA BOXER NIO,BOXER,LINEA UNDERWARE HOMBRE,MA500800605,MAREY
0201027910,5008MA T6 CELESTE BOXER NIO,BOXER,LINEA UNDERWARE HOMBRE,MA500800607,MAREY
0201027920,5008MA T6 VERDE BOXER NIO,BOXER,LINEA UNDERWARE HOMBRE,MA500800608,MAREY
0201027930,5008MA T6 AZUL BOXER NIO,BOXER,LINEA UNDERWARE HOMBRE,MA500800625,MAREY
0201027940,5008MA T8 LILA BOXER NIO,BOXER,LINEA UNDERWARE HOMBRE,MA500800805,MAREY
0201027950,5008MA T8 CELESTE BOXER NIO,BOXER,LINEA UNDERWARE HOMBRE,MA500800807,MAREY
0201027960,5008MA T8 VERDE BOXER NIO,BOXER,LINEA UNDERWARE HOMBRE,MA500800808,MAREY
0201027970,5008MA T8 AZUL BOXER NIO,BOXER,LINEA UNDERWARE HOMBRE,MA500800825,MAREY
0201027980,5008MA T10 LILA BOXER NIO,BOXER,LINEA UNDERWARE HOMBRE,MA500801005,MAREY
0201027990,5008MA T10 CELESTE BOXER NIO,BOXER,LINEA UNDERWARE HOMBRE,MA500801007,MAREY
0201028000,5008MA T10 VERDE BOXER NIO,BOXER,LINEA UNDERWARE HOMBRE,MA500801008,MAREY
0201028010,5008MA T10 AZUL BOXER NIO,BOXER,LINEA UNDERWARE HOMBRE,MA500801025,MAREY
0201028020,5008MA T12 LILA BOXER NIO,BOXER,LINEA UNDERWARE HOMBRE,MA500801205,MAREY
0201028030,5008MA T12 CELESTE BOXER NIO,BOXER,LINEA UNDERWARE HOMBRE,MA500801207,MAREY
0201028040,5008MA T12 VERDE BOXER NIO,BOXER,LINEA UNDERWARE HOMBRE,MA500801208,MAREY
0201028050,5008MA T12 AZUL BOXER NIO,BOXER,LINEA UNDERWARE HOMBRE,MA500801225,MAREY
0201028060,5008MA T14 LILA BOXER NIO,BOXER,LINEA UNDERWARE HOMBRE,MA500801405,MAREY
0201028070,5008MA T14 CELESTE BOXER NIO,BOXER,LINEA UNDERWARE HOMBRE,MA500801407,MAREY
0201028080,5008MA T14 VERDE BOXER NIO,BOXER,LINEA UNDERWARE HOMBRE,MA500801408,MAREY
0201028090,5008MA T14 AZUL BOXER NIO,BOXER,LINEA UNDERWARE HOMBRE,MA500801425,MAREY
0201028100,5009MA T2 BLANCO BOXER NIO,BOXER,LINEA UNDERWARE HOMBRE,MA500900201,MAREY
0201028110,5009MA T2 MELANGE BOXER NIO,BOXER,LINEA UNDERWARE HOMBRE,MA500900210,MAREY
0201028120,5009MA T2 AZUL BOXER NIO,BOXER,LINEA UNDERWARE HOMBRE,MA500900225,MAREY
0201028130,5009MA T4 BLANCO BOXER NIO,BOXER,LINEA UNDERWARE HOMBRE,MA500900401,MAREY
0201028140,5009MA T4 MELANGE BOXER NIO,BOXER,LINEA UNDERWARE HOMBRE,MA500900410,MAREY
0201028150,5009MA T4 AZUL BOXER NIO,BOXER,LINEA UNDERWARE HOMBRE,MA500900425,MAREY
0201028160,5009MA T6 BLANCO BOXER NIO,BOXER,LINEA UNDERWARE HOMBRE,MA500900601,MAREY
0201028170,5009MA T6 MELANGE BOXER NIO,BOXER,LINEA UNDERWARE HOMBRE,MA500900610,MAREY
0201028180,5009MA T6 AZUL BOXER NIO,BOXER,LINEA UNDERWARE HOMBRE,MA500900625,MAREY
0201028190,5009MA T8 BLANCO BOXER NIO,BOXER,LINEA UNDERWARE HOMBRE,MA500900801,MAREY
0201028200,5009MA T8 MELANGE BOXER NIO,BOXER,LINEA UNDERWARE HOMBRE,MA500900810,MAREY
0201028210,5009MA T8 AZUL BOXER NIO,BOXER,LINEA UNDERWARE HOMBRE,MA500900825,MAREY
0201028220,5009MA T10 BLANCO BOXER NIO,BOXER,LINEA UNDERWARE HOMBRE,MA500901001,MAREY
0201028230,5009MA T10 MELANGE BOXER NIO,BOXER,LINEA UNDERWARE HOMBRE,MA500901010,MAREY
0201028240,5009MA T10 AZUL BOXER NIO,BOXER,LINEA UNDERWARE HOMBRE,MA500901025,MAREY
0201028250,5009MA T12 BLANCO BOXER NIO,BOXER,LINEA UNDERWARE HOMBRE,MA500901201,MAREY
0201028260,5009MA T12 MELANGE BOXER NIO,BOXER,LINEA UNDERWARE HOMBRE,MA500901210,MAREY
0201028270,5009MA T12 AZUL BOXER NIO,BOXER,LINEA UNDERWARE HOMBRE,MA500901225,MAREY
0201028280,5009MA T14 BLANCO BOXER NIO,BOXER,LINEA UNDERWARE HOMBRE,MA500901401,MAREY
0201028290,5009MA T14 MELANGE BOXER NIO,BOXER,LINEA UNDERWARE HOMBRE,MA500901410,MAREY
0201028300,5009MA T14 AZUL BOXER NIO,BOXER,LINEA UNDERWARE HOMBRE,MA500901425,MAREY
0201028310,5010MA T2 NEGRO BOXER NIO,BOXER,LINEA UNDERWARE HOMBRE,MA501000215,MAREY
0201028320,5010MA T2 ROJO BOXER NIO,BOXER,LINEA UNDERWARE HOMBRE,MA501000216,MAREY
0201028330,5010MA T2 AZUL BOXER NIO,BOXER,LINEA UNDERWARE HOMBRE,MA501000225,MAREY
0201028340,5010MA T4 NEGRO BOXER NIO,BOXER,LINEA UNDERWARE HOMBRE,MA501000415,MAREY
0201028350,5010MA T4 ROJO BOXER NIO,BOXER,LINEA UNDERWARE HOMBRE,MA501000416,MAREY
0201028360,5010MA T4 AZUL BOXER NIO,BOXER,LINEA UNDERWARE HOMBRE,MA501000425,MAREY
0201028370,5010MA T6 NEGRO BOXER NIO,BOXER,LINEA UNDERWARE HOMBRE,MA501000615,MAREY
0201028380,5010MA T6 ROJO BOXER NIO,BOXER,LINEA UNDERWARE HOMBRE,MA501000616,MAREY
0201028390,5010MA T6 AZUL BOXER NIO,BOXER,LINEA UNDERWARE HOMBRE,MA501000625,MAREY
0201028400,5010MA T8 NEGRO BOXER NIO,BOXER,LINEA UNDERWARE HOMBRE,MA501000815,MAREY
0201028410,5010MA T8 ROJO BOXER NIO,BOXER,LINEA UNDERWARE HOMBRE,MA501000816,MAREY
0201028420,5010MA T8 AZUL BOXER NIO,BOXER,LINEA UNDERWARE HOMBRE,MA501000825,MAREY
0201028430,5010MA T10 NEGRO BOXER NIO,BOXER,LINEA UNDERWARE HOMBRE,MA501001015,MAREY
0201028440,5010MA T10 ROJO BOXER NIO,BOXER,LINEA UNDERWARE HOMBRE,MA501001016,MAREY
0201028450,5010MA T10 AZUL BOXER NIO,BOXER,LINEA UNDERWARE HOMBRE,MA501001025,MAREY
0201028460,5010MA T12 NEGRO BOXER NIO,BOXER,LINEA UNDERWARE HOMBRE,MA501001215,MAREY
0201028470,5010MA T12 ROJO BOXER NIO,BOXER,LINEA UNDERWARE HOMBRE,MA501001216,MAREY
0201028480,5010MA T12 AZUL BOXER NIO,BOXER,LINEA UNDERWARE HOMBRE,MA501001225,MAREY
0201028490,5010MA T14 NEGRO BOXER NIO,BOXER,LINEA UNDERWARE HOMBRE,MA501001415,MAREY
0201028500,5010MA T14 ROJO BOXER NIO,BOXER,LINEA UNDERWARE HOMBRE,MA501001416,MAREY
0201028510,5010MA T14 AZUL BOXER NIO,BOXER,LINEA UNDERWARE HOMBRE,MA501001425,MAREY
0201028520,5011MA T2 CELESTE BOXER NIO,BOXER,LINEA UNDERWARE HOMBRE,MA501100207,MAREY
0201028530,5011MA T2 MELANGE BOXER NIO,BOXER,LINEA UNDERWARE HOMBRE,MA501100210,MAREY
0201028540,5011MA T2 ROJO BOXER NIO,BOXER,LINEA UNDERWARE HOMBRE,MA501100216,MAREY
0201028550,5011MA T2 AZUL BOXER NIO,BOXER,LINEA UNDERWARE HOMBRE,MA501100225,MAREY
0201028560,5011MA T4 CELESTE BOXER NIO,BOXER,LINEA UNDERWARE HOMBRE,MA501100407,MAREY
0201028570,5011MA T4 MELANGE BOXER NIO,BOXER,LINEA UNDERWARE HOMBRE,MA501100410,MAREY
0201028580,5011MA T4 ROJO BOXER NIO,BOXER,LINEA UNDERWARE HOMBRE,MA501100416,MAREY
0201028590,5011MA T4 AZUL BOXER NIO,BOXER,LINEA UNDERWARE HOMBRE,MA501100425,MAREY
0201028600,5011MA T6 CELESTE BOXER NIO,BOXER,LINEA UNDERWARE HOMBRE,MA501100607,MAREY
0201028610,5011MA T6 MELANGE BOXER NIO,BOXER,LINEA UNDERWARE HOMBRE,MA501100610,MAREY
0201028620,5011MA T6 ROJO BOXER NIO,BOXER,LINEA UNDERWARE HOMBRE,MA501100616,MAREY
0201028630,5011MA T6 AZUL BOXER NIO,BOXER,LINEA UNDERWARE HOMBRE,MA501100625,MAREY
0201028640,5011MA T8 CELESTE BOXER NIO,BOXER,LINEA UNDERWARE HOMBRE,MA501100807,MAREY
0201028650,5011MA T8 MELANGE BOXER NIO,BOXER,LINEA UNDERWARE HOMBRE,MA501100810,MAREY
0201028660,5011MA T8 ROJO BOXER NIO,BOXER,LINEA UNDERWARE HOMBRE,MA501100816,MAREY
0201028670,5011MA T8 AZUL BOXER NIO,BOXER,LINEA UNDERWARE HOMBRE,MA501100825,MAREY
0201028680,5011MA T10 MELANGE BOXER NIO,BOXER,LINEA UNDERWARE HOMBRE,MA501101010,MAREY
0201028690,5011MA T10 ROJO BOXER NIO,BOXER,LINEA UNDERWARE HOMBRE,MA501101016,MAREY
0201028700,5011MA T10 AZUL BOXER NIO,BOXER,LINEA UNDERWARE HOMBRE,MA501101025,MAREY
0201028710,5011MA T12 CELESTE BOXER NIO,BOXER,LINEA UNDERWARE HOMBRE,MA501101207,MAREY
0201028720,5011MA T12 MELANGE BOXER NIO,BOXER,LINEA UNDERWARE HOMBRE,MA501101210,MAREY
0201028730,5011MA T12 ROJO BOXER NIO,BOXER,LINEA UNDERWARE HOMBRE,MA501101216,MAREY
0201028740,5011MA T12 AZUL BOXER NIO,BOXER,LINEA UNDERWARE HOMBRE,MA501101225,MAREY
0201028750,5011MA T14 CELESTE BOXER NIO,BOXER,LINEA UNDERWARE HOMBRE,MA501101407,MAREY
0201028760,5011MA T14 MELANGE BOXER NIO,BOXER,LINEA UNDERWARE HOMBRE,MA501101410,MAREY
0201028770,5011MA T14 ROJO BOXER NIO,BOXER,LINEA UNDERWARE HOMBRE,MA501101416,MAREY
0201028780,5011MA T14 AZUL BOXER NIO,BOXER,LINEA UNDERWARE HOMBRE,MA501101425,MAREY
0201038120,5012MA T10 VARIOS,BOXER,LINEA UNDERWARE HOMBRE,MA501201013,MAREY
0201038130,5012MA T12 VARIOS,BOXER,LINEA UNDERWARE HOMBRE,MA501201213,MAREY
0201038140,5012MA T14 VARIOS,BOXER,LINEA UNDERWARE HOMBRE,MA501201413,MAREY
0201038150,5012MA T2 VARIOS,BOXER,LINEA UNDERWARE HOMBRE,MA501200213,MAREY
0201038160,5012MA T4 VARIOS,BOXER,LINEA UNDERWARE HOMBRE,MA50120413,MAREY
0201038170,5012MA T6 VARIOS,BOXER,LINEA UNDERWARE HOMBRE,MA501200613,MAREY
0201038180,5012MA T8 VARIOS,BOXER,LINEA UNDERWARE HOMBRE,MA501200813,MAREY
0201038190,5013MA T10 VARIOS,BOXER,LINEA UNDERWARE HOMBRE,MA501301013,MAREY
0201038200,5013MA T12 VARIOS,BOXER,LINEA UNDERWARE HOMBRE,MA501301213,MAREY
0201038210,5013MA T14 VARIOS,BOXER,LINEA UNDERWARE HOMBRE,MA501301413,MAREY
0201038220,5013MA T2 VARIOS,BOXER,LINEA UNDERWARE HOMBRE,MA501300213,MAREY
0201038230,5013MA T4 VARIOS,BOXER,LINEA UNDERWARE HOMBRE,MA501300413,MAREY
0201038240,5013MA T6 VARIOS,BOXER,LINEA UNDERWARE HOMBRE,MA501300613,MAREY
0201038250,5013MA T8 VARIOS,BOXER,LINEA UNDERWARE HOMBRE,MA501300813,MAREY
0201038260,5014MA T10 VARIOS,BOXER,LINEA UNDERWARE HOMBRE,MA501401013,MAREY
0201038270,5014MA T12 VARIOS,BOXER,LINEA UNDERWARE HOMBRE,MA501401213,MAREY
0201038280,5014MA T14 VARIOS,BOXER,LINEA UNDERWARE HOMBRE,MA501401413,MAREY
0201038290,5014MA T2 VARIOS,BOXER,LINEA UNDERWARE HOMBRE,MA501400213,MAREY
0201038300,5014MA T4 VARIOS,BOXER,LINEA UNDERWARE HOMBRE,MA501400413,MAREY
0201038310,5014MA T6 VARIOS,BOXER,LINEA UNDERWARE HOMBRE,MA501400613,MAREY
0201038320,5014MA T8 VARIOS,BOXER,LINEA UNDERWARE HOMBRE,MA501400813,MAREY
0602023930,6004MA T4 Rosa Pijama Jersey A,PIJAMA,ROPA DE DORMIR,MA600400404,MAREY
0602023940,6004MA T4 Verde Pijama Jersey,PIJAMA,ROPA DE DORMIR,MA600400408,MAREY
0602023950,6004MA T6 Rosa Pijama Jersey A,PIJAMA,ROPA DE DORMIR,MA600400604,MAREY
0602023960,6004MA T6 Verde Pijama Jersey,PIJAMA,ROPA DE DORMIR,MA600400608,MAREY
0602023970,6004MA T8 Rosa Pijama Jersey A,PIJAMA,ROPA DE DORMIR,MA600400804,MAREY
0602023980,6004MA T8 Verde Pijama Jersey,PIJAMA,ROPA DE DORMIR,MA600400808,MAREY
0602023990,6004MA T10 Rosa Pijama Jersey,PIJAMA,ROPA DE DORMIR,MA600401004,MAREY
0602024000,6004MA T10 Verde Pijama Jersey,PIJAMA,ROPA DE DORMIR,MA600401008,MAREY
0602024010,6004MA T12 Rosa Pijama Jersey,PIJAMA,ROPA DE DORMIR,MA600401204,MAREY
0602024020,6004MA T12 Verde Pijama Jersey,PIJAMA,ROPA DE DORMIR,MA600401208,MAREY
0602024030,6004MA T14 Rosa Pijama Jersey,PIJAMA,ROPA DE DORMIR,MA600401404,MAREY
0602024040,6004MA T14 Verde Pijama Jersey,PIJAMA,ROPA DE DORMIR,MA600401408,MAREY
0602024050,6004MA T16 Rosa Pijama Jersey,PIJAMA,ROPA DE DORMIR,MA600401604,MAREY
0602024060,6004MA T16 Verde Pijama Jersey,PIJAMA,ROPA DE DORMIR,MA600401608,MAREY
0602024070,6005MA T4 Melange Pijama Jerse,PIJAMA,ROPA DE DORMIR,MA600500410,MAREY
0602024080,6005MA T4 Rojo Pijama Jersey B,PIJAMA,ROPA DE DORMIR,MA600500416,MAREY
0602024090,6005MA T6 Melange Pijama Jerse,PIJAMA,ROPA DE DORMIR,MA600500610,MAREY
0602024100,6005MA T6 Rojo Pijama Jersey B,PIJAMA,ROPA DE DORMIR,MA600500616,MAREY
0602024110,6005MA T8 Melange Pijama Jerse,PIJAMA,ROPA DE DORMIR,MA600500810,MAREY
0602024120,6005MA T8 Rojo Pijama Jersey B,PIJAMA,ROPA DE DORMIR,MA600500816,MAREY
0602024130,6005MA T10 Rojo Pijama Jersey,PIJAMA,ROPA DE DORMIR,MA600501016,MAREY
0602024140,6005MA T12 Melange Pijama Jers,PIJAMA,ROPA DE DORMIR,MA600501210,MAREY
0602024150,6005MA T12 Rojo Pijama Jersey,PIJAMA,ROPA DE DORMIR,MA600501216,MAREY
0602024160,6005MA T14 Melange Pijama Jers,PIJAMA,ROPA DE DORMIR,MA600501410,MAREY
0602024170,6005MA T14 Rojo Pijama Jersey,PIJAMA,ROPA DE DORMIR,MA600501416,MAREY
0602024180,6005MA T16 Melange Pijama Jers,PIJAMA,ROPA DE DORMIR,MA600501610,MAREY
0602024190,6005MA T16 Rojo Pijama Jersey,PIJAMA,ROPA DE DORMIR,MA600501616,MAREY
0602024200,6006MA T4 Verde Pijama Jersey,PIJAMA,ROPA DE DORMIR,MA600600408,MAREY
0602024210,6006MA T4 Rojo Pijama Jersey B,PIJAMA,ROPA DE DORMIR,MA600600416,MAREY
0602024220,6006MA T6 Verde Pijama Jersey,PIJAMA,ROPA DE DORMIR,MA600600608,MAREY
0602024230,6006MA T6 Rojo Pijama Jersey B,PIJAMA,ROPA DE DORMIR,MA600600616,MAREY
0602024240,6006MA T8 Verde Pijama Jersey,PIJAMA,ROPA DE DORMIR,MA600600808,MAREY
0602024250,6006MA T8 Rojo Pijama Jersey B,PIJAMA,ROPA DE DORMIR,MA600600816,MAREY
0602024260,6006MA T10 Verde Pijama Jersey,PIJAMA,ROPA DE DORMIR,MA600601008,MAREY
0602024270,6005MA T10 Melange Pijama Jers,PIJAMA,ROPA DE DORMIR,MA600601010,MAREY
0602024280,6006MA T10 Rojo Pijama Jersey,PIJAMA,ROPA DE DORMIR,MA600601016,MAREY
0602024290,6006MA T12 Verde Pijama Jersey,PIJAMA,ROPA DE DORMIR,MA600601208,MAREY
0602024300,6006MA T12 Rojo Pijama Jersey,PIJAMA,ROPA DE DORMIR,MA600601216,MAREY
0602024310,6006MA T14 Verde Pijama Jersey,PIJAMA,ROPA DE DORMIR,MA600601408,MAREY
0602024320,6006MA T14 Rojo Pijama Jersey,PIJAMA,ROPA DE DORMIR,MA600601416,MAREY
0602024330,6006MA T16 Verde Pijama Jersey,PIJAMA,ROPA DE DORMIR,MA600601608,MAREY
0602024340,6006MA T16 Rojo Pijama Jersey,PIJAMA,ROPA DE DORMIR,MA600601616,MAREY
0602024350,6007MA T4 Rosa Pijama Jersey P,PIJAMA,ROPA DE DORMIR,MA600700404,MAREY
0602024360,6007MA T4 Celeste Pijama Jerse,PIJAMA,ROPA DE DORMIR,MA600700407,MAREY
0602024370,6007MA T6 Rosa Pijama Jersey P,PIJAMA,ROPA DE DORMIR,MA600700604,MAREY
0602024380,6007MA T6 Celeste Pijama Jerse,PIJAMA,ROPA DE DORMIR,MA600700607,MAREY
0602024390,6007MA T8 Rosa Pijama Jersey P,PIJAMA,ROPA DE DORMIR,MA600700804,MAREY
0602024400,6007MA T8 Celeste Pijama Jerse,PIJAMA,ROPA DE DORMIR,MA600700807,MAREY
0602024410,6007MA T10 Rosa Pijama Jersey,PIJAMA,ROPA DE DORMIR,MA600701004,MAREY
0602024420,6007MA T10 Celeste Pijama Jers,PIJAMA,ROPA DE DORMIR,MA600701007,MAREY
0602024430,6007MA T12 Rosa Pijama Jersey,PIJAMA,ROPA DE DORMIR,MA600701204,MAREY
0602024440,6007MA T12 Celeste Pijama Jers,PIJAMA,ROPA DE DORMIR,MA600701207,MAREY
0602024450,6007MA T14 Rosa Pijama Jersey,PIJAMA,ROPA DE DORMIR,MA600701404,MAREY
0602024460,6007MA T14 Celeste Pijama Jers,PIJAMA,ROPA DE DORMIR,MA600701407,MAREY
0602024470,6007MA T16 Rosa Pijama Jersey,PIJAMA,ROPA DE DORMIR,MA600701604,MAREY
0602024480,6007MA T16 Celeste Pijama Jers,PIJAMA,ROPA DE DORMIR,MA600701607,MAREY
0602024490,6008MA T4 Verde Pijama Jersey,PIJAMA,ROPA DE DORMIR,MA600800408,MAREY
0602024500,6008MA T4 Hueso Pijama Jersey,PIJAMA,ROPA DE DORMIR,MA600800414,MAREY
0602024510,6008MA T6 Verde Pijama Jersey,PIJAMA,ROPA DE DORMIR,MA600800608,MAREY
0602024520,6008MA T6 Hueso Pijama Jersey,PIJAMA,ROPA DE DORMIR,MA600800614,MAREY
0602024530,6008MA T8 Verde Pijama Jersey,PIJAMA,ROPA DE DORMIR,MA600800808,MAREY
0602024540,6008MA T8 Hueso Pijama Jersey,PIJAMA,ROPA DE DORMIR,MA600800814,MAREY
0602024550,6008MA T10 Verde Pijama Jersey,PIJAMA,ROPA DE DORMIR,MA600801008,MAREY
0602024560,6008MA T10 Hueso Pijama Jersey,PIJAMA,ROPA DE DORMIR,MA600801014,MAREY
0602024570,6008MA T12 Verde Pijama Jersey,PIJAMA,ROPA DE DORMIR,MA600801208,MAREY
0602024580,6008MA T12 Hueso Pijama Jersey,PIJAMA,ROPA DE DORMIR,MA600801214,MAREY
0602024590,6008MA T14 Verde Pijama Jersey,PIJAMA,ROPA DE DORMIR,MA600801408,MAREY
0602024600,6008MA T14 Hueso Pijama Jersey,PIJAMA,ROPA DE DORMIR,MA600801414,MAREY
0602024610,6008MA T16 Verde Pijama Jersey,PIJAMA,ROPA DE DORMIR,MA600801608,MAREY
0602024620,6008MA T16 Hueso Pijama Jersey,PIJAMA,ROPA DE DORMIR,MA600801614,MAREY
0602024630,6009MA T4 Rosa Pijama Jersey O,PIJAMA,ROPA DE DORMIR,MA600900404,MAREY
0602024640,6009MA T4 Melange Pijama Jerse,PIJAMA,ROPA DE DORMIR,MA600900410,MAREY
0602024650,6009MA T6 Melange Pijama Jerse,PIJAMA,ROPA DE DORMIR,MA600900610,MAREY
0602024660,6009MA T8 Rosa Pijama Jersey O,PIJAMA,ROPA DE DORMIR,MA600900804,MAREY
0602024670,6009MA T8 Melange Pijama Jerse,PIJAMA,ROPA DE DORMIR,MA600900810,MAREY
0602024680,6009MA T10 Rosa Pijama Jersey,PIJAMA,ROPA DE DORMIR,MA600901004,MAREY
0602024690,6009MA T10 Melange Pijama Jers,PIJAMA,ROPA DE DORMIR,MA600901010,MAREY
0602024700,6009MA T12 Rosa Pijama Jersey,PIJAMA,ROPA DE DORMIR,MA600901204,MAREY
0602024710,6009MA T12 Melange Pijama Jers,PIJAMA,ROPA DE DORMIR,MA600901210,MAREY
0602024720,6009MA T14 Rosa Pijama Jersey,PIJAMA,ROPA DE DORMIR,MA600901404,MAREY
0602024730,6009MA T14 Melange Pijama Jers,PIJAMA,ROPA DE DORMIR,MA600901410,MAREY
0602024740,6009MA T16 Rosa Pijama Jersey,PIJAMA,ROPA DE DORMIR,MA600901604,MAREY
0602024750,6009MA T16 Melange Pijama Jers,PIJAMA,ROPA DE DORMIR,MA600901610,MAREY
0602024760,6009MA T6 Rosa Pijama Jersey O,PIJAMA,ROPA DE DORMIR,MA660900604,MAREY
0602024770,8002MA T4 Celeste Pijama Jerse,PIJAMA,ROPA DE DORMIR,MA800200407,MAREY
0602024780,8002MA T4 Melange Pijama Jerse,PIJAMA,ROPA DE DORMIR,MA800200410,MAREY
0602024790,8002MA T6 Celeste Pijama Jerse,PIJAMA,ROPA DE DORMIR,MA800200607,MAREY
0602024800,8002MA T6 Melange Pijama Jerse,PIJAMA,ROPA DE DORMIR,MA800200610,MAREY
0602024810,8002MA T8 Celeste Pijama Jerse,PIJAMA,ROPA DE DORMIR,MA800200807,MAREY
0602024820,8002MA T8 Melange Pijama Jerse,PIJAMA,ROPA DE DORMIR,MA800200810,MAREY
0602024830,8002MA T10 Celeste Pijama Jers,PIJAMA,ROPA DE DORMIR,MA800201007,MAREY
0602024840,8002MA T10 Melange Pijama Jers,PIJAMA,ROPA DE DORMIR,MA800201010,MAREY
0602024850,8002MA T12 Celeste Pijama Jers,PIJAMA,ROPA DE DORMIR,MA800201207,MAREY
0602024860,8002MA T12 Melange Pijama Jers,PIJAMA,ROPA DE DORMIR,MA800201210,MAREY
0602024870,8002MA T14 Celeste Pijama Jers,PIJAMA,ROPA DE DORMIR,MA800201407,MAREY
0602024880,8002MA T14 Melange Pijama Jers,PIJAMA,ROPA DE DORMIR,MA800201410,MAREY
0602024890,8002MA T16 Celeste Pijama Jers,PIJAMA,ROPA DE DORMIR,MA800201607,MAREY
0602024900,8002MA T16 Melange Pijama Jers,PIJAMA,ROPA DE DORMIR,MA800201610,MAREY
0602024910,8003MA T4 Celeste Pijama Jerse,PIJAMA,ROPA DE DORMIR,MA800300407,MAREY
0602024920,8003MA T4 Rojo Pijama Jersey B,PIJAMA,ROPA DE DORMIR,MA800300416,MAREY
0602024930,8003MA T6 Celeste Pijama Jerse,PIJAMA,ROPA DE DORMIR,MA800300607,MAREY
0602024940,8003MA T6 Rojo Pijama Jersey B,PIJAMA,ROPA DE DORMIR,MA800300616,MAREY
0602024950,8003MA T8 Celeste Pijama Jerse,PIJAMA,ROPA DE DORMIR,MA800300807,MAREY
0602024960,8003MA T8 Rojo Pijama Jersey B,PIJAMA,ROPA DE DORMIR,MA800300816,MAREY
0602024970,8003MA T10 Celeste Pijama Jers,PIJAMA,ROPA DE DORMIR,MA800301007,MAREY
0602024980,8003MA T10 Rojo Pijama Jersey,PIJAMA,ROPA DE DORMIR,MA800301016,MAREY
0602024990,8003MA T12 Celeste Pijama Jers,PIJAMA,ROPA DE DORMIR,MA800301207,MAREY
0602025000,8003MA T12 Rojo Pijama Jersey,PIJAMA,ROPA DE DORMIR,MA800301216,MAREY
0602025010,8003MA T14 Celeste Pijama Jers,PIJAMA,ROPA DE DORMIR,MA800301407,MAREY
0602025020,8003MA T14 Rojo Pijama Jersey,PIJAMA,ROPA DE DORMIR,MA800301416,MAREY
0602025030,8003MA T16 Celeste Pijama Jers,PIJAMA,ROPA DE DORMIR,MA800301607,MAREY
0602025040,8003MA T16 Rojo Pijama Jersey,PIJAMA,ROPA DE DORMIR,MA800301616,MAREY
0602025050,8004MA T4 Verde Pijama Jersey,PIJAMA,ROPA DE DORMIR,MA800400408,MAREY
0602025060,8004MA T4 Hueso Pijama Jersey,PIJAMA,ROPA DE DORMIR,MA800400414,MAREY
0602025070,8004MA T6 Verde Pijama Jersey,PIJAMA,ROPA DE DORMIR,MA800400608,MAREY
0602025080,8004MA T6 Hueso Pijama Jersey,PIJAMA,ROPA DE DORMIR,MA800400614,MAREY
0602025090,8004MA T8 Verde Pijama Jersey,PIJAMA,ROPA DE DORMIR,MA800400808,MAREY
0602025100,8004MA T8 Hueso Pijama Jersey,PIJAMA,ROPA DE DORMIR,MA800400814,MAREY
0602025110,8004MA T10 Verde Pijama Jersey,PIJAMA,ROPA DE DORMIR,MA800401008,MAREY
0602025120,8004MA T10 Hueso Pijama Jersey,PIJAMA,ROPA DE DORMIR,MA800401014,MAREY
0602025130,8004MA T12 Verde Pijama Jersey,PIJAMA,ROPA DE DORMIR,MA800401208,MAREY
0602025140,8004MA T12 Hueso Pijama Jersey,PIJAMA,ROPA DE DORMIR,MA800401214,MAREY
0602025150,8004MA T14 Verde Pijama Jersey,PIJAMA,ROPA DE DORMIR,MA800401408,MAREY
0602025160,8004MA T14 Hueso Pijama Jersey,PIJAMA,ROPA DE DORMIR,MA800401414,MAREY
0602025170,8004MA T16 Verde Pijama Jersey,PIJAMA,ROPA DE DORMIR,MA800401608,MAREY
0602025180,8004MA T16 Hueso Pijama Jersey,PIJAMA,ROPA DE DORMIR,MA800401614,MAREY
0602025190,8005MA T4 Celeste Pijama Jerse,PIJAMA,ROPA DE DORMIR,MA800500407,MAREY
0602025200,8005MA T4 Rojo Pijama Jersey T,PIJAMA,ROPA DE DORMIR,MA800500416,MAREY
0602025210,8005MA T6 Celeste Pijama Jerse,PIJAMA,ROPA DE DORMIR,MA800500607,MAREY
0602025220,8005MA T6 Rojo Pijama Jersey T,PIJAMA,ROPA DE DORMIR,MA800500616,MAREY
0602025230,8005MA T8 Celeste Pijama Jerse,PIJAMA,ROPA DE DORMIR,MA800500807,MAREY
0602025240,8005MA T8 Rojo Pijama Jersey T,PIJAMA,ROPA DE DORMIR,MA800500816,MAREY
0602025250,8005MA T10 Celeste Pijama Jers,PIJAMA,ROPA DE DORMIR,MA800501007,MAREY
0602025260,8005MA T10 Rojo Pijama Jersey,PIJAMA,ROPA DE DORMIR,MA800501016,MAREY
0602025270,8005MA T12 Celeste Pijama Jers,PIJAMA,ROPA DE DORMIR,MA800501207,MAREY
0602025280,8005MA T12 Rojo Pijama Jersey,PIJAMA,ROPA DE DORMIR,MA800501216,MAREY
0602025290,8005MA T14 Celeste Pijama Jers,PIJAMA,ROPA DE DORMIR,MA800501407,MAREY
0602025300,8005MA T14 Rojo Pijama Jersey,PIJAMA,ROPA DE DORMIR,MA800501416,MAREY
0602025310,8005MA T16 Celeste Pijama Jers,PIJAMA,ROPA DE DORMIR,MA800501607,MAREY
0602025320,8005MA T16 Rojo Pijama Jersey,PIJAMA,ROPA DE DORMIR,MA800501616,MAREY
