CodArt,Descripcion,Desc_adicional,Familia,CodigoBarras,agrupacion,marca
0401004300,LENÇOL KAMACOLOR JDC CLEMENTIN,KAMACJDCM1CLEMEN,BLANQUERIA,7892949044909,SABANA,santista
0401004310,LENÇOL KAMACOLOR JDC LILLA 1RO,KAMACJDCM1LILLA,BLANQUERIA,7892949044916,SABANA,santista
0401004320,LENÇOL KAMACOLOR JDC LINT 1VER,KAMACJDCM1LINT,BLANQUERIA,7892949044923,SABANA,santista
0401004330,LENÇOL KAMACOLOR JDQ LILLA 2CI,KAMACJDQM2LILLA,BLANQUERIA,7892949045005,SABANA,santista
0401004340,LENÇOL KAMACOLOR JDS CLEMENTIN,KAMACJDSM1CLEMEN,BLANQUERIA,7892949045029,SABANA,santista
0401004350,LENÇOL KAMACOLOR JDS LILLA 2CI,KAMACJDSM2LILLA,BLANQUERIA,7892949045067,SABANA,santista
0401004450,LENCOL KAMACOLOR JDQ ECOLOGY 1,KAMACJDQ11ECOLOG,BLANQUERIA,7798153674232,SABANA,santista
0401004460,LENCOL KAMACOLOR JDQ KADU 1PIS,KAMACJDQ11KADU,BLANQUERIA,7798153674249,SABANA,santista
0401004500,SABANA KAMAOCLOR 2PL RAINBOW,KAMIXJDCR1RAINBO,BLANQUERIA,7794170008951,SABANA,santista
0401004510,SABANA KAMACOLOR 2PL ERIC,KAMIXJDCR2ERIC,BLANQUERIA,7794170008968,SABANA,santista
0401004520,SABANA KAMACOLOR 2PL FELIX,KAMIXJDCR2FELIX,BLANQUERIA,7794170008975,SABANA,santista
0401004530,SABANA KAMACOLOR 2PL GARDEN,KAMIXJDCR2GARDEN,BLANQUERIA,7794170008982,SABANA,santista
0401004540,SABANA KAMACOLOR 2PL RISK,KAMIXJDCR2RISK,BLANQUERIA,7794170008999,SABANA,santista
0401004550,SABANA KAMACOLOR 2PL AUDREY,KAMIXJDCR3AUDREY,BLANQUERIA,7794170009002,SABANA,santista
0401004560,SA KAMACOLOR 1PL RAINBOW,KAMIXJDSR1RAINBO,BLANQUERIA,7794170009071,SABANA,santista
0401004570,SA KAMACOLOR 1PL ERIC,KAMIXJDSR2ERIC,BLANQUERIA,7794170009088,SABANA,santista
0401004580,SA KAMACOLOR 1PL FELIX,KAMIXJDSR2FELIX,BLANQUERIA,7794170009095,SABANA,santista
0401004590,SA KAMACOLOR 1PL GARDEN,KAMIXJDSR2GARDEN,BLANQUERIA,7794170009101,SABANA,santista
0401004600,SA KAMACOLOR 1PL RISK,KAMIXJDSR2RISK,BLANQUERIA,7794170009118,SABANA,santista
0401004610,SA KAMACOLOR 1PL AUDREY,KAMIXJDSR3AUDREY,BLANQUERIA,7794170009125,SABANA,santista
0401004670,SA UNIQUE 2PL DANIEL,SA180JDCR1DANIEL,BLANQUERIA,7794170010114,SABANA,santista
0401004680,SA UNIQUE 2PL VILMA,SA180JDCR1VILMA,BLANQUERIA,7794170010138,SABANA,santista
0401004690,SA UNIQUE 2 1/2PL ANDRES 2,SA180JDCR2ANDRES,BLANQUERIA,7794170010145,SABANA,santista
0401004700,SA UNIQUE 2 1/2PL CIRO 2,SA180JDCR2CIRO,BLANQUERIA,7794170010152,SABANA,santista
0401004710,SABANA 180 HILOS KING SIZE,SA180JDKR2ANDRES,BLANQUERIA,7794170010206,SABANA,santista
0401004720,SABANAS QUEEN 180 HILOS SANTIS,SA180JDQR2CIRO,BLANQUERIA,7794170010275,SABANA,santista
0401004730,SA UNIQUE 1PL DANIEL,SA180JDSR1DANIEL,BLANQUERIA,7794170010299,SABANA,santista
0401004740,SA UNIQUE 1PL VILMA,SA180JDSR1VILMA,BLANQUERIA,7794170010312,SABANA,santista
0401004750,SA UNIQUE 1 1/2PL ANDRES 2,SA180JDSR2ANDRES,BLANQUERIA,7794170010329,SABANA,santista
0401004760,SA UNIQUE 1 1/2PL CIRO 2,SA180JDSR2CIRO,BLANQUERIA,7794170010336,SABANA,santista
0401004770,SA UNIQUE 2PL MAURO,SA180JDCR1MAURO,BLANQUERIA,7794170010800,SABANA,santista
0401004780,SA UNIQUE 2 1/2PL BETINA 2,SA180JDCR2BETINA,BLANQUERIA,7794170010817,SABANA,santista
0401004790,SABANAS QUEEN 180 HILOS SANTIS,SA180JDQR2BETINA,BLANQUERIA,7794170010855,SABANA,santista
0401004800,SA UNIQUE 1PL MAURO,SA180JDSR1MAURO,BLANQUERIA,7794170010862,SABANA,santista
0401004810,SA UNIQUE 1 1/2PL BETINA 2,SA180JDSR2BETINA,BLANQUERIA,7794170010879,SABANA,santista
0401004820,SA PRATA AJUSTABLE LEC BLANCO,PRA15LECR0001,BLANQUERIA,7794170013221,SABANA,santista
0401004830,SA PRATA AJUSTABLE LEC ROSA 32,PRA15LECR3275,BLANQUERIA,7794170013238,SABANA,santista
0401004840,SA PRATA AJUSTABLE LEC LILA 51,PRA15LECR5116,BLANQUERIA,7794170013245,SABANA,santista
0401004850,SA PRATA AJUSTABLE LEC PETROLE,PRA15LECR6708,BLANQUERIA,7794170013252,SABANA,santista
0401004860,SA PRATA AJUSTABLE LEC AZUL 67,PRA15LECR6727,BLANQUERIA,7794170013269,SABANA,santista
0401004870,SAN PRATA AJUSTABLE LES BLANCO,PRA15LESR0001,BLANQUERIA,7794170013276,SABANA,santista
0401004880,SAN PRATA AJUSTABLE LES ROSA 3,PRA15LESR3275,BLANQUERIA,7794170013283,SABANA,santista
0401004890,SAN PRATA AJUSTABLE LES LILA 5,PRA15LESR5116,BLANQUERIA,7794170013290,SABANA,santista
0401004900,SAN PRATA AJUSTABLE LES PETROL,PRA15LESR6708,BLANQUERIA,7794170013306,SABANA,santista
0401004910,SAN PRATA AJUSTABLE LES AZUL 6,PRA15LESR6727,BLANQUERIA,7794170013313,SABANA,santista
0401005020,SA PRATA AJUSTABLE LEC ROJO 34,PRA15LECR3416,BLANQUERIA,7794170014358,SABANA,santista
0401005030,SA PRATA AJUSTABLE LEC FUCSIA,PRA15LECR3451,BLANQUERIA,7794170014365,SABANA,santista
0401005040,SA PRATA AJUSTABLE LEC ROSA 34,PRA15LECR3472,BLANQUERIA,7794170014372,SABANA,santista
0401005050,SA PRATA AJUSTABLE LEC VIOLETA,PRA15LECR3484,BLANQUERIA,7794170014389,SABANA,santista
0401005060,SA PRATA AJUSTABLE LEC LILA 52,PRA15LECR5231,BLANQUERIA,7794170014396,SABANA,santista
0401005070,SA PRATA AJUSTABLE LEC MARINO,PRA15LECR6202,BLANQUERIA,7794170014402,SABANA,santista
0401005080,SA PRATA AJUSTABLE LEC PETROLE,PRA15LECR6324,BLANQUERIA,7794170014419,SABANA,santista
0401005090,SA PRATA AJUSTABLE LEC CELESTE,PRA15LECR6547,BLANQUERIA,7794170014426,SABANA,santista
0401005100,SA PRATA AJUSTABLE LEC AZUL FR,PRA15LECR6559,BLANQUERIA,7794170014433,SABANA,santista
0401005110,SAN PRATA AJUSTABLE LES ROJO 3,PRA15LESR3416,BLANQUERIA,7794170014440,SABANA,santista
0401005120,SAN PRATA AJUSTABLE LES FUCSIA,PRA15LESR3451,BLANQUERIA,7794170014457,SABANA,santista
0401005130,SAN PRATA AJUSTABLE LES ROSA 3,PRA15LESR3472,BLANQUERIA,7794170014464,SABANA,santista
0401005140,SAN PRATA AJUSTABLE LES VIOLET,PRA15LESR3484,BLANQUERIA,7794170014471,SABANA,santista
0401005150,SAN PRATA AJUSTABLE LES LILA 5,PRA15LESR5231,BLANQUERIA,7794170014488,SABANA,santista
0401005160,SAN PRATA AJUSTABLE LES MARINO,PRA15LESR6202,BLANQUERIA,7794170014495,SABANA,santista
0401005170,SAN PRATA AJUSTABLE LES PETROL,PRA15LESR6324,BLANQUERIA,7794170014501,SABANA,santista
0401005180,SAN PRATA AJUSTABLE LES CELEST,PRA15LESR6547,BLANQUERIA,7794170014518,SABANA,santista
0401005190,SAN PRATA AJUSTABLE LES AZUL F,PRA15LESR6559,BLANQUERIA,7794170014525,SABANA,santista
0401005200,SABANA KAMACOLOR JDC BLANCO,KAMIXJDCRBLANCA,BLANQUERIA,7794170014679,SABANA,santista
0401005210,SABANA KAMACOLOR JDQ BLANCO,KAMIXJDQRBLANCA,BLANQUERIA,7794170014686,SABANA,santista
0401005220,SA KAMACOLOR JDS BLANCO,KAMIXJDSRBLANCA,BLANQUERIA,7794170014693,SABANA,santista
0401005230,SABANA KAMACOLOR 2 1/2PL JACOB,KAMIXJDCR1JACOB,BLANQUERIA,7794170014822,SABANA,santista
0401005240,SABANA KAMACOLOR 2 1/2PL LEO 1,KAMIXJDCR1LEO,BLANQUERIA,7794170014839,SABANA,santista
0401005250,SABANA KAMACOLOR 2 1/2PL ALAN,KAMIXJDCR2ALAN,BLANQUERIA,7794170014846,SABANA,santista
0401005260,SABANA KAMACOLOR 2 1/2PL ROBY,KAMIXJDCR2ROBY,BLANQUERIA,7794170014853,SABANA,santista
0401005270,SABANA KAMACOLOR 2 1/2PL ROSE,KAMIXJDCR2ROSE,BLANQUERIA,7794170014860,SABANA,santista
0401005280,SABANA KAMACOLOR 2 1/2PL PENNY,KAMIXJDCR3PENNY,BLANQUERIA,7794170014877,SABANA,santista
0401005290,SABANA KAMACOLOR QUEEN JACOB 1,KAMIXJDQR1JACOB,BLANQUERIA,7794170014884,SABANA,santista
0401005300,SABANA KAMACOLOR QUEEN LEO 1,KAMIXJDQR1LEO,BLANQUERIA,7794170014891,SABANA,santista
0401005310,SABANA KAMACOLOR QUEEN ALAN 2,KAMIXJDQR2ALAN,BLANQUERIA,7794170014907,SABANA,santista
0401005320,SABANA KAMACOLOR QUEEN ROBY 2,KAMIXJDQR2ROBY,BLANQUERIA,7794170014914,SABANA,santista
0401005330,SABANA KAMACOLOR QUEEN ROSE 2,KAMIXJDQR2ROSE,BLANQUERIA,7794170014921,SABANA,santista
0401005340,SA SANTISTA KCOLOR 1 1/2,KAMIXJDSR1JACOB,BLANQUERIA,7794170014945,SABANA,santista
0401005350,SA SANTISTA KCOLOR 1 1/2,KAMIXJDSR1LEO,BLANQUERIA,7794170014952,SABANA,santista
0401005360,SA SANTISTA KCOLOR 1 1/2,KAMIXJDSR2ALAN,BLANQUERIA,7794170014969,SABANA,santista
0401005370,SABANA KAMACOLOR 1 1/2PL ROBY,KAMIXJDSR2ROBY,BLANQUERIA,7794170014976,SABANA,santista
0401005380,SA SANTISTA KCOLOR 1 1/2,KAMIXJDSR2ROSE,BLANQUERIA,7794170014983,SABANA,santista
0401005390,SA SANTISTA KCOLOR 1 1/2,KAMIXJDSR3PENNY,BLANQUERIA,7794170014990,SABANA,santista
0401005500,SA UNIQUE 2 1/2PL LYRA,SA180JDCRLYRA,BLANQUERIA,7794170015300,SABANA,santista
0401005510,SABANAS 2 1/2 SANTISTA,SA180JDC2PUKET,BLANQUERIA,7794170015317,SABANA,santista
0401005520,SABANAS 2 1/2 UNIQUE WOOD,SA180JDCR2WOOD,BLANQUERIA,7794170015324,SABANA,santista
0401005530,SA SANTISTA PER 1 1/2,SA180JDSR2LYRA,BLANQUERIA,7794170015393,SABANA,santista
0401005540,SABANAS 1 1/2 SANTISTA,SA180JDSR2PUKET,BLANQUERIA,7794170015409,SABANA,santista
0401005690,SABANA KAMACOLOR KING  150HILO,KAMIXJDKR1JOHN,BLANQUERIA,7794170023930,SABANA,santista
0401005840,SABANA KAMACOLOR 2 1/2 PLAZA C,KAMIXJDCR1CAPRI,BLANQUERIA,7794170024296,SABANA,santista
0401005850,SABANA KAMACOLOR 2 1/2 PLAZA C,KAMIXJDCR1CARTER,BLANQUERIA,7794170024302,SABANA,santista
0401005860,SABANA KAMACOLOR 2 1/2 PLAZA D,KAMIXJDCR1DYLAN,BLANQUERIA,7794170024319,SABANA,santista
0401005870,SABANA KAMACOLOR 2 1/2 PLAZA H,KAMIXJDCR1HAYA,BLANQUERIA,7794170024333,SABANA,santista
0401005880,SABANA KAMACOLOR 2 1/2 PLAZA J,KAMIXJDCR1JOHN,BLANQUERIA,7794170024340,SABANA,santista
0401005890,SABANA KAMACOLOR 1 1/2 PLAZA C,KAMIXJDSR1CAPRI,BLANQUERIA,7794170024432,SABANA,santista
0401005900,SABANA KAMACOLOR 1 1/2 CARTER,KAMIXJDSR1CARTER,BLANQUERIA,7794170024449,SABANA,santista
0401005910,SABANA KAMACOLOR 1 1/2 PLAZA D,KAMIXJDSR1DYLAN,BLANQUERIA,7794170024456,SABANA,santista
0401005920,SABANA SANTISTA 2 1/2 PLAZA RA,SA180JDCR1RABAT,BLANQUERIA,7794170024630,SABANA,santista
0401005930,SABANA UNQUE 2 1/2 LUCIANA 2,SA180JDCR2LUCIAN,BLANQUERIA,7794170024654,SABANA,santista
0401005940,SABANA UNIQUE 2 1/2 PLAZA PERC,SA180JDCR2SONIA,BLANQUERIA,7794170024661,SABANA,santista
0401005950,SABANA UNIQUE 2 1/2 WAVE 2,SA180JDCR2WAVE,BLANQUERIA,7794170024678,SABANA,santista
0401005960,SABANA SANTISTA KING SONIA,SA180JDKR2SONIA,BLANQUERIA,7794170024722,SABANA,santista
0401005970,SABANA SANTISTA QUEEN WAVE 2,SA180JDQR2WAVE,BLANQUERIA,7794170024791,SABANA,santista
0401005980,SABANA UNIQUE 1 1/2 PLAZA MALT,SA180JDSR1MALTA,BLANQUERIA,7794170024807,SABANA,santista
0401005990,SABANA UNIQUE 1 1/2 PLAZA RABA,SA180JDSR1RABAT,BLANQUERIA,7794170024814,SABANA,santista
0401006000,SABANA UNQUE 1 1/2 LUCIANA 2,SA180JDSR2LUCIAN,BLANQUERIA,7794170024838,SABANA,santista
0401006010,SABANA UNIQUE 1 1/2 PLAZA PERC,SA180JDSR2SONIA,BLANQUERIA,7794170024845,SABANA,santista
0401006020,SABANA UNIQUE 1 1/2 PLAZA WAVE,SA180JDSR2WAVE,BLANQUERIA,7794170024852,SABANA,santista
0401006040,SA UNIQUE JDC 1 ARON GRIS,SA180JDCR1ARON,BLANQUERIA,7798180148461,SABANA,santista
0401006050,SA UNIQUE JDC 1 BOND AZUL,SA180JDCR1BOND,BLANQUERIA,7798180148478,SABANA,santista
0401006060,SA UNIQUE JDC 1 ELISE SALMON,SA180JDCR1ELISE,BLANQUERIA,7798180148485,SABANA,santista
0401006070,SA UNIQUE JDC 1 ROBERTA LILA,SA180JDCR1ROBERT,BLANQUERIA,7798180148492,SABANA,santista
0401006080,SA UNIQUE JDC 1 WORK MARINO,SA180JDCR1WORK,BLANQUERIA,7798180148508,SABANA,santista
0401006090,SA UNIQUE JDC 2 KARINA AZUL,SA180JDCR2KARINA,BLANQUERIA,7798180148515,SABANA,santista
0401006100,SA UNIQUE JDQ 1 ELISE SALMON,SA180JDQR1ELISE,BLANQUERIA,7798180148607,SABANA,santista
0401006110,SA UNIQUE JDQ 1 ROBERTA LILA,SA180JDQR1ROBERT,BLANQUERIA,7798180148614,SABANA,santista
0401006120,SA UNIQUE JDQ 1 WORK MARINO,SA180JDQR1WORK,BLANQUERIA,7798180148621,SABANA,santista
0401006130,SA UNIQUE JDQ 2 KARINA AZUL,SA180JDQR2KARINA,BLANQUERIA,7798180148638,SABANA,santista
0401006140,SA UNIQUE JDS 1 ARON GRIS,SA180JDSR1ARON,BLANQUERIA,7798180148645,SABANA,santista
0401006150,SA UNIQUE JDS 1 BOND AZUL,SA180JDSR1BOND,BLANQUERIA,7798180148652,SABANA,santista
0401006160,SA UNIQUE JDS 1 ELISE SALMON,SA180JDSR1ELISE,BLANQUERIA,7798180148669,SABANA,santista
0401006170,SA UNIQUE JDS 1 ROBERTA LILA,SA180JDSR1ROBERT,BLANQUERIA,7798180148676,SABANA,santista
0401006180,SA UNIQUE JDS 1 WORK MARINO,SA180JDSR1WORK,BLANQUERIA,7798180148683,SABANA,santista
0401006190,SA UNIQUE JDS 2 KARINA AZUL,SA180JDKR2KARINA,BLANQUERIA,7798180148690,SABANA,santista
0401006210,SABANA KAMACOLOR QUEEN CAPRI,KAMIXJDQR1CAPRI,BLANQUERIA,7794170024364,SABANA,santista
0401006570,SABANA KAMACOLOR QUEEN DYLAN,KAMIXJDQR1DYLAN,BLANQUERIA,7794170024388,SABANA,santista
0401006580,SABANA KAMACOLOR QUEEN JHON,KAMIXJDQR1JOHN,BLANQUERIA,7794170024418,SABANA,santista
0401006750,SABANA UNIQUE PERCALE QUEEN LU,SA180JDQR2LUCIAN,BLANQUERIA,7794170024777,SABANA,santista
0401006760,SA 1 1/2 PLAZA SANTISTA 180H,SA180JDSR2WOOD,BLANQUERIA,7794170015416,SABANA,santista
0401006770,SABANA UNIQUE PERCALE QUEEN SO,SA180JDQR2SONIA,BLANQUERIA,7794170024784,SABANA,santista
0401006780,SABANA UNIQUE KING WAVE 2,SA180JDKR2WAVE,BLANQUERIA,7794170024739,SABANA,santista
0401006790,SABANA UNIQUE QUEEN MALTA 1,SA180JDQR1MALTA,BLANQUERIA,7794170024746,SABANA,santista
0401006800,SA 1 1/2 150 HILOS MOSUL KAMAC,KAMIXJDSR1MOSUL,BLANQUERIA,7794170024494,SABANA,santista
0401006810,SA SANTISTA KAMACOLOR 150H 1 1,KAMIXJDSR1JOHN,BLANQUERIA,7794170024487,SABANA,santista
0401006960,SABANA SANTISTA 2 1/2 PLAZA MA,SA180JDC,BLANQUERIA,7794170024623,SABANA,santista
0401006970,SABANA 1 1/2 KAMACOLOR HAYA,KAMIXJDSR1HAYA,BLANQUERIA,7794170024470,SABANA,santista
0401006980,SABANA KAMACOLOR QUEEN FANNY 1,KAMIXJDQR1FANN,BLANQUERIA,7794170024395,SABANA,santista
0401006990,SABANA KAMACOLOR 1 1/2 FANNY 1,KAMIXJDSR1FANN,BLANQUERIA,7794170024463,SABANA,santista
0401007000,SABANA UNIQUE QUEEN RABAT 1,SA180JDQR1RABA,BLANQUERIA,7794170024753,SABANA,santista
0401007010,SABANA UNIQUE KING MALTA 1,SA180JDKR1MALT,BLANQUERIA,7794170024685,SABANA,santista
0401007020,SABANA UNIQUE KING RABAT 1,SA180JDKR1RABA,BLANQUERIA,7794170024692,SABANA,santista
0401007030,SABANA KAMACOLOR KING FANNY 1,KAMIXJDKR1FANN,BLANQUERIA,7794170023916,SABANA,santista
0401007040,SABANAS KAMACOLOR 2 1/2 BENTO,KAMIXJDCR1BENTO,BLANQUERIA,7794170028911,SABANA,santista
0401007050,SABANAS KAMACOLOR 2 1/2 GLORIA,KAMIXJDCR1GLORIA,BLANQUERIA,7794170028928,SABANA,santista
0401007060,SABANAS KAMACOLOR 2 1/2 IVANA,KAMIXJDCR1IVANA,BLANQUERIA,7794170028935,SABANA,santista
0401007070,SABANAS KAMACOLOR 2 1/2 MANUEL,KAMIXJDCR1MANUEL,BLANQUERIA,7794170028942,SABANA,santista
0401007080,SABANAS KAMAC  2 1/2 NICOLO,KAMIXJDCR1NICOLO,BLANQUERIA,7794170028959,SABANA,santista
0401007090,SABANAS KAMACOLOR1 1/2 IVANA,KAMIXJDSR1IVANA,BLANQUERIA,7794170029116,SABANA,santista
0401007100,SABANAS KAMACOLOR 1 1/2 NICOLO,KAMIXJDSR1NICOLO,BLANQUERIA,7794170029130,SABANA,santista
0401007110,SABANAS KAMACOLOR 1 1/2ROMEO,KAMIXJDSR1ROMEO,BLANQUERIA,7794170029147,SABANA,santista
0401007160,SABANA KAM 2 1/2 ROMEO,KAMIXJDCR1ROME,BLANQUERIA,7794170028966,SABANA,santista
0401007170,SABANA KAM 1 1/2 BENTO,KAMIXJDSR1BENT,BLANQUERIA,7794170029093,SABANA,santista
0401007180,SABANA KAM 1 1/2 GLORIA,KAMIXJDSR1GLOR,BLANQUERIA,7794170029109,SABANA,santista
0401007200,SABANA SUAVEMIX 2  1/2 PLAZA,FAMICJDCM1YAGO,BLANQUERIA,7892949640262,SABANA,santista
0401007210,SABANA SUAVEMIX 2 1/2 PLAZA,FAMICJDCM1RICK,BLANQUERIA,7892949640255,SABANA,santista
0401007220,SABANA INFANTIL 1 1/2 PLAZA,FANIPJDSRPIRATA,BLANQUERIA,7794170029697,SABANA,santista
0401007230,SABANA SUAVEMIX 1  1/2 PLAZA,FAMICJDSM1YAGO,BLANQUERIA,7892949640323,SABANA,santista
0401007240,SABANAS SUAVEMIX 1/2 PLAZA,FAMICJDSM1RICK,BLANQUERIA,7892949640316,SABANA,santista
0401007280,SABANA UNIQUE QUEEN AMPARO,SA180JDQR1AMPARO,BLANQUERIA,7794170028539,SABANA,santista
0401007290,SABANA UNIQUE QUEEN BLUSH,SA180JDQR1BLUSH,BLANQUERIA,7794170028546,SABANA,santista
0401007300,SABANA UNIQUE QUEEN LARS,SA180JDQR1LARS,BLANQUERIA,7794170028553,SABANA,santista
0401007310,SABANA UNIQUE QUEEN OLIVER,SA180JDQR1OLIVE,BLANQUERIA,7794170028560,SABANA,santista
0401007320,SABANA UNIQUE 1 1/2 PLAZA AMP,SA180JDSR1AMPARO,BLANQUERIA,7794170028584,SABANA,santista
0401007330,SABANA UNIQUE 1 1/2 PLAZA LARS,SA180JDSR1LARS,BLANQUERIA,7794170028607,SABANA,santista
0401007340,SABANA UNIQUE 1 1/2 PLAZA OLIV,SA180JDSR1OLIVE,BLANQUERIA,7794170028614,SABANA,santista
0401007350,SABANA UNIQUE 1 1/2 PLAZA LORE,SA180JDSR2LORENZ,BLANQUERIA,7794170028621,SABANA,santista
0401007380,SABANA 180 H 2 1/2,SA180JDCR1AMPARO,BLANQUERIA,7794170029390,SABANA,santista
0401007390,SABANA 180 H 2 1/2,SA180JDCR2LORENZ,BLANQUERIA,7794170029437,SABANA,santista
0401007400,SABANA 180 H 2 1/2,SA180JDCR1BLUSH,BLANQUERIA,7794170029406,SABANA,santista
0401007890,SABANA LISAS KAM 2 1/2 BLANCO,KAMXBJDC1BLANCO,BLANQUERIA,7892949846770,SABANA,santista
0401007900,SABANA LISAS KAM 1 1/2 BLANCO,KAMXBJDS1BLANCO,BLANQUERIA,7892949846794,SABANA,santista
0401008350,SABANA SANTISTA ROMEO 2 1/2,KAMXBJDC11ROMEO,BLANQUERIA,7892949843182,SABANA,santista
0401008360,SABANA SANTISTA MANUEL 2 1/2,KAMXBJDC11MANUEL,BLANQUERIA,7892949842383,SABANA,santista
0401008420,SABANA SANTISTA 2 1/2 BLUSH,SA18BJDC11BLUSH,BLANQUERIA,7892949844042,SABANA,santista
0401008430,SABANA SANTISTA 2 1/2 OLIVE,SA18BJDC11OLIVE,BLANQUERIA,7892949844073,SABANA,santista
0401008440,SABANA SANTISTA 2 1/2 AMPARO,SA18BJDC11AMPARO,BLANQUERIA,7892949844035,SABANA,santista
0401008460,SABANA SANTISTA 2 1/2 MALTA,SA18BJDC11MALTA,BLANQUERIA,7892949844066,SABANA,santista
0401008470,SABANA SANTISTA 2 1/2 LARS,SA18BJDC11LARS,BLANQUERIA,7892949844059,SABANA,santista
0401008480,SABANA SANTISTA 2 1/2 LORENZ,SA18BJDCLORENZ,BLANQUERIA,7892949844080,SABANA,santista
0401008620,SABANA SANTISTA 2 1/2 GLORIA,KAMXBJDC11GLORIA,BLANQUERIA,7892949842369,SABANA,santista
0402004460,TO UNIQUE WORK  JBA BORDO 4069,SP500JBARWOR4069,BLANQUERIA,7794170000795,TOALLA,santista
0402004470,TO UNIQUE WORK  JRO BORDO 4069,SP500JRORWOR4069,BLANQUERIA,7794170000849,TOALLA,santista
0402004480,TO UNIQUE WORK  JRO AZUL 6261,SP500JRORWOR6261,BLANQUERIA,7794170000856,TOALLA,santista
0402004490,TO UNIQUE WORK  JRO PETROLEO 6,SP500JRORWOR6509,BLANQUERIA,7794170000863,TOALLA,santista
0402004500,TO SANTISTA CLAS MIA TRO NEGRO,SACLATRORMIA9900,BLANQUERIA,7794170001341,TOALLA,santista
0402004510,TO CLASSIC MIA AZUL 6122,SACLATRORMIA6122,BLANQUERIA,7794170001358,TOALLA,santista
0402004520,TO SANTISTA CLAS MIA TBA NEGRO,SACLATBARMIA9900,BLANQUERIA,7794170001396,TOALLA,santista
0402004530,TOA CLASSIC MIA AZUL 6122,SACLATBARMIA6122,BLANQUERIA,7794170001402,TOALLA,santista
0402004690,TO CLASSIC MIA ESMERALDA 7775,SACLATRORMIA7775,BLANQUERIA,7794170003529,TOALLA,santista
0402004700,TO CLASSIC MIA CURCUMA 8848,SACLATRORMIA8848,BLANQUERIA,7794170003536,TOALLA,santista
0402004710,TO CLASSIC MIA ROSA 3092,SACLATRORMIA3092,BLANQUERIA,7794170003543,TOALLA,santista
0402004720,TOA CLASSIC MIA ESMERALDA 7775,SACLATBARMIA7775,BLANQUERIA,7794170003550,TOALLA,santista
0402004730,TOA CLASSIC MIA CURCUMA 8848,SACLATBARMIA8848,BLANQUERIA,7794170003567,TOALLA,santista
0402004740,TOA CLASSIC MIA ROSA 3092,SACLATBARMIA3092,BLANQUERIA,7794170003574,TOALLA,santista
0402004930,TO JUEGO SANTISTA BRAKO AMARIL,SA400TJ2RBRA1060,BLANQUERIA,7794170003888,TOALLA,santista
0402004940,TO JUEGO SANTISTA BRAKO NARANJ,SA400TJ2RBRA3310,BLANQUERIA,7794170003895,TOALLA,santista
0402004950,TO JUEGO SANTISTA BRAKO LACRE,SA400TJ2RBRA3078,BLANQUERIA,7794170003901,TOALLA,santista
0402004960,TO JUEGO SANTISTA BRAKO VIOLET,SA400TJ2RBRA5525,BLANQUERIA,7794170003918,TOALLA,santista
0402004970,TO JUEGO SANTISTA BRAKO BLANCO,SA400TJ2RBRA0001,BLANQUERIA,7794170003925,TOALLA,santista
0402004980,TO JUEGO SANTISTA BRAKO VERDE,SA400TJ2RBRA7264,BLANQUERIA,7794170003932,TOALLA,santista
0402004990,TO JUEGO SANTISTA BRAKO AZUL 6,SA400TJ2RBRA6265,BLANQUERIA,7794170003949,TOALLA,santista
0402005000,TO JUEGO SANTISTA BRAKO TURQUE,SA400TJ2RBRA6117,BLANQUERIA,7794170003956,TOALLA,santista
0402009430,TOALLON PRATA DANTE VERDE 7278,SANPRTBAR7278DAN,BLANQUERIA,7794170003758,TOALLA,santista
0402009440,TOALLON PRATA DANTE PETROLEO 6,SANPRTBAR6331DAN,BLANQUERIA,7794170003765,TOALLA,santista
0402009450,TOALLA PRATA DANTE VERDE 7278,SANPRTROR7278DAN,BLANQUERIA,7794170003789,TOALLA,santista
0402009460,TOALLA PRATA DANTE PETROLEO 63,SANPRTROR6331DAN,BLANQUERIA,7794170003796,TOALLA,santista
0402009470,TO PRATA AMANDA JBA CIRUELA 31,SANPRJBARAMA3121,BLANQUERIA,7794170005035,TOALLA,santista
0402009480,TO PRATA AMANDA JBA CEREZA 400,SANPRJBARAMA4005,BLANQUERIA,7794170005042,TOALLA,santista
0402009490,TO PRATA AMANDA JBA AZUL 6367,SANPRJBARAMA6367,BLANQUERIA,7794170005073,TOALLA,santista
0402009500,TO PRATA DEBBY JBA 1 AMARILLO,SANPRJBAR1DEBBY,BLANQUERIA,7794170005080,TOALLA,santista
0402009510,TO PRATA DEBBY JBA 4 ACQUA,SANPRJBAR4DEBBY,BLANQUERIA,7794170005110,TOALLA,santista
0402009520,TO PRATA DEBBY JBA 5 CELESTE,SANPRJBAR5DEBBY,BLANQUERIA,7794170005127,TOALLA,santista
0402009530,TO PRATA DEBBY JRO 2 CORAL,SANPRJROR2DEBBY,BLANQUERIA,7794170005226,TOALLA,santista
0402009540,TOALLON PRATA HOLLY ACQUA 6052,SANPRTBAR6052HOL,BLANQUERIA,7794170005295,TOALLA,santista
0402009550,TOALLON PRATA HOLLY DURAZNO 22,SANPRTBAR2281HOL,BLANQUERIA,7794170005318,TOALLA,santista
0402009560,TOALLA PRATA HOLLY ACQUA 6052,SANPRTROR6052HOL,BLANQUERIA,7794170005349,TOALLA,santista
0402009570,TOALLA PRATA HOLLY DURAZNO 228,SANPRTROR2281HOL,BLANQUERIA,7794170005363,TOALLA,santista
0402009580,TO PRATA BUTTERFLY JBA LILA 55,SANPRJBARBUT5505,BLANQUERIA,7794170006544,TOALLA,santista
0402009590,TOALLON PRATA HOLLY LILA 5130,SANPRTBAR5130HOL,BLANQUERIA,7794170008234,TOALLA,santista
0402009600,TOALLA PRATA HOLLY LILA 5130,SANPRTROR5130HOL,BLANQUERIA,7794170008241,TOALLA,santista
0402009610,TOALLON PRATA EMIR FUCSIA 3116,SANPRTBARA3116,BLANQUERIA,7794170008258,TOALLA,santista
0402009620,TOALLON PRATA EMIR VERDE 7099,SANPRTBARA7099,BLANQUERIA,7794170008265,TOALLA,santista
0402009630,TOALLA PRATA EMIR FUCSIA 3116,SANPRTRORA3116,BLANQUERIA,7794170008272,TOALLA,santista
0402009640,TOALLA PRATA EMIR VERDE 7099,SANPRTRORA7099,BLANQUERIA,7794170008289,TOALLA,santista
0402009650,TOA PRATA FELISA 1 ROSA,SANPRJBAR1FELISA,BLANQUERIA,7794170009354,TOALLA,santista
0402009660,TOA PRATA FELISA 2 TURQUESA,SANPRJBAR2FELISA,BLANQUERIA,7794170009361,TOALLA,santista
0402009670,TOA PRATA FELISA 3 CORAL,SANPRJBAR3FELISA,BLANQUERIA,7794170009378,TOALLA,santista
0402009680,TOA PRATA FELISA 4 CELESTE,SANPRJBAR4FELISA,BLANQUERIA,7794170009385,TOALLA,santista
0402009690,TOA PRATA FELISA 5 AMARILLO,SANPRJBAR5FELISA,BLANQUERIA,7794170009392,TOALLA,santista
0402009700,TO PRATA FELISA 5 AMARILLO,SANPRJROR5FELISA,BLANQUERIA,7794170009408,TOALLA,santista
0402009710,TO PRATA FELISA 4 CELESTE,SANPRJROR4FELISA,BLANQUERIA,7794170009415,TOALLA,santista
0402009720,TO PRATA FELISA 3 CORAL,SANPRJROR3FELISA,BLANQUERIA,7794170009422,TOALLA,santista
0402009730,TO PRATA FELISA 2 TURQUESA,SANPRJROR2FELISA,BLANQUERIA,7794170009439,TOALLA,santista
0402009740,TO PRATA FELISA 1 ROSA,SANPRJROR1FELISA,BLANQUERIA,7794170009446,TOALLA,santista
0402009750,TO PRATA BRUNO AZUL 6297,SANPRJRORBRU6297,BLANQUERIA,7794170009453,TOALLA,santista
0402009760,TO PRATA BRUNO NARANJA 2182,SANPRJRORBRU2182,BLANQUERIA,7794170009460,TOALLA,santista
0402009770,TO PRATA BRUNO CELESTE 6274,SANPRJRORBRU6274,BLANQUERIA,7794170009477,TOALLA,santista
0402009780,TO PRATA BRUNO VERDE 7421,SANPRJRORBRU7421,BLANQUERIA,7794170009484,TOALLA,santista
0402009790,TO PRATA BRUNO PETROLEO 6331,SANPRJRORBRU6331,BLANQUERIA,7794170009491,TOALLA,santista
0402009800,TOA PRATA BRUNO PETROLEO 6331,SANPRJBARBRU6331,BLANQUERIA,7794170009507,TOALLA,santista
0402009810,TOA PRATA BRUNO VERDE 7421,SANPRJBARBRU7421,BLANQUERIA,7794170009514,TOALLA,santista
0402009820,TOA PRATA BRUNO CELESTE 6274,SANPRJBARBRU6274,BLANQUERIA,7794170009521,TOALLA,santista
0402009830,TOA PRATA BRUNO NARANJA 2182,SANPRJBARBRU2182,BLANQUERIA,7794170009538,TOALLA,santista
0402009840,TOA PRATA BRUNO AZUL 6297,SANPRJBARBRU6297,BLANQUERIA,7794170009545,TOALLA,santista
0402009850,TOA PRATA BIANCA CELESTE 6266,SANPRJBARBIA6266,BLANQUERIA,7794170009552,TOALLA,santista
0402009860,TOA PRATA LILLA 1 ROSA,SANPRJBAR1LILLA,BLANQUERIA,7794170009569,TOALLA,santista
0402009870,TOA PRATA LILLA 2 CORAL,SANPRJBAR2LILLA,BLANQUERIA,7794170009576,TOALLA,santista
0402009880,TOA PRATA LILLA 3 CELESTE,SANPRJBAR3LILLA,BLANQUERIA,7794170009583,TOALLA,santista
0402009890,TOA PRATA LILLA 4 TURQUESA,SANPRJBAR4LILLA,BLANQUERIA,7794170009590,TOALLA,santista
0402009900,TOA PRATA LILLA 5 VERDE,SANPRJBAR5LILLA,BLANQUERIA,7794170009606,TOALLA,santista
0402009910,TO PRATA LILLA 5 VERDE,SANPRJROR5LILLA,BLANQUERIA,7794170009613,TOALLA,santista
0402009920,TO PRATA LILLA 4 TURQUESA,SANPRJROR4LILLA,BLANQUERIA,7794170009620,TOALLA,santista
0402009930,TO PRATA LILLA 3 CELESTE,SANPRJROR3LILLA,BLANQUERIA,7794170009637,TOALLA,santista
0402009940,TO PRATA LILLA 2 CORAL,SANPRJROR2LILLA,BLANQUERIA,7794170009644,TOALLA,santista
0402009950,TO PRATA LILLA 1 ROSA,SANPRJROR1LILLA,BLANQUERIA,7794170009651,TOALLA,santista
0402009960,TOA PRATA BIANCA ROSA 3098,SANPRJBARBIA3098,BLANQUERIA,7794170010718,TOALLA,santista
0402009970,TOA PRATA BIANCA LILA 5505,SANPRJBARBIA5505,BLANQUERIA,7794170010725,TOALLA,santista
0402009980,TOA PRATA BIANCA TURQUESA 6232,SANPRJBARBIA6232,BLANQUERIA,7794170010732,TOALLA,santista
0402009990,TOA PRATA BIANCA VERDE 7488,SANPRJBARBIA7488,BLANQUERIA,7794170010749,TOALLA,santista
0402010000,TO PRATA BIANCA VERDE 7488,SANPRJRORBIA7488,BLANQUERIA,7794170010756,TOALLA,santista
0402010010,TO PRATA BIANCA CELESTE 6266,SANPRJRORBIA6266,BLANQUERIA,7794170010763,TOALLA,santista
0402010020,TO PRATA BIANCA TURQUESA 6232,SANPRJRORBIA6232,BLANQUERIA,7794170010770,TOALLA,santista
0402010030,TO PRATA BIANCA LILA 5505,SANPRJRORBIA5505,BLANQUERIA,7794170010787,TOALLA,santista
0402010040,TO PRATA BIANCA ROSA 3098,SANPRJRORBIA3098,BLANQUERIA,7794170010794,TOALLA,santista
0402010050,TOALLON PRATA DANTE TBA TURQ F,SANPRTBAR6204DAN,BLANQUERIA,7794170016482,TOALLA,santista
0402010060,TOALLON PRATA DANTE TBA BEIGE,SANPRTBAR8208DAN,BLANQUERIA,7794170016499,TOALLA,santista
0402010070,TOALLA PRATA DANTE TRO TURQ FL,SANPRTROR6204DAN,BLANQUERIA,7794170016505,TOALLA,santista
0402010080,TOALLA PRATA DANTE TRO BEIGE 8,SANPRTROR8208DAN,BLANQUERIA,7794170016512,TOALLA,santista
0402010090,TOALLON SANTISTA EMIR GIRASOL,SANPRTBARA1250,BLANQUERIA,7794170021967,TOALLA,santista
0402010100,TOALLON SANTISTA EMIR NARANJA,SANPRTBARA2182,BLANQUERIA,7794170021974,TOALLA,santista
0402010110,TOALLON SANTISTA EMIR OBISPO,SANPRTBARA5180,BLANQUERIA,7794170021981,TOALLA,santista
0402010120,TOALLON SANTISTA EMIR TURQUESA,SANPRTBARA6117,BLANQUERIA,7794170021998,TOALLA,santista
0402010130,TOALLON SANTISTA EMIR AZUL,SANPRTBARA6646,BLANQUERIA,7794170022001,TOALLA,santista
0402010140,TOALLA SANTISTA EMIR GIRASOL,SANPRTRORA1250,BLANQUERIA,7794170022018,TOALLA,santista
0402010150,TOALLA SANTISTA EMIR NARANJA,SANPRTRORA2182,BLANQUERIA,7794170022025,TOALLA,santista
0402010160,TOALLA SANTISTA EMIR OBISPO,SANPRTRORA5180,BLANQUERIA,7794170022032,TOALLA,santista
0402010170,TOALLA SANTISTA EMIR TURQUESA,SANPRTRORA6117,BLANQUERIA,7794170022049,TOALLA,santista
0402010180,TOALLA SANTISTA EMIR AZUL,SANPRTRORA6646,BLANQUERIA,7794170022056,TOALLA,santista
0402010190,TOALLON PRATA HOLLY DURAZNO 20,SANPRTBAR2056HOL,BLANQUERIA,7794170022063,TOALLA,santista
0402010200,TOALLON PRATA HOLLY SALMON 302,SANPRTBAR3020HOL,BLANQUERIA,7794170022070,TOALLA,santista
0402010210,TOALLON SANTISTA HOLLY,SANPRTBAR3052HOL,BLANQUERIA,7794170022087,TOALLA,santista
0402010220,TOALLON SANTISTA HOLLY LAVANDA,SANPRTBAR6010HOL,BLANQUERIA,7794170022094,TOALLA,santista
0402010230,TOALLON PRATA HOLLY ACQUA 6043,SANPRTBAR6043HOL,BLANQUERIA,7794170022100,TOALLA,santista
0402010240,TOALLA PRATA HOLLY DURAZNO 205,SANPRTROR2056HOL,BLANQUERIA,7794170022117,TOALLA,santista
0402010250,TOALLA PRATA HOLLY SALMON 3020,SANPRTROR3020HOL,BLANQUERIA,7794170022124,TOALLA,santista
0402010260,TOALLA PRATA HOLLY ORQUIDEA 30,SANPRTROR3052HOL,BLANQUERIA,7794170022131,TOALLA,santista
0402010270,TOALLA SANTISTA HOLLY LAVANDA,SANPRTROR5010HOL,BLANQUERIA,7794170022148,TOALLA,santista
0402010280,TOALLA PRATA HOLLY ACQUA 6043,SANPRTROR6043HOL,BLANQUERIA,7794170022155,TOALLA,santista
0402010290,TOALLON PRATA DANTE BLANCO 000,SANPRTBAR0001DAN,BLANQUERIA,7798153670951,TOALLA,santista
0402010300,TOALLON PRATA DANTE BORDO 5084,SANPRTBAR5084DAN,BLANQUERIA,7798153670975,TOALLA,santista
0402010310,TOALLON PRATA DANTE MARINO 639,SANPRTBAR6396DAN,BLANQUERIA,7798153670982,TOALLA,santista
0402010320,TOALLON PRATA EMIR NEGRO 9900,SANPRTBARA9900,BLANQUERIA,7798153671064,TOALLA,santista
0402010330,TOALLON PRATA EMIR AMARILLO 10,SANPRTBARAAD4,BLANQUERIA,7798153671071,TOALLA,santista
0402010340,TOALLA PRATA DANTE BLANCO 0001,SANPRTROR0001DAN,BLANQUERIA,7798153671101,TOALLA,santista
0402010350,TOALLA PRATA DANTE BORDO 5084,SANPRTROR5084DAN,BLANQUERIA,7798153671125,TOALLA,santista
0402010360,TOALLA PRATA DANTE MARINO 6396,SANPRTROR6396DAN,BLANQUERIA,7798153671132,TOALLA,santista
0402010370,TOALLA PRATA EMIR NEGRO 9900,SANPRTRORA9900,BLANQUERIA,7798153671217,TOALLA,santista
0402010380,TOALLA PRATA EMIR AMARILLO 109,SANPRTRORAAD4,BLANQUERIA,7798153671224,TOALLA,santista
0402010390,TOALLON PRATA HOLLY BLANCO 000,SANPRTBAR0001HOL,BLANQUERIA,7798153674324,TOALLA,santista
0402010400,TOALLA PRATA HOLLY BLANCO 0001,SANPRTROR0001HOL,BLANQUERIA,7798153674409,TOALLA,santista
0402010410,TOALLON PRATA HOLLY CELESTE 62,SANPRTBAR6210HOL,BLANQUERIA,7798153678407,TOALLA,santista
0402010420,TOALLA PRATA HOLLY CELESTE 621,SANPRTROR6210HOL,BLANQUERIA,7798153678490,TOALLA,santista
0402010430,TOALLON PRATA HOLLY ROSA 3046,SANPRTBAR3046HOL,BLANQUERIA,7798180141530,TOALLA,santista
0402010440,TOALLON PRATA DANTE ROJO 3308,SANPRTBAR3308DAN,BLANQUERIA,7798180141547,TOALLA,santista
0402010450,TOALLON PRATA DANTE AZUL 6265,SANPRTBAR6265DAN,BLANQUERIA,7798180141561,TOALLA,santista
0402010460,TOALLA PRATA HOLLY ROSA 3046,SANPRTROR3046HOL,BLANQUERIA,7798180141592,TOALLA,santista
0402010470,TOALLA PRATA DANTE ROJO 3308,SANPRTROR3308DAN,BLANQUERIA,7798180141608,TOALLA,santista
0402010480,TOALLA PRATA DANTE AZUL 6265,SANPRTROR6265DAN,BLANQUERIA,7798180141622,TOALLA,santista
0402010490,TOALLON PRATA EMIR AZUL 6684,SANPRTBARA6684,BLANQUERIA,7798180148775,TOALLA,santista
0402010500,TOALLA PRATA EMIR NARANJA 2073,SANPRTRORA2073,BLANQUERIA,7798180148850,TOALLA,santista
0402010510,TOALLA PRATA EMIR AZUL 6684,SANPRTRORA6684,BLANQUERIA,7798180148874,TOALLA,santista
0402010520,TO PRATA MINUET JRO 1 AMARILLO,SANPRJROR1MINUET,BLANQUERIA,7798180149086,TOALLA,santista
0402010530,TO PRATA ELIZABETH JRO 3 AZUL,SANPRJROR3ELIZAB,BLANQUERIA,7798180149116,TOALLA,santista
0402010540,TO PRATA VIVIANE JRO BORDO 403,SANPRJRORVIV4030,BLANQUERIA,7798180149239,TOALLA,santista
0402010550,TO PRATA NICE JBA LILA 5085,SANPRJBARNIC5085,BLANQUERIA,7798180149451,TOALLA,santista
0402010560,TOALLON PRATA TBA EMIR NARANJA,SANPRTBARA2073,BLANQUERIA,7798180149864,TOALLA,santista
0402010570,TO SANTISTA PRATA JBA CECILIA,SANPRJBAJCEC2056,BLANQUERIA,7892949360306,TOALLA,santista
0402010580,TO SANTISTA PRATA JBA CECILIA,SANPRJBAJCEC3047,BLANQUERIA,7892949360313,TOALLA,santista
0402010590,TO SANTISTA PRATA JBA CECILIA,SANPRJBAJCEC5505,BLANQUERIA,7892949360320,TOALLA,santista
0402010600,TO SANTISTA PRATA JBA CECILIA,SANPRJBAJCEC6052,BLANQUERIA,7892949360337,TOALLA,santista
0402010610,TO SANTISTA PRATA JBA CECILIA,SANPRJBAJCEC6266,BLANQUERIA,7892949360344,TOALLA,santista
0402010620,TO SANTISTA PRATA JBA ELLEN CO,SANPRJBAJELL2955,BLANQUERIA,7892949360351,TOALLA,santista
0402010630,TO SANTISTA PRATA JBA ELLEN PI,SANPRJBAJELL3053,BLANQUERIA,7892949360368,TOALLA,santista
0402010640,TO SANTISTA PRATA JBA ELLEN RO,SANPRJBAJELL6051,BLANQUERIA,7892949360375,TOALLA,santista
0402010650,TO SANTISTA PRATA JBA ELLEN CA,SANPRJBAJELL6232,BLANQUERIA,7892949360382,TOALLA,santista
0402010660,TO SANTISTA PRATA JBA ELLEN VE,SANPRJBAJELL7317,BLANQUERIA,7892949360399,TOALLA,santista
0402010670,TO SANTISTA PRATA JBA LUDMILA,SANPRJBAJLUD0001,BLANQUERIA,7892949360436,TOALLA,santista
0402010680,TO SANTISTA PRATA JBA LUDMILA,SANPRJBAJLUD4011,BLANQUERIA,7892949360443,TOALLA,santista
0402010690,TO SANTISTA PRATA JBA LUDMILA,SANPRJBAJLUD6043,BLANQUERIA,7892949360450,TOALLA,santista
0402010700,TO SANTISTA PRATA JBA LUDMILA,SANPRJBAJLUD6367,BLANQUERIA,7892949360467,TOALLA,santista
0402010710,TO SANTISTA PRATA JBA LUDMILA,SANPRJBAJLUD7421,BLANQUERIA,7892949360511,TOALLA,santista
0402010720,TO SANTISTA PRATA JRO CECILIA,SANPRJROJCEC2056,BLANQUERIA,7892949360825,TOALLA,santista
0402010730,TO SANTISTA PRATA JRO CECILIA,SANPRJROJCEC3047,BLANQUERIA,7892949360832,TOALLA,santista
0402010740,TO SANTISTA PRATA JRO CECILIA,SANPRJROJCEC5505,BLANQUERIA,7892949360849,TOALLA,santista
0402010750,TO SANTISTA PRATA JRO CECILIA,SANPRJROJCEC6052,BLANQUERIA,7892949360856,TOALLA,santista
0402010760,TO SANTISTA PRATA JRO CECILIA,SANPRJROJCEC6266,BLANQUERIA,7892949360894,TOALLA,santista
0402010770,TO SANTISTA PRATA JRO ELLEN CO,SANPRJROJELL2955,BLANQUERIA,7892949360900,TOALLA,santista
0402010780,TO SANTISTA PRATA JRO ELLEN PI,SANPRJROJELL3053,BLANQUERIA,7892949360924,TOALLA,santista
0402010790,TO SANTISTA PRATA JRO ELLEN RO,SANPRJROJELL6051,BLANQUERIA,7892949360931,TOALLA,santista
0402010800,TO SANTISTA PRATA JRO ELLEN CA,SANPRJROJELL6232,BLANQUERIA,7892949360993,TOALLA,santista
0402010810,TO SANTISTA PRATA JRO ELLEN VE,SANPRJROJELL7317,BLANQUERIA,7892949361006,TOALLA,santista
0402010820,TO SANTISTA PRATA JRO LUDMILA,SANPRJROJLUD0001,BLANQUERIA,7892949361013,TOALLA,santista
0402010830,TO SANTISTA PRATA JRO LUDMILA,SANPRJROJLUD4011,BLANQUERIA,7892949361020,TOALLA,santista
0402010840,TO SANTISTA PRATA JRO LUDMILA,SANPRJROJLUD6043,BLANQUERIA,7892949361037,TOALLA,santista
0402010850,TO SANTISTA PRATA JRO LUDMILA,SANPRJROJLUD6367,BLANQUERIA,7892949361044,TOALLA,santista
0402010860,TO SANTISTA PRATA JRO LUDMILA,SANPRJROJLUD7421,BLANQUERIA,7892949361068,TOALLA,santista
0402010870,TO SANTISTA PRATA JBA STEVE VI,SANPRJBAJSTE4454,BLANQUERIA,7892949395988,TOALLA,santista
0402010880,TO SANTISTA PRATA JBA STEVE MA,SANPRJBAJSTE6075,BLANQUERIA,7892949395995,TOALLA,santista
0402010890,TO SANTISTA PRATA JBA STEVE ES,SANPRJBAJSTE7533,BLANQUERIA,7892949396015,TOALLA,santista
0402010900,TO SANTISTA PRATA JBA STEVE MU,SANPRJBAJSTE7601,BLANQUERIA,7892949396022,TOALLA,santista
0402010910,TO SANTISTA PRATA JBA STEVE CI,SANPRJBAJSTE9034,BLANQUERIA,7892949396046,TOALLA,santista
0402010920,TO SANTISTA PRATA JRO STEVE VI,SANPRJROJSTE4454,BLANQUERIA,7892949396190,TOALLA,santista
0402010930,TO SANTISTA PRATA JRO STEVE MA,SANPRJROJSTE6075,BLANQUERIA,7892949396206,TOALLA,santista
0402010940,TO SANTISTA PRATA JRO STEVE ES,SANPRJROJSTE7533,BLANQUERIA,7892949396220,TOALLA,santista
0402010950,TO SANTISTA PRATA JRO STEVE MU,SANPRJROJSTE7601,BLANQUERIA,7892949396244,TOALLA,santista
0402010960,TO SANTISTA PRATA JRO STEVE CI,SANPRJROJSTE9034,BLANQUERIA,7892949396275,TOALLA,santista
0402010970,TOALHA SANTISTA PRATA TBA ZAKI,SANPRTBAJ7325,BLANQUERIA,7892949403294,TOALLA,santista
0402010980,TOALLON SANTISTA CRISTAL CORAL,SANPRJBACRI3984,BLANQUERIA,7892949426323,TOALLA,santista
0402010990,TOALLON SANTISTA CRISTAL AZUL,SANPRJBAJCRI6265,BLANQUERIA,7892949426330,TOALLA,santista
0402011000,TOALLON SANTISTA CRISTAL,SANPRJBAJCRI6279,BLANQUERIA,7892949426347,TOALLA,santista
0402011010,TOALLON SANTISTA CRISTAL VERDE,SANPRJBAJCRI7421,BLANQUERIA,7892949426354,TOALLA,santista
0402011020,TOALLON SANTISTA CRISTAL GRIS,SANPRJBAJCRI9059,BLANQUERIA,7892949426361,TOALLA,santista
0402011030,TOALLON SANTISTA JOANA,SANPRJBAJJOA3115,BLANQUERIA,7892949426408,TOALLA,santista
0402011040,TOALLON SANTISTA JOANA,SANPRJBAJJOA5057,BLANQUERIA,7892949426415,TOALLA,santista
0402011050,TOALLON SANTISTA JOANA CELESTE,SANPRJBAJJOA6210,BLANQUERIA,7892949426422,TOALLA,santista
0402011060,TOALLON SANTISTA JOANA BEIGE,SANPRJBAJJOA8832,BLANQUERIA,7892949426446,TOALLA,santista
0402011070,TOALLA SANTISTA CRISTAL CORAL,SANPRJROJCRI3384,BLANQUERIA,7892949426637,TOALLA,santista
0402011080,TOALLA SANTISTA CRISTAL AQUA,SANPRJROJCRI6279,BLANQUERIA,7892949426651,TOALLA,santista
0402011090,TOALLA SANTISTA CRISTAL VERDE,SANPRJROJCRI7421,BLANQUERIA,7892949426668,TOALLA,santista
0402011100,TOALLA SANTISTA CRISTAL GRIS,SANPRJROJCRI9059,BLANQUERIA,7892949426675,TOALLA,santista
0402011110,TOALLA SANTISTA JOANA ROSA,SANPRJROJJOA3115,BLANQUERIA,7892949426712,TOALLA,santista
0402011120,TOALLA SANTISTA JOANA CELESTE,SANPRJROJJOA5057,BLANQUERIA,7892949426828,TOALLA,santista
0402011130,TOALLA SANTISTA JOANA CELESTE,SANPRJROJJOA6210,BLANQUERIA,7892949426835,TOALLA,santista
0402011140,TOALLA SANTISTA JOANA VERDE,SANPRJROJJOA7113,BLANQUERIA,7892949426842,TOALLA,santista
0402011150,TOALLA SANTISTA JOANA BEIGE,SANPRJROJJOA8832,BLANQUERIA,7892949426859,TOALLA,santista
0402011160,TO SANTISTA PRATA JRO SAVANA 3,SANPRJROJ3SAVANA,BLANQUERIA,7892949441791,TOALLA,santista
0402011170,TOALHA SANTISTA PRATA TBA EMIR,SANPRTBAJA7370,BLANQUERIA,7892949441913,TOALLA,santista
0402011180,TOALHA SANTISTA PRATA TBA EMIR,SANPRTBAJA9900,BLANQUERIA,7892949441920,TOALLA,santista
0402011190,TOALLA SANTISTA PRATA TRO EMIR,SANPRTROJA9900,BLANQUERIA,7892949442033,TOALLA,santista
0402011200,TOALLON SANTISTA ROSE AMARILLO,SANPRJBAJROS1204,BLANQUERIA,7892949496425,TOALLA,santista
0402011210,TOALLON SANTISTA ROSE,SANPRJBAJROS3049,BLANQUERIA,7892949496432,TOALLA,santista
0402011220,TOALLON SANTISTA ROSE LILA,SANPRJBAJROS6176,BLANQUERIA,7892949496470,TOALLA,santista
0402011230,TOALLON SANTISTA ROSE VERDE,SANPRJBAJROS7508,BLANQUERIA,7892949496494,TOALLA,santista
0402011240,TOALLON SANTISTA ROSE GRIS,SANPRJBAJROS9180,BLANQUERIA,7892949496500,TOALLA,santista
0402011250,TOALLA SANTISTA ROSE AMARILLO,SANPRJROJROS1204,BLANQUERIA,7892949496715,TOALLA,santista
0402011260,TOALLA SANTISTA ROSE ROSA,SANPRJROJROS3049,BLANQUERIA,7892949496777,TOALLA,santista
0402011270,TOALLA SANTISTA ROSE CELESTE,SANPRJROJROS6176,BLANQUERIA,7892949496807,TOALLA,santista
0402011280,TOALLA SANTISTA ROSE VERDE,SANPRJROJROS7508,BLANQUERIA,7892949496821,TOALLA,santista
0402011290,TOALLA FANTASIA ROSE GRIS,SANPRJROJROS9180,BLANQUERIA,7892949496838,TOALLA,santista
0402011700,"TO BAÑO PRATA AMARILLO 70X1,35",SANPRJBAJCES1035,BLANQUERIA,7892949438661,TOALLA,santista
0402011710,"TO BAÑO PRATA AQUA 70X1,35",SANPRJBAJCES6043,BLANQUERIA,7892949438678,TOALLA,santista
0402011720,"TO BAÑO PRATA VERDE AGUA 70X1,",SANPRJBAJJOA7113,BLANQUERIA,7892949426439,TOALLA,santista
0402011730,TO ROSTRO PRATA AMARILLO 41X70,SANPRJROJCES1035,BLANQUERIA,7892949438715,TOALLA,santista
0402011740,TO ROSTRO PRATA AQUA 41X70,SANPRJROJCES6043,BLANQUERIA,7892949438722,TOALLA,santista
0402011750,TO ROSTRO PRATA AZUL 41X70,SANPRJROJCRI6265,BLANQUERIA,7892949426644,TOALLA,santista
0402011760,TOALLA SANTISTA CESAR,SANPRJROJCES0001,BLANQUERIA,7892949438708,TOALLA,santista
0402011770,TOALLON SANTISTA CESAR,SANPRJBAJCES0001,BLANQUERIA,7892949438654,TOALLA,santista
0402011780,TOALLA SANTISTA CESAR,SANPRJROJCES6333,BLANQUERIA,7892949438746,TOALLA,santista
0402011790,TOALLA SANTISTA CESAR,SANPRJROJCES6122,BLANQUERIA,7892949438739,TOALLA,santista
0402011800,TOALLON SANTISTA CESAR,SANPRJBACES6122,BLANQUERIA,7892949438682,TOALLA,santista
0402011810,TOALLON SANTISTA GRIS CESAR,SANPRJBAJCES63,BLANQUERIA,7892949438692,TOALLA,santista
0402011820,TOALLON SANTISTA AZUL CESAR,SANPRJBAJCES61,BLANQUERIA,7892949438685,TOALLA,santista
0402011830,TOALLON PRATA DANTE VIOL,SANPRTBAR5053D,BLANQUERIA,7794170028119,TOALLA,santista
0402011840,TOALLON PRATA DANTE GRIS 6333,SANPRTBAR6333D,BLANQUERIA,7794170028126,TOALLA,santista
0402011850,TOALLON PRATA DANTE NUEZ 8318,SANPRTBAR8318D,BLANQUERIA,7794170028133,TOALLA,santista
0402011860,TOALLA PRATA DANTE VIOL,SANPRTROR5013D,BLANQUERIA,7794170028140,TOALLA,santista
0402011870,TOALLA PRATA DANTE GRIS 6333,SANPRTROR6333D,BLANQUERIA,7794170028157,TOALLA,santista
0402011880,TOALLA PRATA DANTE NUEZ 8318,SANPRTROR8318D,BLANQUERIA,7794170028164,TOALLA,santista
0402012320,TOALLON PRATA BELLA ROSA,SANPRJBAJBEL3049,BLANQUERIA,7892949538361,TOALLA,santista
0402012330,TOALLON PRATA BELLA AQUAMARINA,SANPRJBAJBEL6090,BLANQUERIA,7892949538385,TOALLA,santista
0402012340,TOALLON PRATA BELLA MANZANA,SANPRJBAJBEL7488,BLANQUERIA,7892949538392,TOALLA,santista
0402012350,TOALLON PRATA BELLA BEIGE,SANPRJBAJBEL8832,BLANQUERIA,7892949538408,TOALLA,santista
0402012360,TOALLA PRATA BELLA ROSA,SANPRJROJBEL3049,BLANQUERIA,7892949538576,TOALLA,santista
0402012370,TOALLA PRATA BELLA AQUAMARINA,SANPRJROJBEL6090,BLANQUERIA,7892949538590,TOALLA,santista
0402012380,TOALLA PRATA BELLA MANZANA,SANPRJROJBEL7488,BLANQUERIA,7892949538606,TOALLA,santista
0402012390,TOALLA PRATA BELLA BEIGE,SANPRJROJBEL8832,BLANQUERIA,7892949538613,TOALLA,santista
0402012700,TOALLON PRATA CORAL 2055,SANPRJBAJCEL2055,BLANQUERIA,7892949602352,TOALLA,santista
0402012710,TOALLON PRATA AZUL 6235,SANPRJBAJCEL6235,BLANQUERIA,7892949602369,TOALLA,santista
0402012720,TOALLA PRATA AZUL 6235,SANPRJROJCEL6235,BLANQUERIA,7892949602413,TOALLA,santista
0402012730,TOALLON PRATA TURQUESA 6335,SANPRJBAJCEL6335,BLANQUERIA,7892949602376,TOALLA,santista
0402012740,TOALLON PRATA VERDE 7388,SANPRJBAJCEL7388,BLANQUERIA,7892949602383,TOALLA,santista
0402012750,TOALLON PRATA BEIGE 8832,SANPRJBAJCEL8832,BLANQUERIA,7892949602390,TOALLA,santista
0402012760,TOALLA PRATA CORAL 2055,SANPRJROJCEL2055,BLANQUERIA,7892949602406,TOALLA,santista
0402012770,TOALLA PRATA TURQUESA 6335,SANPRJROJCEL6335,BLANQUERIA,7892949602420,TOALLA,santista
0402012780,TOALLA PRATA VERDE 7388,SANPRJROJCEL7388,BLANQUERIA,7892949602437,TOALLA,santista
0402012790,TOALLA PRATA BEIGE 8832,SANPRJROJCEL8832,BLANQUERIA,7892949602444,TOALLA,santista
0402013710,TOALLON SANTISTA LILA,SANPRJBAJFLR5102,BLANQUERIA,7892949540098,TOALLA,santista
0402013720,TOALLON SANTISTA ACQUA,SANPRJBAJFLR6052,BLANQUERIA,7892949541262,TOALLA,santista
0402013730,TOALLON SANTISTA ROSA,SANPRJBAJFLR3002,BLANQUERIA,7892949540081,TOALLA,santista
0402013840,TOALLON SANTISTA ORQUI,SANPRJBAJFLR5148,BLANQUERIA,7892949540104,TOALLA,santista
0402013850,TOALLA SANTISTA ORQUIDEA,SANPRJROJFLR5148,BLANQUERIA,7892949540159,TOALLA,santista
0402013860,TOALLA SANTISTA ACQUA,SANPRJROJFLR6052,BLANQUERIA,7892949541279,TOALLA,santista
0402013870,TOALLA SANTISTA LILA,SANPRJRIJFLR5102,BLANQUERIA,7892949540142,TOALLA,santista
0402013890,TOALLA SANTISTA ROSA,SANPRJROJFLR3002,BLANQUERIA,7892949540135,TOALLA,santista
0402013940,TOALLA PRATA ESMERALDA,SANPRJROJVIT7775,BLANQUERIA,7892949541453,TOALLA,santista
0402013950,TOALLA PRATA BLANCA,SANPRJROJVIT0001,BLANQUERIA,7892949541422,TOALLA,santista
0402013960,TOALLA PRATA LIMON,SANPRJROJVIT7619,BLANQUERIA,7892949541446,TOALLA,santista
0402013970,TOALLA PRATA GRIS,SANPRJROJVIT9180,BLANQUERIA,7892949541460,TOALLA,santista
0402013980,TOALLA PRATA CEREZA,SANPRJROJVIT3517,BLANQUERIA,7892949541439,TOALLA,santista
0402013990,TOALLON PRATA  ESMERALDA,SANPRJBAJVIT7775,BLANQUERIA,7892949541408,TOALLA,santista
0402014000,TOALLON PRATA  BLANCO,SANPRJBAJVIT0001,BLANQUERIA,7892949541309,TOALLA,santista
0402014010,TOALLON PRATA LIMON,SANPRJBAJVIT7619,BLANQUERIA,7892949541392,TOALLA,santista
0402014020,TOALLON PRATA  GRIS,SANPRJBAJVIT9180,BLANQUERIA,7892949541415,TOALLA,santista
0402014030,TOALLON PRATA CEREZA,SANPRJBAJVIT3517,BLANQUERIA,7892949541316,TOALLA,santista
0406000030,COBRE LEITO PRATA 150 FIOS KCC,PRA15KCCB1ANGELA,BLANQUERIA,7892949311018,COVERTOR,santista
0406000040,COBRE LEITO PRATA 150 FIOS KCC,PRA15KCCB1STELLA,BLANQUERIA,7892949311025,COVERTOR,santista
0406000050,COBRE LEITO PRATA 150 FIOS KCK,PRA15KCKB1ANGELA,BLANQUERIA,7892949311049,COVERTOR,santista
0406000060,COBRE LEITO PRATA 150 FIOS KCK,PRA15KCKB1STELLA,BLANQUERIA,7892949311056,COVERTOR,santista
0406000070,COBRE LEITO PRATA 150 FIOS KCQ,PRA15KCQB1ANGELA,BLANQUERIA,7892949311087,COVERTOR,santista
0406000080,COBRE LEITO PRATA 150 FIOS KCQ,PRA15KCQB1STELLA,BLANQUERIA,7892949311094,COVERTOR,santista
0406000090,COBRE LEITO PRATA 150 FIOS KCS,PRA15KCSB1ANGELA,BLANQUERIA,7892949311117,COVERTOR,santista
0406000100,COBRE LEITO PRATA 150 FIOS KCS,PRA15KCSB1STELLA,BLANQUERIA,7892949311124,COVERTOR,santista
0406000110,COBRE LEITO PRATA 150 FIOS KCC,PRA15KCCB1BLOG,BLANQUERIA,7892949373245,COVERTOR,santista
0406000120,COBRE LEITO PRATA 150 FIOS KCC,PRA15KCCB1LUDMIL,BLANQUERIA,7892949373269,COVERTOR,santista
0406000130,COBRE LEITO PRATA 150 FIOS KCK,PRA15KCKB1BLOG,BLANQUERIA,7892949373283,COVERTOR,santista
0406000140,COBRE LEITO PRATA 150 FIOS KCK,PRA15KCKB1LUDMIL,BLANQUERIA,7892949373306,COVERTOR,santista
0406000150,COBRE LEITO PRATA 150 FIOS KCQ,PRA15KCQB1BLOG,BLANQUERIA,7892949373320,COVERTOR,santista
0406000160,COBRE LEITO PRATA 150 FIOS KCQ,PRA15KCQB1LUDMIL,BLANQUERIA,7892949373344,COVERTOR,santista
0406000170,COBRE LEITO PRATA 150 FIOS KCS,PRA15KCSB1BLOG,BLANQUERIA,7892949373368,COVERTOR,santista
0406000180,COBRE LEITO PRATA 150 FIOS KCS,PRA15KCSB1LUDMIL,BLANQUERIA,7892949373382,COVERTOR,santista
0406000190,COBRE LEITO PRATA 150 FIOS KCC,PRA15KCCB1LEONOR,BLANQUERIA,7892949400910,COVERTOR,santista
0406000200,COBRE LEITO PRATA 150 FIOS KCK,PRA15KCKB1LEONOR,BLANQUERIA,7892949400934,COVERTOR,santista
0406000210,COBRE LEITO PRATA 150 FIOS KCQ,PRA15KCQB1LEONOR,BLANQUERIA,7892949400958,COVERTOR,santista
0406000220,COBRE LEITO PRATA 150 FIOS KCS,PRA15KCSB1LEONOR,BLANQUERIA,7892949400989,COVERTOR,santista
0406000230,COBRE LEITO PRATA 150 FIOS KCC,PRA15KCCB1KAIKI,BLANQUERIA,7892949402877,COVERTOR,santista
0406000240,COBRE LEITO PRATA 150 FIOS KCK,PRA15KCKB1KAIKI,BLANQUERIA,7892949402884,COVERTOR,santista
0406000250,COBRE LEITO PRATA 150 FIOS KCQ,PRA15KCQB1KAIKI,BLANQUERIA,7892949402891,COVERTOR,santista
0406000260,COBRE LEITO PRATA 150 FIOS KCS,PRA15KCSB1KAIKI,BLANQUERIA,7892949402907,COVERTOR,santista
