Codart,Descripcion,DescAdicional,Familia,CodBarras,agrupacion,marca
0401003030,SA FANTASIA MIXTO JDS 1 SAMMY,FANTMJDSR1SAMMY,BLANQUERIA,7794170005660,SABANA,fantasia
0401003040,SA FANTASIA MIXTO JDC 1 SAMMY,FANTMJDCR1SAMMY,BLANQUERIA,7794170005998,SABANA,fantasia
0401003050,SA FANTASIA MIXTO JDC 1 WEZI,FANTMJDCR1WEZI,BLANQUERIA,7794170006001,SABANA,fantasia
0401003060,SA FANTASIA MIXTO JDC 2 ZIPP,FANTMJDCR2ZIPP,BLANQUERIA,7794170006018,SABANA,fantasia
0401003070,SA FANTASIA MIXTO JDS 1 GAEL,FANTMJDSR1GAEL,BLANQUERIA,7794170006025,SABANA,fantasia
0401003080,SA FANTASIA MIXTO JDC 1 GAEL,FANTMJDCR1GAEL,BLANQUERIA,7794170006247,SABANA,fantasia
0401003090,SA FANTASIA MIXTO JDC 1 IVAN,FANTMJDCR1IVAN,BLANQUERIA,7794170006254,SABANA,fantasia
0401003100,SA FANTASIA MIXTO JDC 1 MELANI,FANTMJDCR1MELANI,BLANQUERIA,7794170006261,SABANA,fantasia
0401003190,SA FANTASIA MIXTO 2PL JUSTIN,FANTMJDCR1JUSTIN,BLANQUERIA,7794170008838,SABANA,fantasia
0401003200,SA FANTASIA MIXTO 2PL WAYNE,FANTMJDCR1WAYNE,BLANQUERIA,7794170008845,SABANA,fantasia
0401003210,SA FANTASIA MIXTO 2PL ADELE,FANTMJDCR3ADELE,BLANQUERIA,7794170008852,SABANA,fantasia
0401003220,SA FANTASIA MIXTO 2PL DIZZY,FANTMJDCR3DIZZY,BLANQUERIA,7794170008869,SABANA,fantasia
0401003230,SA FANTASIA MIXTO 2PL WALL,FANTMJDCR3WALL,BLANQUERIA,7794170008876,SABANA,fantasia
0401003240,SA FANTASIA MIXTO 1PL JUSTIN,FANTMJDSR1JUSTIN,BLANQUERIA,7794170008890,SABANA,fantasia
0401003250,SA FANTASIA MIXTO 1PL WAYNE,FANTMJDSR1WAYNE,BLANQUERIA,7794170008906,SABANA,fantasia
0401003260,SA FANTASIA MIXTO 1PL ADELE,FANTMJDSR3ADELE,BLANQUERIA,7794170008913,SABANA,fantasia
0401003270,SA FANTASIA MIXTO 1PL DIZZY,FANTMJDSR3DIZZY,BLANQUERIA,7794170008920,SABANA,fantasia
0401003280,SA FANTASIA MIXTO 1PL WALL,FANTMJDSR3WALL,BLANQUERIA,7794170008937,SABANA,fantasia
0401003290,SA FANTASIA MIXTO 2PL CARO,FANTMJDCR6CARO,BLANQUERIA,7794170009132,SABANA,fantasia
0401003300,SA FANTASIA MIXTO 1PL CARO,FANTMJDSR6CARO,BLANQUERIA,7794170009149,SABANA,fantasia
0401003330,SA FANTASIA MIXTO JDC 1 BARBAR,FANTMJDCR1BARBAR,BLANQUERIA,7798180147891,SABANA,fantasia
0401003340,SA FANTASIA MIXTO JDC 1 BISTRO,FANTMJDCR1BISTRO,BLANQUERIA,7798180147907,SABANA,fantasia
0401003350,SA FANTASIA 100 ALG JDC 1 CINT,FANTPJDCR1CINTHI,BLANQUERIA,7794170005691,SABANA,fantasia
0401003360,SA FANTASIA 100 ALG JDC 1 CLAR,FANTPJDCR1CLARA,BLANQUERIA,7794170005707,SABANA,fantasia
0401003370,SA FANTASIA 100 ALG JDC 1 DENA,FANTPJDCR1DENARI,BLANQUERIA,7794170005714,SABANA,fantasia
0401003380,SA FANTASIA 100 2PL EDDY,FANTPJDCR1EDDY,BLANQUERIA,7794170005783,SABANA,fantasia
0401003390,SA FANTASIA 100 ALG JDC 1 OMAR,FANTPJDCR1OMAR,BLANQUERIA,7794170005806,SABANA,fantasia
0401003400,SABANA FANTASIA 100 1PL EDDY,FANTPJDSR1EDDY,BLANQUERIA,7794170005820,SABANA,fantasia
0401003410,SABANA PRATA 1PL FABRICIO,PRA15JDSR1FABRIC,BLANQUERIA,7794170006155,SABANA,fantasia
0401003420,SA FANTASIA 100 2PL GRANT,FANTPJDCR2GRANT,BLANQUERIA,7794170009866,SABANA,fantasia
0401003430,SA FANTASIA 100 2PL HECTOR,FANTPJDCR2HECTOR,BLANQUERIA,7794170009873,SABANA,fantasia
0401003440,SA FANTASIA 100 2PL IARA,FANTPJDCR2IARA,BLANQUERIA,7794170009880,SABANA,fantasia
0401003450,SA FANTASIA 100 2PL LENY,FANTPJDCR2LENY,BLANQUERIA,7794170009897,SABANA,fantasia
0401003460,SA FANTASIA 100 2PL LUCILA,FANTPJDCR2LUCILA,BLANQUERIA,7794170009903,SABANA,fantasia
0401003470,SABANA FANTASIA 100 1PL GRANT,FANTPJDSR2GRANT,BLANQUERIA,7794170009910,SABANA,fantasia
0401003480,SABANA FANTASIA 100 1PL HECTOR,FANTPJDSR2HECTOR,BLANQUERIA,7794170009927,SABANA,fantasia
0401003490,SABANA FANTASIA 100 1PL IARA,FANTPJDSR2IARA,BLANQUERIA,7794170009934,SABANA,fantasia
0401003500,SABANA FANTASIA 100 1PL LENY,FANTPJDSR2LENY,BLANQUERIA,7794170009941,SABANA,fantasia
0401003510,SABANA FANTASIA 100 1PL LUCILA,FANTPJDSR2LUCILA,BLANQUERIA,7794170009958,SABANA,fantasia
0401003520,SABANA PRATA 1PL ENZO,PRA15JDSR1ENZO,BLANQUERIA,7794170010060,SABANA,fantasia
0401003530,SABANA PRATA 1PL LUCIO,PRA15JDSR1LUCIO,BLANQUERIA,7794170010077,SABANA,fantasia
0401003540,SABANA PRATA 1PL VINY,PRA15JDSR1VINY,BLANQUERIA,7794170010084,SABANA,fantasia
0401003550,SABANA PRATA 1PL JULIA,PRA15JDSR2JULIA,BLANQUERIA,7794170010091,SABANA,fantasia
0401003560,SABANA PRATA 1PL STELLA,PRA15JDSR2STELLA,BLANQUERIA,7794170010107,SABANA,fantasia
0401003570,SABANA FANTASIA INFANTIL  JDS,FANIPJDSRAUTOS,BLANQUERIA,7794170014068,SABANA,fantasia
0401003580,SABANA FANTASIA INFANTIL  JDS,FANIPJDSRMIAU,BLANQUERIA,7794170014075,SABANA,fantasia
0401003590,SABANA FANTASIA INFANTIL  JDS,FANIPJDSRSAFARI,BLANQUERIA,7794170014082,SABANA,fantasia
0401003600,SA FANTASIA EDGAR 2-1/2,FANTPJDCR1EDGAR,BLANQUERIA,7794170014709,SABANA,fantasia
0401003610,SA FANTASIA WILL 2-1/2,FANTPJDCR1WILL,BLANQUERIA,7794170014716,SABANA,fantasia
0401003620,SA FANTASIA BARAN 2-1/2,FANTPJDCR2BARAN,BLANQUERIA,7794170014723,SABANA,fantasia
0401003630,SABANA FANTASIA 100% 2 1/2PL P,FANTPJDCR2PILAR,BLANQUERIA,7794170014730,SABANA,fantasia
0401003640,SA FANTASIA SEBAS 2-1/2,FANTPJDCR2SEBAS,BLANQUERIA,7794170014747,SABANA,fantasia
0401003650,SABANA FANTASIA 100% 2 1/2PL A,FANTPJDCR3AMANDA,BLANQUERIA,7794170014754,SABANA,fantasia
0401003660,SABANA FANTASIA 100% 1 1/2PL E,FANTPJDSR1EDGAR,BLANQUERIA,7794170014761,SABANA,fantasia
0401003670,SABANA FANTASIA 100% 1 1/2PL W,FANTPJDSR1WILL,BLANQUERIA,7794170014778,SABANA,fantasia
0401003680,SABANA FANTASIA 100% 1 1/2PL B,FANTPJDSR2BARAN,BLANQUERIA,7794170014785,SABANA,fantasia
0401003690,SABANA FANTASIA 100% 1 1/2PL P,FANTPJDSR2PILAR,BLANQUERIA,7794170014792,SABANA,fantasia
0401003700,SABANA FANTASIA 100% 1 1/2PL S,FANTPJDSR2SEBAS,BLANQUERIA,7794170014808,SABANA,fantasia
0401003710,SABANA FANTASIA 100% 1 1/2PL A,FANTPJDSR3AMANDA,BLANQUERIA,7794170014815,SABANA,fantasia
0401003720,SABANA PRATA 1 1/2PL DERBAK 1,PRA15JDSR1DERBAK,BLANQUERIA,7794170015249,SABANA,fantasia
0401003730,SABANA PRATA 1 1/2PL KAIKI 1,PRA15JDSR1KAIKI,BLANQUERIA,7794170015256,SABANA,fantasia
0401003740,SABANA PRATA 1 1/2PL ANAHI 2,PRA15JDSR2ANAHI,BLANQUERIA,7794170015263,SABANA,fantasia
0401003750,SABANA PRATA 1 1/2PL FAUSTO 2,PRA15JDSR2FAUSTO,BLANQUERIA,7794170015270,SABANA,fantasia
0401003760,SABANA PRATA 1 1/2PL LUZ 2,PRA15JDSR2LUZ,BLANQUERIA,7794170015287,SABANA,fantasia
0401003770,SABANA PRATA 1 1/2PL SERGIO 2,PRA15JDSR2SERGIO,BLANQUERIA,7794170015294,SABANA,fantasia
0401003780,SABANA PRATA LISAS JDS AZUL,PRA15JDSRAZUL,BLANQUERIA,7794170019544,SABANA,fantasia
0401003790,SABANA PRATA LISAS JDS FUCSIA,PRA15JDSRFUCSIA,BLANQUERIA,7794170019551,SABANA,fantasia
0401003800,SABANA PRATA LISAS JDS MARINO,PRA15JDSRMARINO,BLANQUERIA,7794170019568,SABANA,fantasia
0401003810,SABANA PRATA LISAS JDS PETROLE,PRA15JDSRPETROLE,BLANQUERIA,7794170019575,SABANA,fantasia
0401003820,SABANA PRATA LISAS JDS ROJO,PRA15JDSRROJO,BLANQUERIA,7794170019582,SABANA,fantasia
0401003830,SABANA PRATA LISAS JDS VIOLETA,PRA15JDSRVIOLETA,BLANQUERIA,7794170019599,SABANA,fantasia
0401003840,SABANA PRATA LISAS JDS LILA,PRA15JDSRLILA,BLANQUERIA,7794170020847,SABANA,fantasia
0401003850,SABANA PRATA LISAS JDS ROSA,PRA15JDSRROSA,BLANQUERIA,7794170020854,SABANA,fantasia
0401003860,SABANAS CUNA FUNCIONAL,FANPBJDBR1BELU,BLANQUERIA,7794170021547,SABANA,fantasia
0401003870,SA FANTASIA BEBE CUNA,FANPBJDBR1ZOO,BLANQUERIA,7794170021554,SABANA,fantasia
0401003880,SABANAS CUNA FUNCIONAL,FANPBJDBR2BALOON,BLANQUERIA,7794170021561,SABANA,fantasia
0401003890,SABANA CUNA FANTASIA,FANPBJDFR1BALOON,BLANQUERIA,7794170021585,SABANA,fantasia
0401003900,SABANAS CUNA FUNCIONAL,FANPBJDFR1BELU,BLANQUERIA,7794170021592,SABANA,fantasia
0401003910,SA FANTASIA BEBE CUNA FUNCIONA,FANPBJDFR1ZOO,BLANQUERIA,7794170021608,SABANA,fantasia
0401003920,SABANAS CUNA FUNCIONAL,FANPBJDFR2BALOON,BLANQUERIA,7794170021615,SABANA,fantasia
0401003930,SABANA FANTASIA 1 1/2 PLAZA AV,FANIPJDSRAVIONES,BLANQUERIA,7794170021714,SABANA,fantasia
0401003940,SABANA FANTASIA 1 1/2 PLAZA MA,FANIPJDSRAMARIPOS,BLANQUERIA,7794170021721,SABANA,fantasia
0401003950,SABANAS 2 1/2 ABEL,FANTPJDCR1ABEL,BLANQUERIA,7794170024500,SABANA,fantasia
0401003960,SABANAS 2 1/2 ALICE,FANTPJDCR1ALICE,BLANQUERIA,7794170024517,SABANA,fantasia
0401003970,SABANAS 2 1/2 DONATO,FANTPJDC1DONATO,BLANQUERIA,7794170024524,SABANA,fantasia
0401003980,SA 2 1/2 SAMIRA,FANTPJDCR1SAMIRA,BLANQUERIA,7794170024531,SABANA,fantasia
0401003990,SABANAS 2 1/2 SONNY,FANTPJDC,BLANQUERIA,7794170024540,SABANA,fantasia
0401004000,SABANAS 2 1/2 SONNY,FANTPJDCR1SONNY,BLANQUERIA,7794170024548,SABANA,fantasia
0401004010,SA 2 1/2 WOLF,FANTPJDCR1WOLF,BLANQUERIA,7794170024555,SABANA,fantasia
0401004020,SABANA FANTASIA 1 1/2 ABEL,FANTPJDSR1ABEL,BLANQUERIA,7794170024562,SABANA,fantasia
0401004030,SABANA FANTASIA 100% 1 1/2 PLA,FANTPJDSR1ALICE,BLANQUERIA,7794170024579,SABANA,fantasia
0401004040,SABANA FANTASIA 1 1/2 DONATO,FANTPJDSR1DONATO,BLANQUERIA,7794170024586,SABANA,fantasia
0401004050,SABANA FANTASIA 100% 1 1/2 PLA,FANTPJDSR1SAMIRA,BLANQUERIA,7794170024593,SABANA,fantasia
0401004060,SABANA FANTASIA 100% 1 1/2 PLA,FANTPJDSR1SONNY,BLANQUERIA,7794170024609,SABANA,fantasia
0401004070,SABANA FANTASIA 100% 1 1/2 PLA,FANTPJDSR1WOLF,BLANQUERIA,7794170024616,SABANA,fantasia
0401004080,SA FANTA INST JLC 150H MIXTO I,FAM15JLCRINSB01,BLANQUERIA,7798180141233,SABANA,fantasia
0401004090,SA FANTA INST JLK 150H MIXTO J,FAM15JLKRINSB01,BLANQUERIA,7798180141240,SABANA,fantasia
0401004100,SA FANTA INST JLQ 150H MIXTO J,FAM15JLQRINSB01,BLANQUERIA,7798180141257,SABANA,fantasia
0401004110,SA  FANTA INST JLS 150H MIXTO,FAM15JLSRINSB01,BLANQUERIA,7798180141264,SABANA,fantasia
0401004120,LENCOL  FANTASIA MICROLEEN JDC,FAMICJDCM1AYDA,BLANQUERIA,7892949412760,SABANA,fantasia
0401004130,LENCOL  FANTASIA MICROLEEN JDC,FAMICJDCM1CECI,BLANQUERIA,7892949412777,SABANA,fantasia
0401004140,LENCOL  FANTASIA MICROLEEN JDC,FAMICJDCM1PATRIC,BLANQUERIA,7892949412784,SABANA,fantasia
0401004150,LENCOL  FANTASIA MICROLEEN JDC,FAMICJDCM1TIAGO,BLANQUERIA,7892949412791,SABANA,fantasia
0401004160,LENCOL  FANTASIA MICROLEEN JDC,FAMICJDCM1YANK,BLANQUERIA,7892949412838,SABANA,fantasia
0401004170,LENCOL  FANTASIA MICROLEEN JDC,FAMICJDCM1ZAIRE,BLANQUERIA,7892949412845,SABANA,fantasia
0401004180,LENCOL  FANTASIA MICROLEEN JDS,FAMICJDSM1AYDA,BLANQUERIA,7892949412852,SABANA,fantasia
0401004190,LENCOL  FANTASIA MICROLEEN JDS,FAMICJDSM1CECI,BLANQUERIA,7892949412869,SABANA,fantasia
0401004200,LENCOL  FANTASIA MICROLEEN JDS,FAMICJDSM1PATRIC,BLANQUERIA,7892949412876,SABANA,fantasia
0401004210,LENCOL  FANTASIA MICROLEEN JDS,FAMICJDSM1TIAGO,BLANQUERIA,7892949412883,SABANA,fantasia
0401004220,LENCOL  FANTASIA MICROLEEN JDS,FAMICJDSM1YANK,BLANQUERIA,7892949412906,SABANA,fantasia
0401004230,LENCOL  FANTASIA MICROLEEN JDS,FAMICJDSM1ZAIRE,BLANQUERIA,7892949412920,SABANA,fantasia
0401004240,SABANA  SUAVEMIX LINO 2 1/2,FAMICJDCM1LINO,BLANQUERIA,7892949519926,SABANA,fantasia
0401004250,SABANA  SUAVEMIX MEG 2 1/2,FAMICJDCM1MEG,BLANQUERIA,7892949519940,SABANA,fantasia
0401004260,SABANA  SUAVEMIX WILLY 2 1/2,FAMICJDCM1WILLY,BLANQUERIA,7892949519964,SABANA,fantasia
0401004270,SABANA  SUAVEMIX LINO 1 1/2,FAMICJDSM1LINO,BLANQUERIA,7892949519971,SABANA,fantasia
0401004280,SABANA SUAMEMIX MEG 1 1/2,FAMICJDSM1MEG,BLANQUERIA,7892949519995,SABANA,fantasia
0401004290,SABANA  SUAVEMIX WILLY 1 1/2,FAMICJDSM1WILLY,BLANQUERIA,7892949520007,SABANA,fantasia
0401004470,SA SA PRATA JDC LUKE,PRA15JDCR1LUKE,BLANQUERIA,7794170005868,SABANA,fantasia
0401004480,SA PRATA 2PL FABRICIO,PRA15JDCR1FABRIC,BLANQUERIA,7794170006117,SABANA,fantasia
0401004490,SA PRATA JDC LETICIA,PRA15JDCR1LETICI,BLANQUERIA,7794170006124,SABANA,fantasia
0401004620,SA PRATA 2PL ENZO,PRA15JDCR1ENZO,BLANQUERIA,7794170009965,SABANA,fantasia
0401004630,SA PRATA 2PL LUCIO,PRA15JDCR1LUCIO,BLANQUERIA,7794170009972,SABANA,fantasia
0401004640,SA PRATA 2PL VINY,PRA15JDCR1VINY,BLANQUERIA,7794170009989,SABANA,fantasia
0401004650,SA PRATA 2PL JULIA,PRA15JDCR2JULIA,BLANQUERIA,7794170009996,SABANA,fantasia
0401004660,SA PRATA 2PL STELLA,PRA15JDCR2STELLA,BLANQUERIA,7794170010008,SABANA,fantasia
0401004920,SAS PRATA FUNDA JFQ BLANCO 000,PRA15JFQR0001,BLANQUERIA,7794170014259,SABANA,fantasia
0401004930,SAS PRATA FUNDA JFQ ROJO 3416,PRA15JFQR3416,BLANQUERIA,7794170014266,SABANA,fantasia
0401004940,SAS PRATA FUNDA JFQ FUCSIA 345,PRA15JFQR3451,BLANQUERIA,7794170014273,SABANA,fantasia
0401004950,SAS PRATA FUNDA JFQ ROSA 3472,PRA15JFQR3472,BLANQUERIA,7794170014280,SABANA,fantasia
0401004960,SAS PRATA FUNDA JFQ VIOLETA 34,PRA15JFQR3484,BLANQUERIA,7794170014297,SABANA,fantasia
0401004970,SAS PRATA FUNDA JFQ LILA 5231,PRA15JFQR5231,BLANQUERIA,7794170014303,SABANA,fantasia
0401004980,SAS PRATA FUNDA JFQ MARINO 620,PRA15JFQR6202,BLANQUERIA,7794170014310,SABANA,fantasia
0401004990,SAS PRATA FUNDA JFQ PETROLEO 6,PRA15JFQR6324,BLANQUERIA,7794170014327,SABANA,fantasia
0401005000,SAS PRATA FUNDA JFQ CELESTE 65,PRA15JFQR6547,BLANQUERIA,7794170014334,SABANA,fantasia
0401005010,SAS PRATA FUNDA JFQ AZUL FRANC,PRA15JFQR6559,BLANQUERIA,7794170014341,SABANA,fantasia
0401005400,SA SANTISTA DERBAK 2-1/2,PRA15JDCR1DERBAK,BLANQUERIA,7794170015126,SABANA,fantasia
0401005410,SABANA SANTISTA  2 1/2 PRATA K,PRA15JDCR1KAIKI,BLANQUERIA,7794170015133,SABANA,fantasia
0401005420,SABANA SANTISTA 2 1/2 PRATA AN,PRA15JDCR2ANAHI,BLANQUERIA,7794170015140,SABANA,fantasia
0401005430,SA SANTISTA FAUSTO 2-1/2,PRA15JDCR2FAUSTO,BLANQUERIA,7794170015157,SABANA,fantasia
0401005440,SABANA PRATA 2 1/2PL LUZ 2,PRA15JDCR2LUZ,BLANQUERIA,7794170015164,SABANA,fantasia
0401005450,SA SANTISTA SERGIO 2-1/2,PRA15JDCR2SERGIO,BLANQUERIA,7794170015171,SABANA,fantasia
0401005460,SABANA SANTISTA QUEEN PRATA DE,PRA15JDQR1DERBAK,BLANQUERIA,7794170015188,SABANA,fantasia
0401005470,SA SANTISTA PRATA QUEEN,PRA15JDQR1KAIKI,BLANQUERIA,7794170015195,SABANA,fantasia
0401005480,SABANA SANTISTA QUEEN PRATA FA,PRA15JDQR2FAUSTO,BLANQUERIA,7794170015218,SABANA,fantasia
0401005490,SABANA SANTISTA QUEEN PRATA SE,PRA15JDQR2SERGIO,BLANQUERIA,7794170015232,SABANA,fantasia
0401005550,SA PRATA LISAS JDC AZUL,PRA15JDCRAZUL,BLANQUERIA,7794170019421,SABANA,fantasia
0401005560,SA PRATA LISAS JDC FUCSIA,PRA15JDCRFUCSIA,BLANQUERIA,7794170019438,SABANA,fantasia
0401005570,SA PRATA LISAS JDC MARINO,PRA15JDCRMARINO,BLANQUERIA,7794170019445,SABANA,fantasia
0401005580,SA PRATA LISAS JDC PETROLEO,PRA15JDCRPETROLE,BLANQUERIA,7794170019452,SABANA,fantasia
0401005590,SA PRATA LISAS JDC ROJO,PRA15JDCRROJO,BLANQUERIA,7794170019469,SABANA,fantasia
0401005600,SA PRATA LISAS JDC VIOLETA,PRA15JDCRVIOLETA,BLANQUERIA,7794170019476,SABANA,fantasia
0401005610,SA PRATA LISAS JDQ AZUL,PRA15JDQRAZUL,BLANQUERIA,7794170019483,SABANA,fantasia
0401005620,SA PRATA LISAS JDQ FUCSIA,PRA15JDQRFUCSIA,BLANQUERIA,7794170019490,SABANA,fantasia
0401005630,SA PRATA LISAS JDQ MARINO,PRA15JDQRMARINO,BLANQUERIA,7794170019506,SABANA,fantasia
0401005640,SA PRATA LISAS JDQ PETROLEO,PRA15JDQRPETROLE,BLANQUERIA,7794170019513,SABANA,fantasia
0401005650,SA PRATA LISAS JDQ ROJO,PRA15JDQRROJO,BLANQUERIA,7794170019520,SABANA,fantasia
0401005660,SA PRATA LISAS JDQ VIOLETA,PRA15JDQRVIOLETA,BLANQUERIA,7794170019537,SABANA,fantasia
0401005670,SA 2 1/2 PRATA ANTONY,PRA15JDCR1ANTONY,BLANQUERIA,7794170023862,SABANA,fantasia
0401005680,SA PRATA 2 1/2 CAMILA,PRA15JDCR1CAMILA,BLANQUERIA,7794170023879,SABANA,fantasia
0401005700,SABANA PRATA KING LEILA 1,PRA15JDKR1LEILA,BLANQUERIA,7794170023978,SABANA,fantasia
0401005710,SABANA PRATA KING RENZO,PRA15JDKR1RENZO,BLANQUERIA,7794170023985,SABANA,fantasia
0401005720,SABANA PRATA KING ULISES,PRA15JDKR1ULISES,BLANQUERIA,7794170023992,SABANA,fantasia
0401005730,SABANA PRATA KING ZAKI 1,PRA15JDKR1ZAKI,BLANQUERIA,7794170024005,SABANA,fantasia
0401005740,SA PRATA 2 1/2 LEILA,PRA15JDCR1LEILA,BLANQUERIA,7794170024135,SABANA,fantasia
0401005750,SA 2 1/2 PRATA RENZO,PRA15JDCR1RENZO,BLANQUERIA,7794170024142,SABANA,fantasia
0401005760,SABANAS DE 2 1/2 ULISES,PRA15JDCR1ULISES,BLANQUERIA,7794170024159,SABANA,fantasia
0401005770,SABANA SANTISTA PRATA 2 1/2 ZA,PRA15JDCR1ZAKI,BLANQUERIA,7794170024166,SABANA,fantasia
0401005780,SABANA PRATA 1 1/2 PLAZA ANTON,PRA15JDSR1ANTONY,BLANQUERIA,7794170024234,SABANA,fantasia
0401005790,SABANA PRATA 1 1/2 PLAZA CAMIL,PRA15JDSR1CAMILA,BLANQUERIA,7794170024241,SABANA,fantasia
0401005800,SABANA PRATA 1 1/2 PLAZA LEILA,PRA15JDSR1LEILA,BLANQUERIA,7794170024258,SABANA,fantasia
0401005810,SABANA PRATA 1 1/2 PLAZA RENZO,PRA15JDSR1RENZO,BLANQUERIA,7794170024265,SABANA,fantasia
0401005820,SABANA SANTISTA 1 1/2 PLAZA UL,PRA15JDSR1ULISES,BLANQUERIA,7794170024272,SABANA,fantasia
0401005830,SABANA PRATA 1 1/2 PLAZA ZAKI,PRA15JDSR1ZAKI,BLANQUERIA,7794170024289,SABANA,fantasia
0401006030,SA PRATA INOX JDC 1 AZUL,PRA15JDCR1INOX,BLANQUERIA,7798180142728,SABANA,fantasia
0401006640,SABANA FANTASIA 2 1/2 PLAZA 10,FANTPJDCR1JOANO,BLANQUERIA,7794170028799,SABANA,fantasia
0401006650,SABANA FANTASIA 2 1/2 PLAZA 10,FANTPJDCR1LIONEL,BLANQUERIA,7794170028805,SABANA,fantasia
0401006660,SABANA FANTASIA 2 1/2 PLAZA 10,FANTPJDCR1DELFI,BLANQUERIA,7794170028775,SABANA,fantasia
0401006670,SABANA FANTASIA 2 1/2 PLAZA 10,FANTPJDCR1FABIO,BLANQUERIA,7794170028782,SABANA,fantasia
0401006680,SABANA FANTASIA 2 1/2 PLAZA 10,FANTPJDCR1AIME,BLANQUERIA,7794170028751,SABANA,fantasia
0401006690,SABANA FANTASIA 2 1/2 PLAZA 10,FANTPJDCR1DAVI,BLANQUERIA,7794170028768,SABANA,fantasia
0401006700,SABANA FANTASIA DAVI 100% ALGO,FANTPJDSR1DAVI,BLANQUERIA,7794170028829,SABANA,fantasia
0401006710,SABANA FANTASIA AIME 100% ALGO,FANTPJDSR1AIME,BLANQUERIA,7794170028812,SABANA,fantasia
0401006720,SABANA FANTASIA JOANO 100% ALG,FANTPJDSR1JOANO,BLANQUERIA,7794170028850,SABANA,fantasia
0401006730,SABANA FANTASIA DELFI 100% ALG,FANTPJDSR1DELFI,BLANQUERIA,7794170028836,SABANA,fantasia
0401006740,SABANA FANTASIA LIONEL 100% AL,FANTPJDSR1LIONEL,BLANQUERIA,7794170028867,SABANA,fantasia
0401006820,SABANA PRATA 1 1/2 PLAZA 100%,PRA15JDSR1TALES,BLANQUERIA,7794170029369,SABANA,fantasia
0401006830,SABANA PRATA 1 1/2 PLAZA 100%,PRA15JDSR1TELMA,BLANQUERIA,7794170029376,SABANA,fantasia
0401006840,SABANA PRATA 2 1/2 PLAZA 100%,PRA15JDCR1NERO,BLANQUERIA,7794170029178,SABANA,fantasia
0401006850,SABANA PRATA 2 1/2 PLAZA 100%,PRA15JDCR1TALES,BLANQUERIA,7794170029185,SABANA,fantasia
0401006860,SABANA PRATA 2 1/2 PLAZA 100%,PRA15JDCR1TELMA,BLANQUERIA,7794170029192,SABANA,fantasia
0401006870,SABANA PRATA 2 1/2 PLAZA 100%,PRA15JDCR2MATEO,BLANQUERIA,7794170029208,SABANA,fantasia
0401006880,SABANA PRATA 1 1/2 PLAZA 100%,PRA15JDSR1ARIANA,BLANQUERIA,7794170029338,SABANA,fantasia
0401006890,SABANA PRATA 1 1/2 PLAZA 100%,PRA15JDSR1BERNAR,BLANQUERIA,7794170029345,SABANA,fantasia
0401006900,SABANA PRATA 1 1/2 PLAZA 100%,PRA15JDSR1NERO,BLANQUERIA,7794170029352,SABANA,fantasia
0401006910,SABANA PRATA 2 1/2 PLAZA 100%,PRA15JDCR1ARIANA,BLANQUERIA,7794170029154,SABANA,fantasia
0401006920,SABANA PRATA 2 1/2 PLAZA 100%,PRA15JDCR1BERNAR,BLANQUERIA,7794170029161,SABANA,fantasia
0401006930,SABANA PRATA QUEEN ULISES 1,PRA15JDQ1ULISES,BLANQUERIA,7794170024210,SABANA,fantasia
0401006940,SABANA PRATA QUEEN RENZO,PRA15JDQR1RENZO,BLANQUERIA,7794170024203,SABANA,fantasia
0401006950,SABANA PRATA QUEEN RENZO,PRA15JDQR1CAMILA,BLANQUERIA,7794170024180,SABANA,fantasia
0401007120,SABANAS PRATA QUUEN ARIANA,PRA15JDQR1ARIANA,BLANQUERIA,7794170029277,SABANA,fantasia
0401007130,SABANAS PRATA QUEEN NERO,PRA15JDQR1NERO,BLANQUERIA,7794170029291,SABANA,fantasia
0401007140,SABANAS PRATA 1 1/2 MATEO 2,PRA15JDSR2MATEO,BLANQUERIA,7794170029383,SABANA,fantasia
0401007190,SABANA 1 1/2 FABIO,FANTPJDSR1FABIO,BLANQUERIA,7794170028843,SABANA,fantasia
0401007410,SABANA 1 1/2 TALES,PRA15BJDS11TALES,BLANQUERIA,7892949842147,SABANA,fantasia
0401007420,SABANA FANT 100% ALG  AIME,FANPBJDC11AIME,BLANQUERIA,7892949835941,SABANA,fantasia
0401007430,SABANA FANT 100% ALG  DAVI,FANPBJDC11DAVI,BLANQUERIA,7892949835958,SABANA,fantasia
0401007440,SABANA FANT 100% ALG  DELFI,FANPBJDC11DELFI,BLANQUERIA,7892949836009,SABANA,fantasia
0401007450,SABANA FANT 100% ALG  FABIO,FANPBJDC11FABIO,BLANQUERIA,7892949836016,SABANA,fantasia
0401007460,SABANA FANT 100% ALG  JOANO,FANPBJDC11JOANO,BLANQUERIA,7892949836023,SABANA,fantasia
0401007470,SABANA FANT 100% ALG  LIONEL,FANPBJDC11LIONEL,BLANQUERIA,7892949836030,SABANA,fantasia
0401007480,SABANA 150 H  ARIANA,PR15BJDC11ARIANA,BLANQUERIA,7892949839826,SABANA,fantasia
0401007490,SABANA 150 H  BERNARDO,PR15BJDC11BERNAR,BLANQUERIA,7892949839833,SABANA,fantasia
0401007500,SABANA 150 H  NERO,PR15BJDC11NERO,BLANQUERIA,7892949839840,SABANA,fantasia
0401007510,SABANA 150 H  TALES,PR15BJDC11TALES,BLANQUERIA,7892949839857,SABANA,fantasia
0401007520,SABANA 150 H  TELMA,PR15BJDC11TELMA,BLANQUERIA,7892949839888,SABANA,fantasia
0401007530,SABANA 150 H  MATEO 2,PR15BJDC12MATEO,BLANQUERIA,7892949839918,SABANA,fantasia
0401007710,SABANA FANTASIA INFANTIL MAGIC,FANIBJDS1MAGIC,BLANQUERIA,7892949837709,SABANA,fantasia
0401007720,SABANA FANTASIA INFANTIL MARIP,FANIBJDS1MARIPOS,BLANQUERIA,7892949837730,SABANA,fantasia
0401007810,SABANA 1 1/2 PIRATA,FANIBJDS1PIRATA,BLANQUERIA,7892949837747,SABANA,fantasia
0401007820,SABANA PRATA AJUST 2 1/2 MARIN,PR15BLEC16202,BLANQUERIA,7892949846961,SABANA,fantasia
0401007830,SABANA PRATA AJUST 2 1/2 LILA,PR15BLEC15231,BLANQUERIA,7892949846954,SABANA,fantasia
0401007840,SABANA PRATA AJUST 2 1/2 AZUL,PR15BLEC16559,BLANQUERIA,7892949846992,SABANA,fantasia
0401007850,SABANA PRATA AJUST 2 1/2 FUCSI,PR15BLEC13451,BLANQUERIA,7892949846923,SABANA,fantasia
0401007860,SABANA PRATA AJUST 2 1/2 BLANC,PR15BLEC10001,BLANQUERIA,7892949846909,SABANA,fantasia
0401007870,SABANA PRATA AJUST 2 1/2VIOLET,PR15BLEC13484,BLANQUERIA,7892949846947,SABANA,fantasia
0401007880,SABANA PRATA AJUST 2 1/2 ROJO,PR15BLEC13416,BLANQUERIA,7892949846916,SABANA,fantasia
0401007980,Sabana ajustable 2 1/2,PR15BLEC13472,BLANQUERIA,7892949846930,SABANA,fantasia
0401007990,Sabana ajustable 1 1/2,PR15BLES1001,BLANQUERIA,7892949847005,SABANA,fantasia
0401008000,Sabana ajustable 1 1/2,PR15BLES13484,BLANQUERIA,7892949847043,SABANA,fantasia
0401008010,Sabana ajustable 1 1/2,PR15BLES15231,BLANQUERIA,7892949847050,SABANA,fantasia
0401008020,Sabana ajustable 1 1/2,PR15BLES16324,BLANQUERIA,7892949847098,SABANA,fantasia
0401008030,Sabana ajustable 1 1/2,PR15BLES16559,BLANQUERIA,7892949848163,SABANA,fantasia
0401008040,Sabana ajustable 2 1/2,PR15BLEC16547,BLANQUERIA,7892949846985,SABANA,fantasia
0401008050,Sabana ajustable 1 1/2,PR15BLES1813451,BLANQUERIA,7892949847029,SABANA,fantasia
0401008060,SABANA AJUSTABLE 1 1/2 BLANCO,PR15BLES13472,BLANQUERIA,7892949847036,SABANA,fantasia
0401008070,SABANA AJUSTABLE 1 1/2 AZUL MA,PR15BLES16202,BLANQUERIA,7892949847067,SABANA,fantasia
0401008080,SABANA AJUSTABLE 1 1/2 CELESTE,PR15BLES16547,BLANQUERIA,7892949847104,SABANA,fantasia
0401008090,SABANA AJUSTABLE 2 1/2 PETR,PR15BLEC16324,BLANQUERIA,7892949846978,SABANA,fantasia
0401008160,SA SAN AJUS 1 1/2 ROJO,PR15BLES13416,BLANQUERIA,7892949847012,SABANA,fantasia
0401008300,SABANA SUAV 2 1/2 PLAZA ALEXA,FAMICJDC11ALEXA,BLANQUERIA,7892949640217,SABANA,fantasia
0401008310,SABANA SUAV 2 1/2 PLAZA EVELYN,FAMICJDC11EVELYN,BLANQUERIA,7892949640231,SABANA,fantasia
0401008320,SABANA MAGIC 1 1/2 PLAZA MIX,MAGIMJDSMKIT01,BLANQUERIA,7892949887292,SABANA,fantasia
0401008330,SABANA MAGIC 2 1/2 PLAZA MIX,MAGIMJDCMKIT01,BLANQUERIA,7892949887285,SABANA,fantasia
0401008340,SABANA PRATA QUEEN TALES,PR15BJDQ11TALES,BLANQUERIA,7892949841560,SABANA,fantasia
0401008630,SABANA FANTASIA 2 1/2 NUNO,FAMICJDC11NUNO,BLANQUERIA,7892949640248,SABANA,fantasia
0401008640,SABANA FANTASIA 2 1/2 BART,FAMICJDC11BART,BLANQUERIA,7892949640224,SABANA,fantasia
0401008650,SABANA SANTISTA 2 1/2 BENTO,KAMXBJDC11BENTO,BLANQUERIA,7892949842352,SABANA,fantasia
0401008660,SABANA MAGICOLOR 1 1/2,MAGIMJDSMKIT02,BLANQUERIA,7892949919993,SABANA,fantasia
0402005090,TO MANDALA JBA 2VERDE,AFANTJBAR2MANDAL,BLANQUERIA,7794170005400,TOALLA,fantasia
0402005100,TO  MANDALA JBA 5 MARINO,AFANTJBAR5MANDAL,BLANQUERIA,7794170005431,TOALLA,fantasia
0402005110,TO  NATASHA JBA 2 PURPUR,AFANTJBAR2NATASH,BLANQUERIA,7794170006643,TOALLA,fantasia
0402005120,TO  NATASHA JBA 3 AZUL,AFANTJBAR3NATASH,BLANQUERIA,7794170006650,TOALLA,fantasia
0402005130,TO  NATASHA JBA 4 ACQUA,AFANTJBAR4NATASH,BLANQUERIA,7794170006667,TOALLA,fantasia
0402005140,TO  NATASHA JBA 5 VERDE,AFANTJBAR5NATASH,BLANQUERIA,7794170006674,TOALLA,fantasia
0402005410,TOA  ETNO CORAL 3389,AFANTJBARETN3389,BLANQUERIA,7794170009668,TOALLA,fantasia
0402005420,TOA  ETNO CIRUELA 3121,AFANTJBARETN3121,BLANQUERIA,7794170009675,TOALLA,fantasia
0402005430,TOA  ETNO ESMERALDA 7368,AFANTJBARETN7368,BLANQUERIA,7794170009682,TOALLA,fantasia
0402005440,TOA  ETNO VERDE 7205,AFANTJBARETN7205,BLANQUERIA,7794170009699,TOALLA,fantasia
0402005450,TOA  ETNO AZUL 6135,AFANTJBARETN6135,BLANQUERIA,7794170009705,TOALLA,fantasia
0402005460,TO  ETNO AZUL 6135,AFANTJRORETN6135,BLANQUERIA,7794170009712,TOALLA,fantasia
0402005470,TO  ETNO VERDE 7205,AFANTJRORETN7205,BLANQUERIA,7794170009729,TOALLA,fantasia
0402005480,TO  ETNO ESMERALDA 7368,AFANTJRORETN7368,BLANQUERIA,7794170009736,TOALLA,fantasia
0402005490,TO  ETNO CIRUELA 3121,AFANTJRORETN3121,BLANQUERIA,7794170009743,TOALLA,fantasia
0402005500,TO  ETNO CORAL 3389,AFANTJRORETN3389,BLANQUERIA,7794170009750,TOALLA,fantasia
0402005510,TO  COAST AZUL 6122,AFANTJRORCOA6122,BLANQUERIA,7794170009767,TOALLA,fantasia
0402005520,TO  COAST VIOLETA 5027,AFANTJRORCOA5027,BLANQUERIA,7794170009774,TOALLA,fantasia
0402005530,TO  COAST PETROLEO 6509,AFANTJRORCOA6509,BLANQUERIA,7794170009781,TOALLA,fantasia
0402005540,TO  COAST CEREZA 4011,AFANTJRORCOA4011,BLANQUERIA,7794170009798,TOALLA,fantasia
0402005550,TO  COAST VERDE 7275,AFANTJRORCOA7275,BLANQUERIA,7794170009804,TOALLA,fantasia
0402005560,TOA  COAST VERDE 7275,AFANTJBARCOA7275,BLANQUERIA,7794170009811,TOALLA,fantasia
0402005570,TOA  COAST CEREZA 4011,AFANTJBARCOA4011,BLANQUERIA,7794170009828,TOALLA,fantasia
0402005580,TOA  COAST PETROLEO 6509,AFANTJBARCOA6509,BLANQUERIA,7794170009835,TOALLA,fantasia
0402005590,TOA  COAST VIOLETA 5027,AFANTJBARCOA5027,BLANQUERIA,7794170009842,TOALLA,fantasia
0402005600,TOA  COAST AZUL 6122,AFANTJBARCOA6122,BLANQUERIA,7794170009859,TOALLA,fantasia
0402005950,TOA FANTASIA INSTITUCIONAL BLA,INFAPTBA0001,BLANQUERIA,7794170012699,TOALLA,fantasia
0402005960,TO PISO FANTASIA INSTITUCIONAL,INFAPTPI0001,BLANQUERIA,7794170012705,TOALLA,fantasia
0402006660,TOA  DESIREE SANDIA 3067,AFANTTBARDES3067,BLANQUERIA,7794170003680,TOALLA,fantasia
0402006670,TOA  DESIREE AZUL 6367,AFANTTBARDES6367,BLANQUERIA,7794170003697,TOALLA,fantasia
0402006680,TO  DESIREE SANDIA 3067,AFANTTRORDES3067,BLANQUERIA,7794170003703,TOALLA,fantasia
0402006690,TO  DESIREE AZUL 6367,AFANTTRORDES6367,BLANQUERIA,7794170003710,TOALLA,fantasia
0402006700,TO VISITA  DESIREE SANDI,AFANTTVIRDES3067,BLANQUERIA,7794170003727,TOALLA,fantasia
0402006710,TO VISITA  DESIREE AZUL,AFANTTVIRDES6367,BLANQUERIA,7794170003734,TOALLA,fantasia
0402006720,TOA  DESIREE CELESTE 621,AFANTTBARDES6210,BLANQUERIA,7794170006506,TOALLA,fantasia
0402006730,TO  DESIREE CELESTE 6210,AFANTTRORDES6210,BLANQUERIA,7794170006513,TOALLA,fantasia
0402006740,TO VISITA  DESIREE CELES,AFANTTVIRDES6210,BLANQUERIA,7794170006520,TOALLA,fantasia
0402006750,TOA  PATTER AZUL 6239,AFANTTBARPAT6239,BLANQUERIA,7794170008173,TOALLA,fantasia
0402006760,TOA  PATTER VERDE 7249,AFANTTBARPAT7249,BLANQUERIA,7794170008180,TOALLA,fantasia
0402006770,TOA  PATTER FUCSIA 3004,AFANTTBARPAT3004,BLANQUERIA,7794170008197,TOALLA,fantasia
0402006780,TO  PATTER AZUL 6239,AFANTTRORPAT6239,BLANQUERIA,7794170008203,TOALLA,fantasia
0402006790,TO  PATTER VERDE 7249,AFANTTRORPAT7249,BLANQUERIA,7794170008210,TOALLA,fantasia
0402006800,TO  PATTER FUCSIA 3004,AFANTTRORPAT3004,BLANQUERIA,7794170008227,TOALLA,fantasia
0402006810,TO FANTASIA INSTITUCIONAL BLAN,INFAPTRO0001,BLANQUERIA,7794170012613,TOALLA,fantasia
0402006820,TOALLA FANTASIA DESIREE TBA AM,AFANTTBARDES1060,BLANQUERIA,7794170016024,TOALLA,fantasia
0402006830,TOALLA FANTASIA DESIREE TBA LI,AFANTTBARDES5566,BLANQUERIA,7794170016031,TOALLA,fantasia
0402006840,TOALLA FANTASIA DESIREE TBA VE,AFANTTBARDES7210,BLANQUERIA,7794170016048,TOALLA,fantasia
0402006850,TOALLA FANTASIA DESIREE AMARIL,AFANTTRORDES1060,BLANQUERIA,7794170016055,TOALLA,fantasia
0402006860,TOALLA FANTASIA DESIREE LILA 5,AFANTTRORDES5566,BLANQUERIA,7794170016062,TOALLA,fantasia
0402006870,TOALLA FANTASIA DESIREE VERDE,AFANTTRORDES7210,BLANQUERIA,7794170016079,TOALLA,fantasia
0402006880,TOALLON FANTASIA KNUT BLANCO 0,AFANTTBARKNU0001,BLANQUERIA,7794170016086,TOALLA,fantasia
0402006890,TOALLON FANTASIA KNUT AMARILLO,AFANTTBARKNU1078,BLANQUERIA,7794170016093,TOALLA,fantasia
0402006900,TOALLON FANTASIA KNUT NARANJA,AFANTTBARKNU3310,BLANQUERIA,7794170016109,TOALLA,fantasia
0402006910,TOALLON FANTASIA KNUT BORDO 40,AFANTTBARKNU4030,BLANQUERIA,7794170016116,TOALLA,fantasia
0402006920,TOALLON FANTASIA KNUT VIOLETA,AFANTTBARKNU5154,BLANQUERIA,7794170016123,TOALLA,fantasia
0402006930,TOALLON FANTASIA KNUT PETROLEO,AFANTTBARKNU6598,BLANQUERIA,7794170016130,TOALLA,fantasia
0402006940,TOALLON FANTASIA KNUT VERDE BO,AFANTTBARKNU7264,BLANQUERIA,7794170016147,TOALLA,fantasia
0402006950,TOALLA FANTASIA KNUT BLANCO 00,AFANTTRORKNU0001,BLANQUERIA,7794170016154,TOALLA,fantasia
0402006960,TOALLA FANTASIA KNUT AMARILLO,AFANTTRORKNU1078,BLANQUERIA,7794170016161,TOALLA,fantasia
0402006970,TOALLA FANTASIA KNUT NARANJA F,AFANTTRORKNU3310,BLANQUERIA,7794170016178,TOALLA,fantasia
0402006980,TOALLA FANTASIA KNUT BORDO 403,AFANTTRORKNU4030,BLANQUERIA,7794170016185,TOALLA,fantasia
0402006990,TOALLA FANTASIA KNUT VIOLETA A,AFANTTRORKNU5154,BLANQUERIA,7794170016192,TOALLA,fantasia
0402007000,TOALLA FANTASIA KNUT PETROLEO,AFANTTRORKNU6598,BLANQUERIA,7794170016208,TOALLA,fantasia
0402007010,TOALLA FANTASIA KNUT VERDE BOT,AFANTTRORKNU7264,BLANQUERIA,7794170016215,TOALLA,fantasia
0402007020,TOALLA VISITA FANTASIA DESIREE,AFANTTVIRDES1060,BLANQUERIA,7794170016222,TOALLA,fantasia
0402007030,TOALLA VISITA FANTASIA DESIREE,AFANTTVIRDES5566,BLANQUERIA,7794170016239,TOALLA,fantasia
0402007040,TOALLA VISITA FANTASIA DESIREE,AFANTTVIRDES7210,BLANQUERIA,7794170016246,TOALLA,fantasia
0402007050,TOALLA FANTASIA ETNO TBA BORDO,AFANPTBARETN4030,BLANQUERIA,7794170016734,TOALLA,fantasia
0402007060,TOALLA FANTASIA ETNO TBA PETRO,AFANPTBARETN6331,BLANQUERIA,7794170016741,TOALLA,fantasia
0402007070,TOALLA FANTASIA ETNO TBA MARIN,AFANPTBARETN6646,BLANQUERIA,7794170016758,TOALLA,fantasia
0402007080,TOALLA FANTASIA ETNO TBA CURCU,AFANPTBARETN8848,BLANQUERIA,7794170016765,TOALLA,fantasia
0402007090,TOALLA FANTASIA ETNO TBA GRAFI,AFANPTBARETN9161,BLANQUERIA,7794170016772,TOALLA,fantasia
0402007100,TOALLA FANTASIA KYRA TBA NARAN,AFANPTBARKYR2097,BLANQUERIA,7794170016789,TOALLA,fantasia
0402007110,TOALLA FANTASIA KYRA TBA CORAL,AFANPTBARKYR3048,BLANQUERIA,7794170016796,TOALLA,fantasia
0402007120,TOALLA FANTASIA KYRA TBA AGUAM,AFANPTBARKYR6043,BLANQUERIA,7794170016802,TOALLA,fantasia
0402007130,TOALLA FANTASIA KYRA TBA AZUL,AFANPTBARKYR6338,BLANQUERIA,7794170016819,TOALLA,fantasia
0402007140,TOALLA FANTASIA KYRA TBA LIMA,AFANPTBARKYR7317,BLANQUERIA,7794170016826,TOALLA,fantasia
0402007150,TOALLA FANTASIA KYRA TRO LIMA,AFANPTRORKYR7317,BLANQUERIA,7794170016833,TOALLA,fantasia
0402007160,TOALLA FANTASIA KYRA TRO AZUL,AFANPTRORKYR6338,BLANQUERIA,7794170016840,TOALLA,fantasia
0402007170,TOALLA FANTASIA KYRA TRO AGUAM,AFANPTRORKYR6043,BLANQUERIA,7794170016857,TOALLA,fantasia
0402007180,TOALLA FANTASIA KYRA TRO CORAL,AFANPTRORKYR3048,BLANQUERIA,7794170016864,TOALLA,fantasia
0402007190,TOALLA FANTASIA KYRA TRO NARAN,AFANPTRORKYR2097,BLANQUERIA,7794170016871,TOALLA,fantasia
0402007200,TOALLA FANTASIA ETNO TRO BORDO,AFANPTRORETN4030,BLANQUERIA,7794170016888,TOALLA,fantasia
0402007210,TOALLA FANTASIA ETNO TRO PETRO,AFANPTRORETN6331,BLANQUERIA,7794170016895,TOALLA,fantasia
0402007220,TOALLA FANTASIA ETNO TRO MARIN,AFANPTRORETN6646,BLANQUERIA,7794170016901,TOALLA,fantasia
0402007230,TOALLA FANTASIA ETNO TRO CURCU,AFANPTRORETN8848,BLANQUERIA,7794170016918,TOALLA,fantasia
0402007240,TOALLA FANTASIA ETNO TRO GRAFI,AFANPTRORETN9161,BLANQUERIA,7794170016925,TOALLA,fantasia
0402007250,TO NARANJA FAN 70X130,AFANTTBARPAT2097,BLANQUERIA,7794170022261,TOALLA,fantasia
0402007260,TO VIOLETA FAN 70X130,AFANTTBARPAT3108,BLANQUERIA,7794170022278,TOALLA,fantasia
0402007270,TO FUXIA FAN 70X130,AFANTTBARPAT3480,BLANQUERIA,7794170022285,TOALLA,fantasia
0402007280,TO CELESTE FAN 70X130,AFANTTBARPAT6274,BLANQUERIA,7794170022292,TOALLA,fantasia
0402007290,TOALLON FANTASIA LUISA AZUL,AFANTTBARPAT6646,BLANQUERIA,7794170022308,TOALLA,fantasia
0402007300,TO NARANJA FAN 41X70,AFANTTRORPAT2097,BLANQUERIA,7794170022315,TOALLA,fantasia
0402007310,TO VIOLETA FAN 41X70,AFANTTRORPAT3108,BLANQUERIA,7794170022322,TOALLA,fantasia
0402007320,TO FUXIA FAN 41X70,AFANTTRORPAT3480,BLANQUERIA,7794170022339,TOALLA,fantasia
0402007330,TO CELESTE FAN 41X70,AFANTTRORPAT6274,BLANQUERIA,7794170022346,TOALLA,fantasia
0402007340,TOALLA FANTASIA LUISA AZUL,AFANTTRORPA6646,BLANQUERIA,7794170022353,TOALLA,fantasia
0402007350,TOALLON FANTASIA LUISA BLANCO,AFANTTBARLUI0001,BLANQUERIA,7794170022582,TOALLA,fantasia
0402007360,TOALLON FANTASIA LUISA AMARILL,AFANTTBARLUI1053,BLANQUERIA,7794170022599,TOALLA,fantasia
0402007370,TOALLON FANTASIA LUISA ROSA 33,AFANTTBARLUI3302,BLANQUERIA,7794170022605,TOALLA,fantasia
0402007380,TOALLON FANTASIA LUISA ACQUA 6,AFANTTBARLUI6052,BLANQUERIA,7794170022612,TOALLA,fantasia
0402007390,TOALLON FANTASIA LUISA CELESTE,AFANTTBARLUI6210,BLANQUERIA,7794170022629,TOALLA,fantasia
0402007400,TOALLON FANTASIA LUISA PISTACH,AFANTTBARLUI7349,BLANQUERIA,7794170022636,TOALLA,fantasia
0402007410,TOALLA FANTASIA LUISA  BLANCO,AFANTTRORLUI0001,BLANQUERIA,7794170022643,TOALLA,fantasia
0402007420,TOALLA FANTASIA LUISA AMARILLO,AFANTTRORLUI1053,BLANQUERIA,7794170022650,TOALLA,fantasia
0402007430,TOALLA FANTASIA LUISA ROSA 330,AFANTTRORLUI3302,BLANQUERIA,7794170022667,TOALLA,fantasia
0402007440,TOALLA FANTASIA LUISA ACQUA 60,AFANTTRORLUI6052,BLANQUERIA,7794170022674,TOALLA,fantasia
0402007450,TOALLA FANTASIA LUISA CELESTE,AFANTTRORLUI6210,BLANQUERIA,7794170022681,TOALLA,fantasia
0402007460,TOALLA FANTASIA LUISA PISTACHO,AFANTTRORLUI7349,BLANQUERIA,7794170022698,TOALLA,fantasia
0402007470,TOALLA VISITA FANTASIA LUISA B,AFANTTVIRLUI0001,BLANQUERIA,7794170022704,TOALLA,fantasia
0402007480,TOALLA VISITA FANTASIA LUISA A,AFANTTVIRLUI1053,BLANQUERIA,7794170022711,TOALLA,fantasia
0402007490,VISITA FANTASIA LUISA ROSA 330,AFANTTVIRLUI3302,BLANQUERIA,7794170022728,TOALLA,fantasia
0402007500,VISITA FANTASIA LUISA ACQUA 60,AFANTTVIRLUI6052,BLANQUERIA,7794170022735,TOALLA,fantasia
0402007510,VISITA FANTASIA LUISA CELESTE,AFANTTVIRLUI6210,BLANQUERIA,7794170022742,TOALLA,fantasia
0402007520,VISITA FANTASIA LUISA PISTACHO,AFANTTVIRLUI7349,BLANQUERIA,7794170022759,TOALLA,fantasia
0402007530,TOALLON FANTASIA MAX GRIS,AFANPTBARMAX9059,BLANQUERIA,7794170023763,TOALLA,fantasia
0402007540,TOALLON FANTASIA MAX CORAL,AFANPTBARMAX3384,BLANQUERIA,7794170023770,TOALLA,fantasia
0402007550,TOALLON FANTASIA MAX AQUA,AFANPTBARMAX6279,BLANQUERIA,7794170023787,TOALLA,fantasia
0402007560,TOALLON FANTASIA MAX VERDE,AFANPTBARMAX742,BLANQUERIA,7794170023794,TOALLA,fantasia
0402007570,TOALLON FANTASIA MAX AZUL,AFANPTBARMAX6265,BLANQUERIA,7794170023800,TOALLA,fantasia
0402007580,TOALLA FANTASIA MAX GRIS,AFANPTRORMAX9059,BLANQUERIA,7794170023817,TOALLA,fantasia
0402007590,TOALLA FANTASIA MAX CORAL,AFANPTRORMAX3384,BLANQUERIA,7794170023824,TOALLA,fantasia
0402007600,TOALLA FANTASIA MAX AGUA MARIN,AFANPTRORMAX6279,BLANQUERIA,7794170023831,TOALLA,fantasia
0402007610,TOALLA FANTASIA MAX VERDE,AFANPTRORMAX7421,BLANQUERIA,7794170023848,TOALLA,fantasia
0402007620,TOALLA FANTASIA MAX AZUL,AFANPTRORMAX6265,BLANQUERIA,7794170023855,TOALLA,fantasia
0402007630,TO VISITA  DESIREE BLANC,AFANTTVIRDES0001,BLANQUERIA,7798153677585,TOALLA,fantasia
0402007640,TO VISITA  DESIREE AMARI,AFANTTVIRDES1082,BLANQUERIA,7798153677592,TOALLA,fantasia
0402007650,TO VISITA  DESIREE ROSA,AFANTTVIRDES3324,BLANQUERIA,7798153677608,TOALLA,fantasia
0402007660,TOA  DESIREE AMARIL 1082,AFANTTBARDES1082,BLANQUERIA,7798153678070,TOALLA,fantasia
0402007670,TO  DESIREE AMARIL 1082,AFANTTRORDES1082,BLANQUERIA,7798153678186,TOALLA,fantasia
0402007680,TOA  PATTER ESMERALDA 66,AFANTTBARPAT6652,BLANQUERIA,7798153678971,TOALLA,fantasia
0402007690,TO  PATTER BLANCO 0001,AFANTTRORPAT0001,BLANQUERIA,7798153678988,TOALLA,fantasia
0402007700,TO  PATTER ESMERALD 6652,AFANTTRORPAT6652,BLANQUERIA,7798153679046,TOALLA,fantasia
0402007710,TOA  PATTER BLANCO 0001,AFANTTBARPAT0001,BLANQUERIA,7798153679169,TOALLA,fantasia
0402007720,TOA  DESIREE BLANCO 0001,AFANTTBARDES0001,BLANQUERIA,7798180140014,TOALLA,fantasia
0402007730,TOA  DESIREE ROSA 3324,AFANTTBARDES3324,BLANQUERIA,7798180140021,TOALLA,fantasia
0402007740,TO  DESIREE BLANCO 0001,AFANTTRORDES0001,BLANQUERIA,7798180140045,TOALLA,fantasia
0402007750,TO  DESIREE ROSA 3324,AFANTTRORDES3324,BLANQUERIA,7798180140052,TOALLA,fantasia
0402007760,TO  PATTER LIMA 7774,AFANTTRORPAT7774,BLANQUERIA,7798180149055,TOALLA,fantasia
0402007770,TOA  PATTER NARANJA 2102,AFANTTBARPAT2102,BLANQUERIA,7798180149529,TOALLA,fantasia
0402007780,TOA  PATTER LIMA 7774,AFANTTBARPAT7774,BLANQUERIA,7798180149567,TOALLA,fantasia
0402007790,TO  PATTER NARANJA 2102,AFANTTRORPAT2102,BLANQUERIA,7798180149635,TOALLA,fantasia
0402011470,TOALLON FANTASIA KNUT VIOLETA,AFANTTBA,BLANQUERIA,779417001612,TOALLA,fantasia
0402012090,TOALLA VISITA FANTAS CLIP VER,AFANTTPNRCLI7249,BLANQUERIA,7794170028263,TOALLA,fantasia
0402012100,TOALLA VISITA FANTAS CLIP TUR,AFANTTPNRCLI6117,BLANQUERIA,7794170028256,TOALLA,fantasia
0402012110,TOALLA VISITA FANTAS CLIP BLA,AFANTTPNRCLI0001,BLANQUERIA,7794170029680,TOALLA,fantasia
0402012120,TOALLA VISITA FANTAS CLIP FUC,AFANTTPNRCLI3116,BLANQUERIA,7794170028232,TOALLA,fantasia
0402012180,VISITA CLIP ROJO,AFANTTPNRCLI34,BLANQUERIA,7794170028249,TOALLA,fantasia
0402012210,TOALLON FANTASIA SAMY AMARILLO,AFANPTBARSAM1060,BLANQUERIA,7794170029444,TOALLA,fantasia
0402012220,TOALLON FANTASIA SAMY CEREZA,AFANPTBARSAM4011,BLANQUERIA,7794170029451,TOALLA,fantasia
0402012230,TOALLON FANTASIA SAMY TURQUESA,AFANPTBARSAM6245,BLANQUERIA,7794170029468,TOALLA,fantasia
0402012240,TOALLON FANTASIA SAMY COBALTO,AFANPTBARSAM6676,BLANQUERIA,7794170029475,TOALLA,fantasia
0402012250,TOALLON FANTASIA SAMY BEIGE,AFANPTBARSAM8083,BLANQUERIA,7794170029482,TOALLA,fantasia
0402012260,TOALLA FANTASIA SAMY AMARILLO,AFANPTRORSAM1060,BLANQUERIA,7794170029499,TOALLA,fantasia
0402012270,TOALLA  FANTASIA SAMY CEREZA,AFANPTRORSAM4011,BLANQUERIA,7794170029505,TOALLA,fantasia
0402012280,TOALLA FANTASIA SAMY TURQUESA,AFANPTRORSAM6245,BLANQUERIA,7794170029512,TOALLA,fantasia
0402012290,TOALLA FANTASIA SAMY COBALTO,AFANPTRORSAM6676,BLANQUERIA,7794170029529,TOALLA,fantasia
0402012300,TOALLA FANTASIA SAMY BEIGE,AFANPTRORSAM8083,BLANQUERIA,7794170029536,TOALLA,fantasia
0402012310,VISITA FANTASIA CLIP NARANJA,AFANTTPNRCLI2182,BLANQUERIA,7794170028225,TOALLA,fantasia
0402012400,TOALLA FANT KNUT TURQ 6117,AFANTTRORKNU6117,BLANQUERIA,7794170027846,TOALLA,fantasia
0402012410,TOALLA FANT KNUT FRAMB 3350,AFANTTRORKNU3350,BLANQUERIA,7794170027822,TOALLA,fantasia
0402012420,TOALLA FANT KNUT BORDO 4039,AFANTTRORKNU4039,BLANQUERIA,7794170027839,TOALLA,fantasia
0402012430,TOALLON FANT KNUT TURQ 6117,AFANTTBARKNU6117,BLANQUERIA,7794170027808,TOALLA,fantasia
0402012440,TOALLON FANT KNUT FRAMB 3350,AFANTTBARKNU3350,BLANQUERIA,7794170027785,TOALLA,fantasia
0402012450,TOALLON FANT KNUT BORDO 4039,AFANTTBARKNU4039,BLANQUERIA,7784170027792,TOALLA,fantasia
0402013130,TOALLA FANTASIA VERDE KNUT,AFANTTRORKNU7249,BLANQUERIA,7794170027853,TOALLA,fantasia
0402013140,TOALLON FANTASIA VERDE KNUT,AFANTTBARKNU7249,BLANQUERIA,7794170027815,TOALLA,fantasia
0403000180,CORTINA C/PRESILLAS BORDO,FCP01CT1RLON3497,BLANQUERIA,7794170021622,CORTINA,fantasia
0403000190,CORTINA FANTASIA LONDRES,FCP01CT1RLON3498,BLANQUERIA,7794170021639,CORTINA,fantasia
0403000200,CORTINA FANTASIA LONDRES,FCP01CT1RLON6280,BLANQUERIA,7794170021646,CORTINA,fantasia
0403000210,CORTINA FANTASIA VERSALLES,FCP02CT1RVER8362,BLANQUERIA,7794170021648,CORTINA,fantasia
0403000220,CORTINA FANTASIA LONDRES,FCP01CT1RLON8356,BLANQUERIA,7794170021653,CORTINA,fantasia
0403000230,CORTINA FANTASIA LONDRES,FCP01CT1RLON8487,BLANQUERIA,7794170021660,CORTINA,fantasia
0403000240,CORTINA FANTASIA VERSALLES,FCP02CT1RVER3479,BLANQUERIA,7794170021677,CORTINA,fantasia
0403000250,CORTINA C/PRESILLAS BEIGE,FCP02CT1RVER8362,BLANQUERIA,7794170021684,CORTINA,fantasia
0403000260,CORTINA FANTASIA VERSALLES,FCP02CT1RVER9053,BLANQUERIA,7794170021691,CORTINA,fantasia
0403000270,CORTINA FANTASIA PANAMA,FCP03CT1RPAN8362,BLANQUERIA,7794170021707,CORTINA,fantasia
0404000040,ALMOHADA FANTASIA MAGICA EN RO,AFMROTRABMAGICA,BLANQUERIA,7892949411251,ALMOHADA,fantasia
0405000010,COLCHA PIQUE FANTASIA INFANTIL,FANIPCPSRAUTOS,BLANQUERIA,7794170019605,ACOLCHADO,fantasia
0405000020,COLCHA PIQUE FANTASIA INFANTIL,FANIPCPSRMIAU,BLANQUERIA,7794170019612,ACOLCHADO,fantasia
0405000030,COLCHA PIQUE FANTASIA INFANTIL,FANIPCPSRSAFARI,BLANQUERIA,7794170019629,ACOLCHADO,fantasia
0405000040,COLCHA FANTASIA MICROLEEN ARGE,FAMIECBCB1ANDRES,BLANQUERIA,7892949450854,ACOLCHADO,fantasia
0405000050,COLCHA FANTASIA MICROLEEN ARGE,FAMIECBCB1LYA,BLANQUERIA,7892949450861,ACOLCHADO,fantasia
0405000060,COLCHA FANTASIA MICROLEEN ARGE,FAMIECBCB1MELINA,BLANQUERIA,7892949450878,ACOLCHADO,fantasia
0405000070,COLCHA FANTASIA MICROLEEN ARGE,FAMIECBCB2JEANS,BLANQUERIA,7892949450885,ACOLCHADO,fantasia
0405000080,COLCHA FANTASIA MICROLEEN ARGE,FAMIECBCB2LYA,BLANQUERIA,7892949450892,ACOLCHADO,fantasia
0405000090,COLCHA FANTASIA MICROLEEN ARGE,FAMIECBCB2VENICE,BLANQUERIA,7892949450908,ACOLCHADO,fantasia
0405000100,COLCHA FANTASIA MICROLEEN ARGE,FAMIECBKB1ANDRES,BLANQUERIA,7892949450922,ACOLCHADO,fantasia
0405000110,COLCHA FANTASIA MICROLEEN ARGE,FAMIECBKB1LYA,BLANQUERIA,7892949450939,ACOLCHADO,fantasia
0405000120,COLCHA FANTASIA MICROLEEN ARGE,FAMIECBKB1MELINA,BLANQUERIA,7892949450946,ACOLCHADO,fantasia
0405000130,COLCHA FANTASIA MICROLEEN ARGE,FAMIECBKB2JEANS,BLANQUERIA,7892949450953,ACOLCHADO,fantasia
0405000140,COLCHA FANTASIA MICROLEEN ARGE,FAMIECBKB2LYA,BLANQUERIA,7892949450960,ACOLCHADO,fantasia
0405000150,COLCHA FANTASIA MICROLEEN ARGE,FAMIECBKB2VENICE,BLANQUERIA,7892949450977,ACOLCHADO,fantasia
0405000160,COLCHA FANTASIA MICROLEEN ARGE,FAMIECBQB1ANDRES,BLANQUERIA,7892949450984,ACOLCHADO,fantasia
0405000170,COLCHA FANTASIA MICROLEEN ARGE,FAMIECBQB1LYA,BLANQUERIA,7892949450991,ACOLCHADO,fantasia
0405000180,COLCHA FANTASIA MICROLEEN ARGE,FAMIECBQB1MELINA,BLANQUERIA,7892949451004,ACOLCHADO,fantasia
0405000190,COLCHA FANTASIA MICROLEEN ARGE,FAMIECBQB2JEANS,BLANQUERIA,7892949451110,ACOLCHADO,fantasia
0405000200,COLCHA FANTASIA MICROLEEN ARGE,FAMIECBQB2LYA,BLANQUERIA,7892949451127,ACOLCHADO,fantasia
0405000210,COLCHA FANTASIA MICROLEEN ARGE,FAMIECBQB2VENICE,BLANQUERIA,7892949451134,ACOLCHADO,fantasia
0405000220,COLCHA FANTASIA MICROLEEN ARGE,FAMIECBYB1ANDRES,BLANQUERIA,7892949451141,ACOLCHADO,fantasia
0405000230,COLCHA FANTASIA MICROLEEN ARGE,FAMIECBYB1LYA,BLANQUERIA,7892949451158,ACOLCHADO,fantasia
0405000240,COLCHA FANTASIA MICROLEEN ARGE,FAMIECBYB1MELINA,BLANQUERIA,7892949451165,ACOLCHADO,fantasia
0405000250,COLCHA FANTASIA MICROLEEN ARGE,FAMIECBYB2JEANS,BLANQUERIA,7892949451172,ACOLCHADO,fantasia
0405000260,COLCHA FANTASIA MICROLEEN ARGE,FAMIECBYB2LYA,BLANQUERIA,7892949451189,ACOLCHADO,fantasia
0405000270,COLCHA FANTASIA MICROLEEN ARGE,FAMIECBYB2VENICE,BLANQUERIA,7892949451202,ACOLCHADO,fantasia
0406000270,COLCHA ESTAMPADA AVIONES 1 1/2,FANIPCPSRAVIONES,BLANQUERIA,7794170021738,COVERTOR,fantasia
0407000090,REP FANTASIA CUADROS MIX 3,REPASTPCRCUAMIX3,BLANQUERIA,7794170008302,REPASADOR,fantasia
0407000100,REPASADOR FANTASIA TPC MIX 4 C,REPASTPCRCUAMIX4,BLANQUERIA,7794170016727,REPASADOR,fantasia
0407000110,REPASADOR FANTASIA,REPASTPCRCUAMIX5,BLANQUERIA,7794170022162,REPASADOR,fantasia
0407000150,REPASADOR 40CM X 60CM FANTASIA,REPASTPCRCUAMIX1,BLANQUERIA,7798153673600,REPASADOR,fantasia
0408000230,MANTEL FANTASIA MIXTO 2M ANGRA,FANMAR20R1ANGRA,BLANQUERIA,7794170016604,MANTEL,fantasia
0408000240,MANTEL FANTASIA MIXTO 2M APPET,FANMAR20R1APPETI,BLANQUERIA,7794170016611,MANTEL,fantasia
0408000250,MANTEL FANTASIA MIXTO 2M CACTU,FANMAR20R1CACTUS,BLANQUERIA,7794170016628,MANTEL,fantasia
0408000260,MANTEL FANTASIA MIXTO 2M CATAR,FANMAR20R1CATARI,BLANQUERIA,7794170016635,MANTEL,fantasia
0408000270,MANTEL FANTASIA MIXTO 2M FRIDA,FANMAR20R1FRIDA,BLANQUERIA,7794170016642,MANTEL,fantasia
0408000280,MANTEL FANTASIA MIXTO 2M LILLE,FANMAR20R1LILLE,BLANQUERIA,7794170016659,MANTEL,fantasia
0408000290,"MANTEL FANTASIA MIXTO 2,5M ANG",FANMAR25R1ANGRA,BLANQUERIA,7794170016666,MANTEL,fantasia
0408000300,"MANTEL FANTASIA MIXTO 2,5M APP",FANMAR25R1APPETI,BLANQUERIA,7794170016673,MANTEL,fantasia
0408000310,"MANTEL FANTASIA MIXTO 2,5M CAC",FANMAR25R1CACTUS,BLANQUERIA,7794170016680,MANTEL,fantasia
0408000320,"MANTEL FANTASIA MIXTO 2,5M CAT",FANMAR25R1CATARI,BLANQUERIA,7794170016697,MANTEL,fantasia
0408000340,"MANTEL FANTASIA MIXTO 2,5M FRI",FANMAR25R1FRIDA,BLANQUERIA,7794170016703,MANTEL,fantasia
0408000350,"MANTEL FANTASIA MIXTO 2,5M LIL",FANMAR25R1LILLE,BLANQUERIA,7794170016710,MANTEL,fantasia
0408000360,"MANTEL FANTACIA NAVIDAD 1,4 X",FANMAR20R1NAVIDA,BLANQUERIA,7794170017434,MANTEL,fantasia
0408000370,"MANTEL FANTACIA NAVIDAD 1,4X2,",FANMAR25R1NAVIDA,BLANQUERIA,7794170017441,MANTEL,fantasia
0408000380,MANTEL FANTASIA MIXTO 2M FRUTA,FANMAR20R1FRUTAR,BLANQUERIA,7794170024012,MANTEL,fantasia
0408000390,MANTEL FANTASIA MIXTO 2M JUICE,FANMAR20R1JUICE,BLANQUERIA,7794170024029,MANTEL,fantasia
0408000400,MANTEL FANTASIA MIXTO 2M KITCH,FANMAR20R1KITCHE,BLANQUERIA,7794170024036,MANTEL,fantasia
0408000410,MANTEL FANTASIA MIXTO 2M LUCIA,FANMAR20R1LUCIA,BLANQUERIA,7794170024043,MANTEL,fantasia
0408000420,MANTEL FANTASIA MIXTO 2M VERON,FANMAR20R1VERONA,BLANQUERIA,7794170024050,MANTEL,fantasia
0408000430,"MANTEL FANTASIA MIXTO 2,5M FRU",FANMAR25R1FRUTAR,BLANQUERIA,7794170024074,MANTEL,fantasia
0408000440,"MANTEL FANTASIA MIXTO 2,5M JUI",FANMAR25R1JUICE,BLANQUERIA,7794170024081,MANTEL,fantasia
0408000450,"MANTEL FANTASIA MIXTO 2,5M KIT",FANMAR25R1KITCHE,BLANQUERIA,7794170024098,MANTEL,fantasia
0408000460,"MANTEL FANTASIA MIXTO 2,5M LUC",FANMAR25R1LUCCA,BLANQUERIA,7794170024104,MANTEL,fantasia
0408000470,"MANTEL FANTASIA MIXTO 2,5M VER",FANMAR25R1VERONA,BLANQUERIA,7794170024111,MANTEL,fantasia
0408000510,MANTEL FANTASIA MIXTO 2M APPET,FANMAR20R2APPETI,BLANQUERIA,7794170024067,MANTEL,fantasia
0408000520,"MANTEL 1,40 X 2,50 APPETIT",FANMAR25R2APPET,BLANQUERIA,7794170024128,MANTEL,fantasia
0408000530,MANTEL FANTASIA 2M GITTI,FANMAR20R1GITTI,BLANQUERIA,7794170028638,MANTEL,fantasia
0408000540,MANTEL FANTASIA 2M MYSTIC,FANMAR20R1MYSTIC,BLANQUERIA,7794170028669,MANTEL,fantasia
0408000550,MANTEL FANTASIA 2M YASMIN,FANMAR20R1YASMIN,BLANQUERIA,7794170028676,MANTEL,fantasia
0408000560,MANTEL FANTASIA 2M LUCCA,FANMAR20R2LUCCA,BLANQUERIA,7794170028683,MANTEL,fantasia
0408000570,"MANTEL FANTASIA 2,5M GITTI",FANMAR25R1GITTI,BLANQUERIA,7794170028690,MANTEL,fantasia
0408000580,"MANTEL FANTASIA 2,5M  MIKA",FANMAR25R1MIKA,BLANQUERIA,7794170028713,MANTEL,fantasia
0408000590,"MANTEL FANTASIA 2,5M MYSTIC",FANMAR25R1MYSTIC,BLANQUERIA,7794170028720,MANTEL,fantasia
0408000600,"MANTEL FANTASIA 2,5M YASMIN",FANMAR25R1YASMIN,BLANQUERIA,7794170028737,MANTEL,fantasia
0408000610,"MANTEL FANTASIA 2,5M LUCCA",FANMAR25R2LUCCA,BLANQUERIA,7794170028744,MANTEL,fantasia
0408000620,"MANTEL FANTASIA 2,5M GOURMET",FANMAR25R1GOURME,BLANQUERIA,7794170028706,MANTEL,fantasia
0408000680,MANTEL 140X200 MIKA,FANMBR2011MIKA,BLANQUERIA,7892949850722,MANTEL,fantasia
0408000690,MANTEL 140X200 MYSTIC,FANMBR2011MYSTIC,BLANQUERIA,7892949850739,MANTEL,fantasia
0408000700,MANTEL 140X200 GOURME,FANMBR2011GOURME,BLANQUERIA,7892949850715,MANTEL,fantasia
0408000710,MANTEL FANT GITTI,FANMBR2511GITTI,BLANQUERIA,7892949850760,MANTEL,fantasia
0408000720,MANTEL FANT GOURMET,FANMBR2511GOURME,BLANQUERIA,7892949850777,MANTEL,fantasia
0408000730,MANTEL FANT MIKA,FANMBR2511MIKA,BLANQUERIA,7892949850784,MANTEL,fantasia
0408000740,MANTEL FANT MYSTIC,FANMBR2511MYSTIC,BLANQUERIA,7892949850791,MANTEL,fantasia
0408000750,MANTEL FANT YASMIN,FANMBR2511YASMIN,BLANQUERIA,7892949850807,MANTEL,fantasia
0408000760,MANTEL FANT LUCA 2,FANMBR2512LUCCA,BLANQUERIA,7892949850814,MANTEL,fantasia
0412000050,SAS FUNDAS FANTA INST JFK 150H,FAM15JFKRINSB01,BLANQUERIA,7798180141219,FUNDA,fantasia
0412000060,FUNDA FANTASIA PACK X 2 UNIDAD,FAM15JFQRIN8B01,BLANQUERIA,7798180141226,FUNDA,fantasia
0412000070,FUNDA PRATA BLANCO 0001,PR15BJFQ10001,BLANQUERIA,7892949846800,FUNDA,fantasia
0412000080,FUNDA PRATA LILA 5231,PR15BJFQ15231,BLANQUERIA,7892949846855,FUNDA,fantasia
0412000090,FUNDA PRATA CELESTE 6547,PR15BJFQ16547,BLANQUERIA,7892949846886,FUNDA,fantasia
0412000100,FUNDA PRATA VIOLETA 3484,PR15BJFQ13484,BLANQUERIA,7892949846848,FUNDA,fantasia
