Codart,Descripcion,Descadicional,Familia,barcode,marca
0101043340,110F CONJ FAIRUZ,CONJUNTO,LENCERIA,110F,fairuz
0101043350,111F CONJ FAIRUZ,CONJUNTO,LENCERIA,111F,fairuz
0101043360,112F CONJ FAIRUZ,CONJUNTO,LENCERIA,112F,fairuz
0101043370,113F CONJ FAIRUZ,CONJUNTO,LENCERIA,113F,fairuz
0101043380,114F CONJ FAIRUZ,CONJUNTO,LENCERIA,114F,fairuz
0101043390,115F CONJ FAIRUZ,CONJUNTO,LENCERIA,115F,fairuz
0101043400,116F CONJ FAIRUZ,CONJUNTO,LENCERIA,116F,fairuz
0101043410,117F CONJ FAIRUZ,CONJUNTO,LENCERIA,117F,fairuz
0101043420,118F CONJ FAIRUZ,CONJUNTO,LENCERIA,118F,fairuz
0101043430,120F CONJ FAIRUZ,CONJUNTO,LENCERIA,120F,fairuz
0101043440,121F CONJUNTO,CONJUNTO,LENCERIA,121F,fairuz
0101043450,122F CONJ FAIRUZ,CONJUNTO,LENCERIA,122F,fairuz
0101043460,123F CONJUNTO,CONJUNTO,LENCERIA,123F,fairuz
0101043470,125F CONJ FAIRUZ,CONJUNTO,LENCERIA,125F,fairuz
0101043480,130F CONJ FAIRUZ,CONJUNTO,LENCERIA,130F,fairuz
0101043490,2020F CONJ FAIRUZ,CONJUNTO,LENCERIA,2020F,fairuz
0101043500,2020FE CONJ FAIRUZ TALLES 105-,CONJUNTO,LENCERIA,2020FE,fairuz
0101043510,202F CONJ FAIRUZ,CONJUNTO,LENCERIA,202F,fairuz
0101043520,2030F CONJ FAIRUZ,CONJUNTO,LENCERIA,2030F,fairuz
0101043530,2031F CON FAIRUZ,CONJUNTO,LENCERIA,2031F,fairuz
0101043540,2033F CON FAIRUZ,CONJUNTO,LENCERIA,2033F,fairuz
0101043550,2035F CON FAIRUZ,CONJUNTO,LENCERIA,2035F,fairuz
0101043560,2036F CON FAIRUZ,CONJUNTO,LENCERIA,2036F,fairuz
0101043570,2037F CON FAIRUZ,CONJUNTO,LENCERIA,2037F,fairuz
0101043580,2038F CON FAIRUZ,CONJUNTO,LENCERIA,2038F,fairuz
0101043590,203F CONJ FAIRUZ,CONJUNTO,LENCERIA,203F,fairuz
0101043600,2040F CONJ FAIRUZ,CONJUNTO,LENCERIA,2040F,fairuz
0101043610,2041F CONJ FAIRUZ,CONJUNTO,LENCERIA,2041F,fairuz
0101043620,2041FE CONJ FAIRUZ ESPECIAL,CONJUNTO,LENCERIA,2041FE,fairuz
0101043630,2042F CONJ FAIRUZ,CONJUNTO,LENCERIA,2042F,fairuz
0101043640,2043F CONJ FAIRUZ,CONJUNTO,LENCERIA,2043F,fairuz
0101043650,2044F CONJ FAIRUZ,CONJUNTO,LENCERIA,2044F,fairuz
0101043660,2045F CONJ FAIRUZ,CONJUNTO,LENCERIA,2045F,fairuz
0101043670,2046F CONJ FAIRUZ,CONJUNTO,LENCERIA,2046F,fairuz
0101043680,2047F CONJ FAIRUZ,CONJUNTO,LENCERIA,2047F,fairuz
0101043690,2048F CONJ FAIRUZ,CONJUNTO,LENCERIA,2048F,fairuz
0101043700,2049F CONJ FAIRUZ,CONJUNTO,LENCERIA,2049F,fairuz
0101043710,204F CONJ FAIRUZ,CONJUNTO,LENCERIA,204F,fairuz
0101043720,2050F CONJ FAIRUZ,CONJUNTO,LENCERIA,2050F,fairuz
0101043730,2051F CONJ FAIRUZ,CONJUNTO,LENCERIA,2051F,fairuz
0101043740,2052F CONJ FAIRUZ,CONJUNTO,LENCERIA,2052F,fairuz
0101043750,2053F CONJ FAIRUZ,CONJUNTO,LENCERIA,2053F,fairuz
0101043760,2055F CONJ FAIRUZ,CONJUNTO,LENCERIA,2055F,fairuz
0101043770,2055FE CONJ FAIRUZ ESPECIAL,CONJUNTO,LENCERIA,2055FE,fairuz
0101043780,2057F CONJ FAIRUZ,CONJUNTO,LENCERIA,2057F,fairuz
0101043790,205F CONJ FAIRUZ,CONJUNTO,LENCERIA,205F,fairuz
0101043800,2060F CONJ FAIRUZ,CONJUNTO,LENCERIA,2060F,fairuz
0101043810,2061F CONJ FAIRUZ,CONJUNTO,LENCERIA,2061F,fairuz
0101043820,2062F CONJ FAIRUZ,CONJUNTO,LENCERIA,2062F,fairuz
0101043830,2065F CONJ FAIRUZ,CONJUNTO,LENCERIA,2065F,fairuz
0101043840,2070F CONJ FAIRUZ,CONJUNTO,LENCERIA,2070F,fairuz
0101043850,2072F CONJ FAIRUZ,CONJUNTO,LENCERIA,2072F,fairuz
0101043860,2073F CONJ FAIRUZ,CONJUNTO,LENCERIA,2073F,fairuz
0101043870,2075F CONJ FAIRUZ,CONJUNTO,LENCERIA,2075F,fairuz
0101043880,2076F CONJUNTO,CONJUNTO,LENCERIA,2076F,fairuz
0101043890,2077F CONJUNTO,CONJUNTO,LENCERIA,2077F,fairuz
0101043900,207F CONJ FAIRUZ,CONJUNTO,LENCERIA,207F,fairuz
0101043910,2080F CONJ FAIRUZ,CONJUNTO,LENCERIA,2080F,fairuz
0101043920,2081F CONJ FAIRUZ,CONJUNTO,LENCERIA,2081F,fairuz
0101043930,2082F CONJ FAIRUZ,CONJUNTO,LENCERIA,2082F,fairuz
0101043940,2083F CONJ FAIRUZ,CONJUNTO,LENCERIA,2083F,fairuz
0101043950,2084F CONJ FAIRUZ,CONJUNTO,LENCERIA,2084F,fairuz
0101043960,2085F CONJ FAIRUZ,CONJUNTO,LENCERIA,2085F,fairuz
0101043970,2086F CONJ FAIRUZ,CONJUNTO,LENCERIA,2086F,fairuz
0101043980,2087F CONJ FAIRUZ,CONJUNTO,LENCERIA,2087F,fairuz
0101043990,2088F CONJUNTO,CONJUNTO,LENCERIA,2088F,fairuz
0101044000,2089F CONJUNTO,CONJUNTO,LENCERIA,2089F,fairuz
0101044010,2092F CONJ FAIRUZ,CONJUNTO,LENCERIA,2092F,fairuz
0101044020,220F CONJUNTO FAIRUZ,CONJUNTO,LENCERIA,220F,fairuz
0101044030,221F CONJ FAIRUZ,CONJUNTO,LENCERIA,221F,fairuz
0101044040,225F CONJ FAIRUZ,CONJUNTO,LENCERIA,225F,fairuz
0101044050,226F CONJ FAIRUZ,CONJUNTO,LENCERIA,226F,fairuz
0101044060,227F CONJ FAIRUZ,CONJUNTO,LENCERIA,227F,fairuz
0101044070,230F CONJ FAIRUZ,CONJUNTO,LENCERIA,230F,fairuz
0101044080,231F CONJ FAIRUZ,CONJUNTO,LENCERIA,231F,fairuz
0101044090,232F CONJ FAIRUZ,CONJUNTO,LENCERIA,232F,fairuz
0101044100,233F CONJ FAIRUZ,CONJUNTO,LENCERIA,233F,fairuz
0101044110,234F CONJUNTO FAIRUZ,CONJUNTO,LENCERIA,234F,fairuz
0101044120,235F CONJ FAIRUZ,CONJUNTO,LENCERIA,235F,fairuz
0101044130,236F CONJ FAIRUZ,CONJUNTO,LENCERIA,236F,fairuz
0101044140,237F CONJ FAIRUZ,CONJUNTO,LENCERIA,237F,fairuz
0101044150,238F CONJUNTO FAIRUZ,CONJUNTO,LENCERIA,238F,fairuz
0101044160,239F CONJ FAIRUZ,CONJUNTO,LENCERIA,239F,fairuz
0101044170,240F CONJ FAIRUZ,CONJUNTO,LENCERIA,240F,fairuz
0101044180,244F CONJ FAIRUZ,CONJUNTO,LENCERIA,244F,fairuz
0101044190,247F CONJ FAIRUZ,CONJUNTO,LENCERIA,247F,fairuz
0101044200,248F CONJ FAIRUZ,CONJUNTO,LENCERIA,248F,fairuz
0101044210,251F CONJ FAIRUZ,CONJUNTO,LENCERIA,251F,fairuz
0101044220,253F CONJ FAIRUZ,CONJUNTO,LENCERIA,253F,fairuz
0101044230,257F CONJ FAIRUZ,CONJUNTO,LENCERIA,257F,fairuz
0101044240,259F CONJ FAIRUZ,CONJUNTO,LENCERIA,259F,fairuz
0101044250,260F CONJ FAIRUZ,CONJUNTO,LENCERIA,260F,fairuz
0101044260,261F CONJUNTO FAIRUZ,CONJUNTO,LENCERIA,261F,fairuz
0101044270,266F CONJ FAIRUZ,CONJUNTO,LENCERIA,266F,fairuz
0101044280,267F CONJUNTO FAIRUZ,CONJUNTO,LENCERIA,267F,fairuz
0101044290,270F FAIRUS,CONJUNTO,LENCERIA,270F,fairuz
0101044300,273F CONJ FAIRUZ,CONJUNTO,LENCERIA,273F,fairuz
0101044310,275F CONJ FAIRUZ,CONJUNTO,LENCERIA,275F,fairuz
0101044320,276F CONJ FAIRUZ,CONJUNTO,LENCERIA,276F,fairuz
0101044330,285F CONJ FAIRUZ,CONJUNTO,LENCERIA,285F,fairuz
0101044340,286F CONJ FAIRUZ,CONJUNTO,LENCERIA,286F,fairuz
0101044350,301F CONJ FAIRUZ,CONJUNTO,LENCERIA,301F,fairuz
0101044360,303F CONJ FAIRUZ,CONJUNTO,LENCERIA,303F,fairuz
0101044370,305F CONJ FAIRUZ,CONJUNTO,LENCERIA,305F,fairuz
0101044380,308F CONJ FAIRUZ,CONJUNTO,LENCERIA,308F,fairuz
0101044390,320F CONJ FAIRUZ,CONJUNTO,LENCERIA,320F,fairuz
0101044400,425F CONJUNTO,CONJUNTO,LENCERIA,425F,fairuz
0101044410,426F CONJUNTO FAIRUZ,CONJUNTO,LENCERIA,426F,fairuz
0101154140,2090F CONJ FAIRUZ,CONJUNTO,LENCERIA,2090F,fairuz
0101154150,2091F CONJ FAIRUZ,CONJUNTO,LENCERIA,2091F,fairuz
0101154160,210F CONJ FAIRUZ,CONJUNTO,LENCERIA,210F,fairuz
0101154170,211F CONJUNTO,CONJUNTO,LENCERIA,211F,fairuz
0101154180,214F CONJ FAIRUZ,CONJUNTO,LENCERIA,214F,fairuz
0101154190,215F FAIRUS,CONJUNTO,LENCERIA,215F,fairuz
0101154200,217F CONJ FAIRUZ,CONJUNTO,LENCERIA,217F,fairuz
0101154210,241F CONJ FAIRUZ,CONJUNTO,LENCERIA,241F,fairuz
0101154220,242F CONJ FAIRUZ,CONJUNTO,LENCERIA,242F,fairuz
0101154230,245F CONJ FAIRUZ,CONJUNTO,LENCERIA,245F,fairuz
0101154240,249F CONJ FAIRUZ,CONJUNTO,LENCERIA,249F,fairuz
0101154250,252F CONJ FAIRUZ,CONJUNTO,LENCERIA,252F,fairuz
0101154260,254F CONJ FAIRUZ,CONJUNTO,LENCERIA,254F,fairuz
0101154270,255F CONJ FAIRUZ,CONJUNTO,LENCERIA,255F,fairuz
0101154280,256F CONJ FAIRUZ,CONJUNTO,LENCERIA,256F,fairuz
0101154290,258F CONJ FAIRUZ,CONJUNTO,LENCERIA,258F,fairuz
0101154300,262F CONJ FAIRUZ,CONJUNTO,LENCERIA,262F,fairuz
0101154310,263F CONJ FAIRUZ,CONJUNTO,LENCERIA,263F,fairuz
0101154320,264F CONJ FAIRUZ,CONJUNTO,LENCERIA,264F,fairuz
0101154330,265F CONJ FAIRUZ,CONJUNTO,LENCERIA,265F,fairuz
0101154340,268 CONJUNTO FAIRUZ,CONJUNTO,LENCERIA,268F,fairuz
0101154350,271F CONJ FAIRUZ,CONJUNTO,LENCERIA,271F,fairuz
0101154360,277F CONJ FAIRUZ,CONJUNTO,LENCERIA,277F,fairuz
0101154370,280F CONJUNTO FAIRUZ,CONJUNTO,LENCERIA,280F,fairuz
0101154380,284F CONJ FAIRUZ,CONJUNTO,LENCERIA,284F,fairuz
0101154390,290F,CONJUNTO,LENCERIA,290F,fairuz
0101154400,292F CONJ FAIRUZ,CONJUNTO,LENCERIA,292F,fairuz
0101154410,293F CONJ FAIRUZ,CONJUNTO,LENCERIA,293F,fairuz
0101154420,294F CONJ FAIRUZ,CONJUNTO,LENCERIA,294F,fairuz
0101154430,295F CONJ FAIRUZ,CONJUNTO,LENCERIA,295F,fairuz
0101154440,296F CONJ FAIRUZ,CONJUNTO,LENCERIA,296F,fairuz
0101154450,297F CONJ FAIRUZ,CONJUNTO,LENCERIA,297F,fairuz
0101154460,298F CONJUNTO FAIRUZ,CONJUNTO,LENCERIA,298F,fairuz
0101154470,299F CONJ FAIRUZ,CONJUNTO,LENCERIA,299F,fairuz
0101154480,302F CONJ FAIRUZ,CONJUNTO,LENCERIA,302F,fairuz
0101154490,307F CONJ. FAIRUZ,CONJUNTO,LENCERIA,307F,fairuz
0101154500,338F CAMISOLIN FAIRUZ,CONJUNTO,LENCERIA,338F,fairuz
0101154510,340F CAMISOLIN FAIRUZ,CONJUNTO,LENCERIA,340F,fairuz
0101154520,342F CONJUNTO FAIRUZ,CONJUNTO,LENCERIA,342F,fairuz
0101154530,420F CONJUNTO,CONJUNTO,LENCERIA,420F,fairuz
0101154540,422F CONJUNTO,CONJUNTO,LENCERIA,422F,fairuz
0101154550,424F CONJ FAIRUZ,CONJUNTO,LENCERIA,424F,fairuz
0101154560,282 CONJUNTO FAIRUZ,CONJUNTO,LENCERIA,282F,fairuz
0101154570,283 CONJUNTO FAIRUZ,CONJUNTO,LENCERIA,283F,fairuz
0101200360,2052FE TE CONJ FAIRUZ,CONJUNTO,LENCERIA,2052FE,fairuz
0101202110,220F T85 BLANCO,CONJUNTO,LENCERIA,30220085BCO,fairuz
0101202120,220F T85 NEGRO,CONJUNTO,LENCERIA,30220085NG,fairuz
0101202130,220F T85 HUESO,CONJUNTO,LENCERIA,30220085HSO,fairuz
0101202140,220F T85 TURQUESA,CONJUNTO,LENCERIA,30220085TUR,fairuz
0101202150,220F T85 SALMON,CONJUNTO,LENCERIA,30220085SAL,fairuz
0101202160,220F T85 GRIS,CONJUNTO,LENCERIA,30220085GR,fairuz
0101202170,220F T90 BLANCO,CONJUNTO,LENCERIA,30220090BCO,fairuz
0101202180,220F T90 NEGRO,CONJUNTO,LENCERIA,30220090NG,fairuz
0101202190,220F T90 HUESO,CONJUNTO,LENCERIA,30220090HSO,fairuz
0101202200,220F T90 TURQUESA,CONJUNTO,LENCERIA,30220090TUR,fairuz
0101202210,220F T90 SALMON,CONJUNTO,LENCERIA,30220090SAL,fairuz
0101202220,220F T90 GRIS,CONJUNTO,LENCERIA,30220090GR,fairuz
0101202230,220F T95 BLANCO,CONJUNTO,LENCERIA,30220095BCO,fairuz
0101202240,220F T95 NEGRO,CONJUNTO,LENCERIA,30220095NG,fairuz
0101202250,220F T95 HUESO,CONJUNTO,LENCERIA,30220095HSO,fairuz
0101202260,220F T95 TURQUESA,CONJUNTO,LENCERIA,30220095TUR,fairuz
0101202270,220F T95 SALMON,CONJUNTO,LENCERIA,30220095SAL,fairuz
0101202280,220F T95 GRIS,CONJUNTO,LENCERIA,30220095GR,fairuz
0101202290,220F T100 BLANCO,CONJUNTO,LENCERIA,30220100BCO,fairuz
0101202300,220F T100 NEGRO,CONJUNTO,LENCERIA,30220100NG,fairuz
0101202310,220F T100 HUESO,CONJUNTO,LENCERIA,30220100HSO,fairuz
0101202320,220F T100 TURQUESA,CONJUNTO,LENCERIA,30220100TUR,fairuz
0101202330,220F T100 SALMON,CONJUNTO,LENCERIA,30220100SAL,fairuz
0101202340,220F T100 GRIS,CONJUNTO,LENCERIA,30220100GR,fairuz
0101202350,220F T105 BLANCO,CONJUNTO,LENCERIA,30220105BCO,fairuz
0101202360,220F T105 NEGRO,CONJUNTO,LENCERIA,30220105NG,fairuz
0101202370,220F T105 HUESO,CONJUNTO,LENCERIA,30220105HSO,fairuz
0101202380,220F T105 TURQUESA,CONJUNTO,LENCERIA,30220105TUR,fairuz
0101202390,220F T105 SALMON,CONJUNTO,LENCERIA,30220105SAL,fairuz
0101202400,220F T105 GRIS,CONJUNTO,LENCERIA,30220105GR,fairuz
0101202410,221F T85 BLANCO,CONJUNTO,LENCERIA,30221085BCO,fairuz
0101202420,221F T85 NEGRO,CONJUNTO,LENCERIA,30221085NG,fairuz
0101202430,221F T85 HUESO,CONJUNTO,LENCERIA,30221085HSO,fairuz
0101202440,221F T85 TURQUESA,CONJUNTO,LENCERIA,30221085TUR,fairuz
0101202450,221F T85 SALMON,CONJUNTO,LENCERIA,30221085SAL,fairuz
0101202460,221F T85 GRIS,CONJUNTO,LENCERIA,30221085GR,fairuz
0101202470,221F T90 BLANCO,CONJUNTO,LENCERIA,30221090BCO,fairuz
0101202480,221F T90 NEGRO,CONJUNTO,LENCERIA,30221090NG,fairuz
0101202490,221F T90 HUESO,CONJUNTO,LENCERIA,30221090HSO,fairuz
0101202500,221F T90 TURQUESA,CONJUNTO,LENCERIA,30221090TUR,fairuz
0101202510,221F T90 SALMON,CONJUNTO,LENCERIA,30221090SAL,fairuz
0101202520,221F T90 GRIS,CONJUNTO,LENCERIA,30221090GR,fairuz
0101202530,221F T95 BLANCO,CONJUNTO,LENCERIA,30221095BCO,fairuz
0101202540,221F T95 NEGRO,CONJUNTO,LENCERIA,30221095NG,fairuz
0101202550,221F T95 HUESO,CONJUNTO,LENCERIA,30221095HSO,fairuz
0101202560,221F T95 TURQUESA,CONJUNTO,LENCERIA,30221095TUR,fairuz
0101202570,221F T95 SALMON,CONJUNTO,LENCERIA,30221095SAL,fairuz
0101202580,221F T95 GRIS,CONJUNTO,LENCERIA,30221095GR,fairuz
0101202590,221F T100 BLANCO,CONJUNTO,LENCERIA,30221100BCO,fairuz
0101202600,221F T100 NEGRO,CONJUNTO,LENCERIA,30221100NG,fairuz
0101202610,221F T100 HUESO,CONJUNTO,LENCERIA,30221100HSO,fairuz
0101202620,221F T100 TURQUESA,CONJUNTO,LENCERIA,30221100TUR,fairuz
0101202630,221F T100 SALMON,CONJUNTO,LENCERIA,30221100SAL,fairuz
0101202640,221F T100 GRIS,CONJUNTO,LENCERIA,30221100GR,fairuz
0101202650,231F T85 BLANCO,CONJUNTO,LENCERIA,30231085BCO,fairuz
0101202660,231F T85 NEGRO,CONJUNTO,LENCERIA,30231085NG,fairuz
0101202670,231F T85 LANGO,CONJUNTO,LENCERIA,30231085LAN,fairuz
0101202680,231F T85 BORDO,CONJUNTO,LENCERIA,30231085BOR,fairuz
0101202690,231F T85 AZUL,CONJUNTO,LENCERIA,30231085AZ,fairuz
0101202700,231F T90 BLANCO,CONJUNTO,LENCERIA,30231090BCO,fairuz
0101202710,231F T90 NEGRO,CONJUNTO,LENCERIA,30231090NG,fairuz
0101202720,231F T90 LANGO,CONJUNTO,LENCERIA,30231090LAN,fairuz
0101202730,231F T90 BORDO,CONJUNTO,LENCERIA,30231090BOR,fairuz
0101202740,231F T90 AZUL,CONJUNTO,LENCERIA,30231090AZ,fairuz
0101202750,231F T95 BLANCO,CONJUNTO,LENCERIA,30231095BCO,fairuz
0101202760,231F T95 NEGRO,CONJUNTO,LENCERIA,30231095NG,fairuz
0101202770,231F T95 LANGO,CONJUNTO,LENCERIA,30231095LAN,fairuz
0101202780,231F T95 BORDO,CONJUNTO,LENCERIA,30231095BOR,fairuz
0101202790,231F T95 AZUL,CONJUNTO,LENCERIA,30231095AZ,fairuz
0101202800,231F T100 BLANCO,CONJUNTO,LENCERIA,30231100BCO,fairuz
0101202810,231F T100 NEGRO,CONJUNTO,LENCERIA,30231100NG,fairuz
0101202820,231F T100 LANGO,CONJUNTO,LENCERIA,30231100LAN,fairuz
0101202830,231F T100 BORDO,CONJUNTO,LENCERIA,30231100BOR,fairuz
0101202840,231F T100 AZUL,CONJUNTO,LENCERIA,30231100AZ,fairuz
0101202850,232F T85 BLANCO,CONJUNTO,LENCERIA,30232085BCO,fairuz
0101202860,232F T85 NEGRO,CONJUNTO,LENCERIA,30232085NG,fairuz
0101202870,232F T85 AERO,CONJUNTO,LENCERIA,30232085AE,fairuz
0101202880,232F T85 CEREZA,CONJUNTO,LENCERIA,30232085CER,fairuz
0101202890,232F T85 SALMON,CONJUNTO,LENCERIA,30232085SAL,fairuz
0101202900,232F T85 FUCSIA,CONJUNTO,LENCERIA,30232085FUC,fairuz
0101202910,232F T90 BLANCO,CONJUNTO,LENCERIA,30232090BCO,fairuz
0101202920,232F T90 NEGRO,CONJUNTO,LENCERIA,30232090NG,fairuz
0101202930,232F T90 AERO,CONJUNTO,LENCERIA,30232090AE,fairuz
0101202940,232F T90 CEREZA,CONJUNTO,LENCERIA,30232090CER,fairuz
0101202950,232F T90 SALMON,CONJUNTO,LENCERIA,30232090SAL,fairuz
0101202960,232F T90 FUCSIA,CONJUNTO,LENCERIA,30232090FUC,fairuz
0101202970,232F T95 BLANCO,CONJUNTO,LENCERIA,30232095BCO,fairuz
0101202980,232F T95 NEGRO,CONJUNTO,LENCERIA,30232095NG,fairuz
0101202990,232F T95 AERO,CONJUNTO,LENCERIA,30232095AE,fairuz
0101203000,232F T95 CEREZA,CONJUNTO,LENCERIA,30232095CER,fairuz
0101203010,232F T95 SALMON,CONJUNTO,LENCERIA,30232095SAL,fairuz
0101203020,232F T95 FUCSIA,CONJUNTO,LENCERIA,30232095FUC,fairuz
0101203030,232F T100 BLANCO,CONJUNTO,LENCERIA,30232100BCO,fairuz
0101203040,232F T100 NEGRO,CONJUNTO,LENCERIA,30232100NG,fairuz
0101203050,232F T100 AERO,CONJUNTO,LENCERIA,30232100AE,fairuz
0101203060,232F T100 CEREZA,CONJUNTO,LENCERIA,30232100CER,fairuz
0101203070,232F T100 SALMON,CONJUNTO,LENCERIA,30232100SAL,fairuz
0101203080,232F T100 FUCSIA,CONJUNTO,LENCERIA,30232100FUC,fairuz
0101203090,233F T85 BLANCO,CONJUNTO,LENCERIA,30233085BCO,fairuz
0101203100,233F T85 NEGRO,CONJUNTO,LENCERIA,30233085NG,fairuz
0101203110,233F T85 ROJO,CONJUNTO,LENCERIA,30233085ROJ,fairuz
0101203120,233F T90 BLANCO,CONJUNTO,LENCERIA,30233090BCO,fairuz
0101203130,233F T90 NEGRO,CONJUNTO,LENCERIA,30233090NG,fairuz
0101203140,233F T90 ROJO,CONJUNTO,LENCERIA,30233090ROJ,fairuz
0101203150,233F T95 BLANCO,CONJUNTO,LENCERIA,30233095BCO,fairuz
0101203160,233F T95 NEGRO,CONJUNTO,LENCERIA,30233095NG,fairuz
0101203170,233F T95 ROJO,CONJUNTO,LENCERIA,30233095ROJ,fairuz
0101203180,233F T100 BLANCO,CONJUNTO,LENCERIA,30233100BCO,fairuz
0101203190,233F T100 NEGRO,CONJUNTO,LENCERIA,30233100NG,fairuz
0101203200,233F T100 ROJO,CONJUNTO,LENCERIA,30233100ROJ,fairuz
0101203210,235F T85 BLANCO,CONJUNTO,LENCERIA,30235085BCO,fairuz
0101203220,235F T85 NEGRO,CONJUNTO,LENCERIA,30235085NG,fairuz
0101203230,235F T85 SALMON,CONJUNTO,LENCERIA,30235085SAL,fairuz
0101203240,235F T85 ALMENDRA,CONJUNTO,LENCERIA,30235085ALM,fairuz
0101203250,235F T90 BLANCO,CONJUNTO,LENCERIA,30235090BCO,fairuz
0101203260,235F T90 NEGRO,CONJUNTO,LENCERIA,30235090NG,fairuz
0101203270,235F T90 SALMON,CONJUNTO,LENCERIA,30235090SAL,fairuz
0101203280,235F T90 ALMENDRA,CONJUNTO,LENCERIA,30235090ALM,fairuz
0101203290,235F T95 BLANCO,CONJUNTO,LENCERIA,30235095BCO,fairuz
0101203300,235F T95 NEGRO,CONJUNTO,LENCERIA,30235095NG,fairuz
0101203310,235F T95 SALMON,CONJUNTO,LENCERIA,30235095SAL,fairuz
0101203320,235F T95 ALMENDRA,CONJUNTO,LENCERIA,30235095ALM,fairuz
0101203330,235F T100 BLANCO,CONJUNTO,LENCERIA,30235100BCO,fairuz
0101203340,235F T100 NEGRO,CONJUNTO,LENCERIA,30235100NG,fairuz
0101203350,235F T100 SALMON,CONJUNTO,LENCERIA,30235100SAL,fairuz
0101203360,235F T100 ALMENDRA,CONJUNTO,LENCERIA,30235100ALM,fairuz
0101203370,236F T85 BLANCO,CONJUNTO,LENCERIA,30236085BCO,fairuz
0101203380,236F T85 NEGRO,CONJUNTO,LENCERIA,30236085NG,fairuz
0101203390,236F T85 ROJO,CONJUNTO,LENCERIA,30260085ROJ,fairuz
0101203400,236F T90 BLANCO,CONJUNTO,LENCERIA,30236090BCO,fairuz
0101203410,236F T90 NEGRO,CONJUNTO,LENCERIA,30236090NG,fairuz
0101203420,236F T90 ROJO,CONJUNTO,LENCERIA,30260090ROJ,fairuz
0101203430,236F T95 BLANCO,CONJUNTO,LENCERIA,30236095BCO,fairuz
0101203440,236F T95 NEGRO,CONJUNTO,LENCERIA,30236095NG,fairuz
0101203450,236F T95 ROJO,CONJUNTO,LENCERIA,30260095ROJ,fairuz
0101203460,236F T100 BLANCO,CONJUNTO,LENCERIA,30236100BCO,fairuz
0101203470,236F T100 NEGRO,CONJUNTO,LENCERIA,30236100NG,fairuz
0101203480,236F T100 ROJO,CONJUNTO,LENCERIA,30236100ROJ,fairuz
0101203490,237F T85 NEGRO AP,CONJUNTO,LENCERIA,30237085NGPRI,fairuz
0101203500,237F T85 ROJO AP,CONJUNTO,LENCERIA,30237085ROJPRI,fairuz
0101203510,237F T90 NEGRO AP,CONJUNTO,LENCERIA,30237090NGPRI,fairuz
0101203520,237F T90 ROJO AP,CONJUNTO,LENCERIA,30237090ROJPRI,fairuz
0101203530,237F T95 NEGRO AP,CONJUNTO,LENCERIA,30237095NGPRI,fairuz
0101203540,237F T95 ROJO AP,CONJUNTO,LENCERIA,30237095ROJPRI,fairuz
0101203550,237F T100 NEGRO AP,CONJUNTO,LENCERIA,30237100NGPRI,fairuz
0101203560,237F T100 ROJO AP,CONJUNTO,LENCERIA,30237100ROJPRI,fairuz
0101203570,238F T85 BLANCO,CONJUNTO,LENCERIA,30238085BCO,fairuz
0101203580,238F T85 HUESO,CONJUNTO,LENCERIA,30238085HSO,fairuz
0101203590,238F T85 NEGRO,CONJUNTO,LENCERIA,30238085NG,fairuz
0101203600,238F T85 ALMENDRA,CONJUNTO,LENCERIA,30238085ALM,fairuz
0101203610,238F T85 ROJO,CONJUNTO,LENCERIA,30238085ROJ,fairuz
0101203620,238F T90 BLANCO,CONJUNTO,LENCERIA,30238090BCO,fairuz
0101203630,238F T90 HUESO,CONJUNTO,LENCERIA,30238090HSO,fairuz
0101203640,238F T90 NEGRO,CONJUNTO,LENCERIA,30238090NG,fairuz
0101203650,238F T90 ALMENDRA,CONJUNTO,LENCERIA,30238090ALM,fairuz
0101203660,238F T90 ROJO,CONJUNTO,LENCERIA,30238090ROJ,fairuz
0101203670,238F T95 BLANCO,CONJUNTO,LENCERIA,30238095BCO,fairuz
0101203680,238F T95 HUESO,CONJUNTO,LENCERIA,30238095HSO,fairuz
0101203690,238F T95 NEGRO,CONJUNTO,LENCERIA,30238095NG,fairuz
0101203700,238F T95 ALMENDRA,CONJUNTO,LENCERIA,30238095ALM,fairuz
0101203710,238F T95 ROJO,CONJUNTO,LENCERIA,30238095ROJ,fairuz
0101203720,238F T100 BLANCO,CONJUNTO,LENCERIA,30238100BCO,fairuz
0101203730,238F T100 HUESO,CONJUNTO,LENCERIA,30238100HSO,fairuz
0101203740,238F T100 NEGRO,CONJUNTO,LENCERIA,30238100NG,fairuz
0101203750,238F T100 ALMENDRA,CONJUNTO,LENCERIA,30238100ALM,fairuz
0101203760,238F T100 ROJO,CONJUNTO,LENCERIA,30238100ROJ,fairuz
0101203770,239F T85 BLANCO,CONJUNTO,LENCERIA,30239085BCO,fairuz
0101203780,239F T85 NEGRO,CONJUNTO,LENCERIA,30239085NG,fairuz
0101203790,239F T85 ROJO,CONJUNTO,LENCERIA,30239085ROJ,fairuz
0101203800,239F T85 NUDE,CONJUNTO,LENCERIA,30239085NU,fairuz
0101203810,239F T90 BLANCO,CONJUNTO,LENCERIA,30239090BCO,fairuz
0101203820,239F T90 NEGRO,CONJUNTO,LENCERIA,30239090NG,fairuz
0101203830,239F T90 ROJO,CONJUNTO,LENCERIA,30239090ROJ,fairuz
0101203840,239F T90 NUDE,CONJUNTO,LENCERIA,30239090NU,fairuz
0101203850,239F T95 BLANCO,CONJUNTO,LENCERIA,30239095BCO,fairuz
0101203860,239F T95 NEGRO,CONJUNTO,LENCERIA,30239095NG,fairuz
0101203870,239F T95 ROJO,CONJUNTO,LENCERIA,30239095ROJ,fairuz
0101203880,239F T95 NUDE,CONJUNTO,LENCERIA,30239095NU,fairuz
0101203890,239F T100 BLANCO,CONJUNTO,LENCERIA,30239100BCO,fairuz
0101203900,239F T100 NEGRO,CONJUNTO,LENCERIA,30239100NG,fairuz
0101203910,239F T100 ROJO,CONJUNTO,LENCERIA,30239100ROJ,fairuz
0101203920,239F T100 NUDE,CONJUNTO,LENCERIA,30239100NU,fairuz
0101203930,253F T85 BLANCO,CONJUNTO,LENCERIA,30253085BCO,fairuz
0101203940,253F T85 NEGRO,CONJUNTO,LENCERIA,30253085NGO,fairuz
0101203950,253F T85 ROSA,CONJUNTO,LENCERIA,30253085ROS,fairuz
0101203960,253F T85 AZUL FRAN,CONJUNTO,LENCERIA,30253085AZFR,fairuz
0101203970,253F T85 ROJO,CONJUNTO,LENCERIA,30253085ROJ,fairuz
0101203980,253F T90 BLANCO,CONJUNTO,LENCERIA,30253090BCO,fairuz
0101203990,253F T90 NEGRO,CONJUNTO,LENCERIA,30253090NGO,fairuz
0101204000,253F T90 ROSA,CONJUNTO,LENCERIA,30253090ROS,fairuz
0101204010,253F T90 AZUL FRAN,CONJUNTO,LENCERIA,30253090AZFR,fairuz
0101204020,253F T90 ROJO,CONJUNTO,LENCERIA,30253090ROJ,fairuz
0101204030,253F T95 BLANCO,CONJUNTO,LENCERIA,30253095BCO,fairuz
0101204040,253F T95 NEGRO,CONJUNTO,LENCERIA,30253095NGO,fairuz
0101204050,253F T95 ROSA,CONJUNTO,LENCERIA,30253095ROS,fairuz
0101204060,253F T95 AZUL FRAN,CONJUNTO,LENCERIA,30253095AZFR,fairuz
0101204070,253F T95 ROJO,CONJUNTO,LENCERIA,30253095ROJ,fairuz
0101204080,253F T100 BLANCO,CONJUNTO,LENCERIA,30253100BCO,fairuz
0101204090,253F T100 NEGRO,CONJUNTO,LENCERIA,30253100NGO,fairuz
0101204100,253F T100 ROSA,CONJUNTO,LENCERIA,30253100ROS,fairuz
0101204110,253F T100 AZUL FRAN,CONJUNTO,LENCERIA,30253100AZFR,fairuz
0101204120,253F T100 ROJO,CONJUNTO,LENCERIA,30253100ROJ,fairuz
0101204130,260F T85 BLANCO,CONJUNTO,LENCERIA,30260085BCO,fairuz
0101204140,260F T85 NEGRO,CONJUNTO,LENCERIA,30260085NG,fairuz
0101204150,260F T85 HUESO,CONJUNTO,LENCERIA,30260085HSO,fairuz
0101204160,260F T85 ROSA,CONJUNTO,LENCERIA,30260085ROS,fairuz
0101204170,260F T85 ALMENDRA,CONJUNTO,LENCERIA,30260085ALM,fairuz
0101204180,260F T85 GRIS,CONJUNTO,LENCERIA,30260085GR,fairuz
0101204190,260F T90 BLANCO,CONJUNTO,LENCERIA,30260090BCO,fairuz
0101204200,260F T90 NEGRO,CONJUNTO,LENCERIA,30260090NG,fairuz
0101204210,260F T90 HUESO,CONJUNTO,LENCERIA,30260090HSO,fairuz
0101204220,260F T90 ROSA,CONJUNTO,LENCERIA,30260090ROS,fairuz
0101204230,260F T90 ALMENDRA,CONJUNTO,LENCERIA,30260090ALM,fairuz
0101204240,260F T90 GRIS,CONJUNTO,LENCERIA,30260090GR,fairuz
0101204250,260F T95 BLANCO,CONJUNTO,LENCERIA,30260095BCO,fairuz
0101204260,260F T95 NEGRO,CONJUNTO,LENCERIA,30260095NG,fairuz
0101204270,260F T95 HUESO,CONJUNTO,LENCERIA,30260095HSO,fairuz
0101204280,260F T95 ROSA,CONJUNTO,LENCERIA,30260095ROS,fairuz
0101204290,260F T95 ALMENDRA,CONJUNTO,LENCERIA,30260095ALM,fairuz
0101204300,260F T95 GRIS,CONJUNTO,LENCERIA,30260095GR,fairuz
0101204310,260F T100 BLANCO,CONJUNTO,LENCERIA,30260100BCO,fairuz
0101204320,260F T100 NEGRO,CONJUNTO,LENCERIA,30260100NG,fairuz
0101204330,260F T100 HUESO,CONJUNTO,LENCERIA,30260100HSO,fairuz
0101204340,260F T100 ROSA,CONJUNTO,LENCERIA,30260100ROS,fairuz
0101204350,260F T100 ALMENDRA,CONJUNTO,LENCERIA,30260100ALM,fairuz
0101204360,260F T100 GRIS,CONJUNTO,LENCERIA,30260100GR,fairuz
0101204370,301F T1 BLANCO/NG,CONJUNTO,LENCERIA,30301001BCONG,fairuz
0101204380,301F T1 NEGRO/BC,CONJUNTO,LENCERIA,30301001NGBC,fairuz
0101204390,301F T1 GRIS/NG,CONJUNTO,LENCERIA,30301001GRNG,fairuz
0101204400,301F T1 NEGRO/FUC,CONJUNTO,LENCERIA,30301001NGFUC,fairuz
0101204410,301F T1 TURQUE/NG,CONJUNTO,LENCERIA,30301001TURNG,fairuz
0101204420,301F T1 ROJO/NG,CONJUNTO,LENCERIA,30301001ROJNG,fairuz
0101204430,301F T2 BLANCO/NG,CONJUNTO,LENCERIA,30301002BCONG,fairuz
0101204440,301F T2 NEGRO/BC,CONJUNTO,LENCERIA,30301002NGBC,fairuz
0101204450,301F T2 GRIS/NG,CONJUNTO,LENCERIA,30301002GRNG,fairuz
0101204460,301F T2 NEGRO/FUC,CONJUNTO,LENCERIA,30301002NGFUC,fairuz
0101204470,301F T2 TURQUE/NG,CONJUNTO,LENCERIA,30301002TURNG,fairuz
0101204480,301F T2 ROJO/NG,CONJUNTO,LENCERIA,30301002ROJNG,fairuz
0101204490,301F T3 BLANCO/NG,CONJUNTO,LENCERIA,30301003BCONG,fairuz
0101204500,301F T3 NEGRO/BC,CONJUNTO,LENCERIA,30301003NGBC,fairuz
0101204510,301F T3 GRIS/NG,CONJUNTO,LENCERIA,30301003GRNG,fairuz
0101204520,301F T3 NEGRO/FUC,CONJUNTO,LENCERIA,30301003NGFUC,fairuz
0101204530,301F T3 TURQUE/NG,CONJUNTO,LENCERIA,30301003TURNG,fairuz
0101204540,301F T3 ROJO/NG,CONJUNTO,LENCERIA,30301003ROJNG,fairuz
0101204550,301F T4 BLANCO/NG,CONJUNTO,LENCERIA,30301004BCONG,fairuz
0101204560,301F T4 NEGRO/BC,CONJUNTO,LENCERIA,30301004NGBC,fairuz
0101204570,301F T4 GRIS/NG,CONJUNTO,LENCERIA,30301004GRNG,fairuz
0101204580,301F T4 NEGRO/FUC,CONJUNTO,LENCERIA,30301004NGFUC,fairuz
0101204590,301F T4 TURQUE/NG,CONJUNTO,LENCERIA,30301004TURNG,fairuz
0101204600,301F T4 ROJO/NG,CONJUNTO,LENCERIA,30301004ROJNG,fairuz
0101204610,305F T1 BLANCO,CONJUNTO,LENCERIA,30305001BCO,fairuz
0101204620,305F T1 ROSA,CONJUNTO,LENCERIA,30305001ROS,fairuz
0101204630,305F T1 TURQUESA,CONJUNTO,LENCERIA,30305001TUR,fairuz
0101204640,305F T1 GRIS,CONJUNTO,LENCERIA,30305001GR,fairuz
0101204650,305F T2 BLANCO,CONJUNTO,LENCERIA,30305002BCO,fairuz
0101204660,305F T2 ROSA,CONJUNTO,LENCERIA,30305002ROS,fairuz
0101204670,305F T2 TURQUESA,CONJUNTO,LENCERIA,30305002TUR,fairuz
0101204680,305F T2 GRIS,CONJUNTO,LENCERIA,30305002GR,fairuz
0101204690,305F T3 BLANCO,CONJUNTO,LENCERIA,30305003BCO,fairuz
0101204700,305F T3 ROSA,CONJUNTO,LENCERIA,30305003ROS,fairuz
0101204710,305F T3 TURQUESA,CONJUNTO,LENCERIA,30305003TUR,fairuz
0101204720,305F T3 GRIS,CONJUNTO,LENCERIA,30305003GR,fairuz
0101204730,305F T4 BLANCO,CONJUNTO,LENCERIA,30305004BCO,fairuz
0101204740,305F T4 ROSA,CONJUNTO,LENCERIA,30305004ROS,fairuz
0101204750,305F T4 TURQUESA,CONJUNTO,LENCERIA,30305004TUR,fairuz
0101204760,305F T4 GRIS,CONJUNTO,LENCERIA,30305004GR,fairuz
0101204770,425F T95 BLANCO,CONJUNTO,LENCERIA,30425095BCO,fairuz
0101204780,425F T95 NEGRO,CONJUNTO,LENCERIA,30425095NG,fairuz
0101204790,425F T95 ROSA,CONJUNTO,LENCERIA,30425095ROS,fairuz
0101204800,425F T95 ALMENDRA,CONJUNTO,LENCERIA,30425095ALM,fairuz
0101204810,425F T100 BLANCO,CONJUNTO,LENCERIA,30425100BCO,fairuz
0101204820,425F T100 NEGRO,CONJUNTO,LENCERIA,30425100NG,fairuz
0101204830,425F T100 ROSA,CONJUNTO,LENCERIA,30425100ROS,fairuz
0101204840,425F T100 ALMENDRA,CONJUNTO,LENCERIA,30425100ALM,fairuz
0101204850,425F T105 BLANCO,CONJUNTO,LENCERIA,30425105BCO,fairuz
0101204860,425F T105 NEGRO,CONJUNTO,LENCERIA,30425105NG,fairuz
0101204870,425F T105 ROSA,CONJUNTO,LENCERIA,30425105ROS,fairuz
0101204880,425F T105 ALMENDRA,CONJUNTO,LENCERIA,30425105ALM,fairuz
0101204890,425F T110 BLANCO,CONJUNTO,LENCERIA,30425110BCO,fairuz
0101204900,425F T110 NEGRO,CONJUNTO,LENCERIA,30425110NG,fairuz
0101204910,425F T110 ROSA,CONJUNTO,LENCERIA,30425110ROS,fairuz
0101204920,425F T110 ALMENDRA,CONJUNTO,LENCERIA,30425110ALM,fairuz
0101204930,425F T115 BLANCO,CONJUNTO,LENCERIA,30425115BCO,fairuz
0101204940,425F T115 NEGRO,CONJUNTO,LENCERIA,30425115NG,fairuz
0101204950,425F T115 ROSA,CONJUNTO,LENCERIA,30425115ROS,fairuz
0101204960,425F T115 ALMENDRA,CONJUNTO,LENCERIA,30425115ALM,fairuz
0101204970,425F T120 BLANCO,CONJUNTO,LENCERIA,30425120BCO,fairuz
0101204980,425F T120 NEGRO,CONJUNTO,LENCERIA,30425120NG,fairuz
0101204990,425F T120 ROSA,CONJUNTO,LENCERIA,30425120ROS,fairuz
0101205000,425F T120 ALMENDRA,CONJUNTO,LENCERIA,30425120ALM,fairuz
0101205010,426F T90 BLANCO,CONJUNTO,LENCERIA,30426090BCO,fairuz
0101205020,426F T90 NEGRO,CONJUNTO,LENCERIA,30426090NG,fairuz
0101205030,426F T90 HUESO,CONJUNTO,LENCERIA,30426090HSO,fairuz
0101205040,426F T90 SALMON,CONJUNTO,LENCERIA,30426090SAL,fairuz
0101205050,426F T95 BLANCO,CONJUNTO,LENCERIA,30426095BCO,fairuz
0101205060,426F T95 NEGRO,CONJUNTO,LENCERIA,30426095NG,fairuz
0101205070,426F T95 HUESO,CONJUNTO,LENCERIA,30426095HSO,fairuz
0101205080,426F T95 SALMON,CONJUNTO,LENCERIA,30426095SAL,fairuz
0101205090,426F T100 BLANCO,CONJUNTO,LENCERIA,30426100BCO,fairuz
0101205100,426F T100 NEGRO,CONJUNTO,LENCERIA,30426100NG,fairuz
0101205110,426F T100 HUESO,CONJUNTO,LENCERIA,30426100HSO,fairuz
0101205120,426F T100 SALMON,CONJUNTO,LENCERIA,30426100SAL,fairuz
0101205130,426F T105 BLANCO,CONJUNTO,LENCERIA,30426105BCO,fairuz
0101205140,426F T105 NEGRO,CONJUNTO,LENCERIA,30426105NG,fairuz
0101205150,426F T105 HUESO,CONJUNTO,LENCERIA,30426105HSO,fairuz
0101205160,426F T105 SALMON,CONJUNTO,LENCERIA,30426105SAL,fairuz
0101205170,426F T110 BLANCO,CONJUNTO,LENCERIA,30426110BCO,fairuz
0101205180,426F T110 NEGRO,CONJUNTO,LENCERIA,30426110NG,fairuz
0101205190,426F T110 HUESO,CONJUNTO,LENCERIA,30426110HSO,fairuz
0101205200,426F T110 SALMON,CONJUNTO,LENCERIA,30426110SAL,fairuz
0101205210,2020F T85 NUDE,CONJUNTO,LENCERIA,302020085NU,fairuz
0101205220,2020F T85 BLANCO,CONJUNTO,LENCERIA,302020085BCO,fairuz
0101205230,2020F T85 NEGRO,CONJUNTO,LENCERIA,302020085NG,fairuz
0101205240,2020F T85 AZUL FRAN,CONJUNTO,LENCERIA,302020085AZFR,fairuz
0101205250,2020F T85 LANGOS,CONJUNTO,LENCERIA,302020085LANG,fairuz
0101205260,2020F T85 BORDO,CONJUNTO,LENCERIA,302020085BOR,fairuz
0101205270,2020F T90 NUDE,CONJUNTO,LENCERIA,302020090NU,fairuz
0101205280,2020F T90 BLANCO,CONJUNTO,LENCERIA,302020090BCO,fairuz
0101205290,2020F T90 NEGRO,CONJUNTO,LENCERIA,302020090NG,fairuz
0101205300,2020F T90 AZUL FRAN,CONJUNTO,LENCERIA,302020090AZFR,fairuz
0101205310,2020F T90 LANGOS,CONJUNTO,LENCERIA,302020090LANG,fairuz
0101205320,2020F T90 BORDO,CONJUNTO,LENCERIA,302020090BOR,fairuz
0101205330,2020F T95 NUDE,CONJUNTO,LENCERIA,302020095NU,fairuz
0101205340,2020F T95 BLANCO,CONJUNTO,LENCERIA,302020095BCO,fairuz
0101205350,2020F T95 NEGRO,CONJUNTO,LENCERIA,302020095NG,fairuz
0101205360,2020F T95 AZUL FRAN,CONJUNTO,LENCERIA,302020095AZFR,fairuz
0101205370,2020F T95 LANGOS,CONJUNTO,LENCERIA,302020095LANG,fairuz
0101205380,2020F T95 BORDO,CONJUNTO,LENCERIA,302020095BOR,fairuz
0101205390,2020F T100 NUDE,CONJUNTO,LENCERIA,302020100NU,fairuz
0101205400,2020F T100 BLANCO,CONJUNTO,LENCERIA,302020100BCO,fairuz
0101205410,2020F T100 NEGRO,CONJUNTO,LENCERIA,302020100NG,fairuz
0101205420,2020F T100 AZUL FRAN,CONJUNTO,LENCERIA,302020100AZFR,fairuz
0101205430,2020F T100 LANGOS,CONJUNTO,LENCERIA,302020100LANG,fairuz
0101205440,2020F T100 BORDO,CONJUNTO,LENCERIA,302020100BOR,fairuz
0101205450,2020/EF T105 NUDE,CONJUNTO,LENCERIA,302020105NU,fairuz
0101205460,2020/EF T105 BLANCO,CONJUNTO,LENCERIA,302020105BCO,fairuz
0101205470,2020/EF T105 NEGRO,CONJUNTO,LENCERIA,302020105NG,fairuz
0101205480,2020/EF T105 AZUL FRAN,CONJUNTO,LENCERIA,302020105AZFR,fairuz
0101205490,2020/EF T105 LANGOS,CONJUNTO,LENCERIA,302020105LANG,fairuz
0101205500,2020/EF T105 BORDO,CONJUNTO,LENCERIA,302020105BOR,fairuz
0101205510,2020/EF T110 NUDE,CONJUNTO,LENCERIA,302020110NU,fairuz
0101205520,2020/EF T110 BLANCO,CONJUNTO,LENCERIA,302020110BCO,fairuz
0101205530,2020/EF T110 NEGRO,CONJUNTO,LENCERIA,302020110NG,fairuz
0101205540,2020/EF T110 AZUL FRAN,CONJUNTO,LENCERIA,302020110AZFR,fairuz
0101205550,2020/EF T110 LANGOS,CONJUNTO,LENCERIA,302020110LANG,fairuz
0101205560,2020/EF T110 BORDO,CONJUNTO,LENCERIA,302020110BOR,fairuz
0101205570,2030F T85 BLANCO,CONJUNTO,LENCERIA,302030085BCO,fairuz
0101205580,2030F T85 NEGRO,CONJUNTO,LENCERIA,302030085NEG,fairuz
0101205590,2030F T85 ROJO,CONJUNTO,LENCERIA,302030085ROJ,fairuz
0101205600,2030F T85 TURQUESA,CONJUNTO,LENCERIA,302030085TUR,fairuz
0101205610,2030F T85 FUCSIA,CONJUNTO,LENCERIA,302030085FUC,fairuz
0101205620,2030F T90 BLANCO,CONJUNTO,LENCERIA,302030090BCO,fairuz
0101205630,2030F T90 NEGRO,CONJUNTO,LENCERIA,302030090NEG,fairuz
0101205640,2030F T90 ROJO,CONJUNTO,LENCERIA,302030090ROJ,fairuz
0101205650,2030F T90 TURQUESA,CONJUNTO,LENCERIA,302030090TUR,fairuz
0101205660,2030F T90 FUCSIA,CONJUNTO,LENCERIA,302030090FUC,fairuz
0101205670,2030F T95 BLANCO,CONJUNTO,LENCERIA,302030095BCO,fairuz
0101205680,2030F T95 NEGRO,CONJUNTO,LENCERIA,302030095NEG,fairuz
0101205690,2030F T95 ROJO,CONJUNTO,LENCERIA,302030095ROJ,fairuz
0101205700,2030F T95 TURQUESA,CONJUNTO,LENCERIA,302030095TUR,fairuz
0101205710,2030F T95 FUCSIA,CONJUNTO,LENCERIA,302030095FUC,fairuz
0101205720,2030F T100 BLANCO,CONJUNTO,LENCERIA,302030100BCO,fairuz
0101205730,2030F T100 NEGRO,CONJUNTO,LENCERIA,302030100NEG,fairuz
0101205740,2030F T100 ROJO,CONJUNTO,LENCERIA,302030100ROJ,fairuz
0101205750,2030F T100 TURQUESA,CONJUNTO,LENCERIA,302030100TUR,fairuz
0101205760,2030F T100 FUCSIA,CONJUNTO,LENCERIA,302030100FUC,fairuz
0101205770,2033F T85 ROJO/NG,CONJUNTO,LENCERIA,302033085ROJ/NG,fairuz
0101205780,2033F T85 AZUL FR/NG,CONJUNTO,LENCERIA,302033085AZFR/NG,fairuz
0101205790,2033F T90 ROJO/NG,CONJUNTO,LENCERIA,302033090ROJFR,fairuz
0101205800,2033F T90 AZUL FR/NG,CONJUNTO,LENCERIA,302033090AZFRNG,fairuz
0101205810,2033F T95 ROJO/NG,CONJUNTO,LENCERIA,302033095ROJFR,fairuz
0101205820,2033F T95 AZUL FR/NG,CONJUNTO,LENCERIA,302033095AZFR/NG,fairuz
0101205830,2033F T100 ROJO/NG,CONJUNTO,LENCERIA,302033100ROJFR,fairuz
0101205840,2033F T100 AZUL FR/NG,CONJUNTO,LENCERIA,302033100AZFR/NG,fairuz
0101205850,2036F T85 BLANCO,CONJUNTO,LENCERIA,302036085BCO,fairuz
0101205860,2036F T85 NEGRO,CONJUNTO,LENCERIA,302036085NG,fairuz
0101205870,2036F T85 LANGOS,CONJUNTO,LENCERIA,302036085LANG,fairuz
0101205880,2036F T85 ROJO,CONJUNTO,LENCERIA,302036085ROJ,fairuz
0101205890,2036F T90 BLANCO,CONJUNTO,LENCERIA,302036090BCO,fairuz
0101205900,2036F T90 NEGRO,CONJUNTO,LENCERIA,302036090NG,fairuz
0101205910,2036F T90 LANGOS,CONJUNTO,LENCERIA,302036090LANG,fairuz
0101205920,2036F T90 ROJO,CONJUNTO,LENCERIA,302036090ROJ,fairuz
0101205930,2036F T95 BLANCO,CONJUNTO,LENCERIA,302036095BCO,fairuz
0101205940,2036F T95 NEGRO,CONJUNTO,LENCERIA,302036095NG,fairuz
0101205950,2036F T95 LANGOS,CONJUNTO,LENCERIA,302036095LANG,fairuz
0101205960,2036F T95 ROJO,CONJUNTO,LENCERIA,302036095ROJ,fairuz
0101205970,2036F T100 BLANCO,CONJUNTO,LENCERIA,302036100BCO,fairuz
0101205980,2036F T100 NEGRO,CONJUNTO,LENCERIA,302036100NG,fairuz
0101205990,2036F T100 LANGOS,CONJUNTO,LENCERIA,302036100LANG,fairuz
0101206000,2036F T100 ROJO,CONJUNTO,LENCERIA,302036100ROJ,fairuz
0101206010,2043F T85 BLANCO,CONJUNTO,LENCERIA,302043085BCO,fairuz
0101206020,2043F T85 NEGRO,CONJUNTO,LENCERIA,302043085NG,fairuz
0101206030,2043F T85 AZUL FRAN,CONJUNTO,LENCERIA,302043085AZFR,fairuz
0101206040,2043F T85 ROJO,CONJUNTO,LENCERIA,302043085ROJ,fairuz
0101206050,2043F T90 BLANCO,CONJUNTO,LENCERIA,302043090BCO,fairuz
0101206060,2043F T90 NEGRO,CONJUNTO,LENCERIA,302043090NG,fairuz
0101206070,2043F T90 AZUL FRAN,CONJUNTO,LENCERIA,302043090AZFR,fairuz
0101206080,2043F T90 ROJO,CONJUNTO,LENCERIA,302043090ROJ,fairuz
0101206090,2043F T95 BLANCO,CONJUNTO,LENCERIA,302043095BCO,fairuz
0101206100,2043F T95 NEGRO,CONJUNTO,LENCERIA,302043095NG,fairuz
0101206110,2043F T95 AZUL FRAN,CONJUNTO,LENCERIA,302043095AZFR,fairuz
0101206120,2043F T95 ROJO,CONJUNTO,LENCERIA,302043095ROJ,fairuz
0101206130,2043F T100 BLANCO,CONJUNTO,LENCERIA,302043100BCO,fairuz
0101206140,2043F T100 NEGRO,CONJUNTO,LENCERIA,302043100NG,fairuz
0101206150,2043F T100 AZUL FRAN,CONJUNTO,LENCERIA,302043100AZFR,fairuz
0101206160,2043F T100 ROJO,CONJUNTO,LENCERIA,302043100ROJ,fairuz
0101206170,2044F T85 BLANCO,CONJUNTO,LENCERIA,302044085BCO,fairuz
0101206180,2044F T85 NEGRO,CONJUNTO,LENCERIA,302044085NG,fairuz
0101206190,2044F T85 LANGOS,CONJUNTO,LENCERIA,302044085LANG,fairuz
0101206200,2044F T85 AZUL FRAN,CONJUNTO,LENCERIA,302044085AZFR,fairuz
0101206210,2044F T85 ALMENDRA,CONJUNTO,LENCERIA,302044085ALM,fairuz
0101206220,2044F T85 BORDO,CONJUNTO,LENCERIA,302044085BOR,fairuz
0101206230,2044F T90 BLANCO,CONJUNTO,LENCERIA,302044090BCO,fairuz
0101206240,2044F T90 NEGRO,CONJUNTO,LENCERIA,302044090NG,fairuz
0101206250,2044F T90 LANGOS,CONJUNTO,LENCERIA,302044090LANG,fairuz
0101206260,2044F T90 AZUL FRAN,CONJUNTO,LENCERIA,302044090AZFR,fairuz
0101206270,2044F T90 ALMENDRA,CONJUNTO,LENCERIA,302044090ALM,fairuz
0101206280,2044F T90 BORDO,CONJUNTO,LENCERIA,302044090BOR,fairuz
0101206290,2044F T95 BLANCO,CONJUNTO,LENCERIA,302044095BCO,fairuz
0101206300,2044F T95 NEGRO,CONJUNTO,LENCERIA,302044095NG,fairuz
0101206310,2044F T95 LANGOS,CONJUNTO,LENCERIA,302044095LANG,fairuz
0101206320,2044F T95 AZUL FRAN,CONJUNTO,LENCERIA,302044095AZFR,fairuz
0101206330,2044F T95 ALMENDRA,CONJUNTO,LENCERIA,302044095ALM,fairuz
0101206340,2044F T95 BORDO,CONJUNTO,LENCERIA,302044095BOR,fairuz
0101206350,2044F T100 BLANCO,CONJUNTO,LENCERIA,302044100BCO,fairuz
0101206360,2044F T100 NEGRO,CONJUNTO,LENCERIA,302044100NG,fairuz
0101206370,2044F T100 LANGOS,CONJUNTO,LENCERIA,302044100LANG,fairuz
0101206380,2044F T100 AZUL FRAN,CONJUNTO,LENCERIA,302044100AZFR,fairuz
0101206390,2044F T100 ALMENDRA,CONJUNTO,LENCERIA,302044100ALM,fairuz
0101206400,2044F T100 BORDO,CONJUNTO,LENCERIA,302044100BOR,fairuz
0101206410,2048F T85 BLANCO,CONJUNTO,LENCERIA,302048085BCO,fairuz
0101206420,2048F T85 NEGRO,CONJUNTO,LENCERIA,302048085NG,fairuz
0101206430,2048F T85 BORDO,CONJUNTO,LENCERIA,302048085BOR,fairuz
0101206440,2048F T85 LANG,CONJUNTO,LENCERIA,302048085LANG,fairuz
0101206450,2048F T85 CELESTE,CONJUNTO,LENCERIA,302048085CEL,fairuz
0101206460,2048F T90 BLANCO,CONJUNTO,LENCERIA,302048090BCO,fairuz
0101206470,2048F T90 NEGRO,CONJUNTO,LENCERIA,302048090NG,fairuz
0101206480,2048F T90 BORDO,CONJUNTO,LENCERIA,302048090BOR,fairuz
0101206490,2048F T90 LANG,CONJUNTO,LENCERIA,302048090LANG,fairuz
0101206500,2048F T90 CELESTE,CONJUNTO,LENCERIA,302048090CEL,fairuz
0101206510,2048F T95 BLANCO,CONJUNTO,LENCERIA,302048095BCO,fairuz
0101206520,2048F T95 NEGRO,CONJUNTO,LENCERIA,302048095NG,fairuz
0101206530,2048F T95 BORDO,CONJUNTO,LENCERIA,302048095BOR,fairuz
0101206540,2048F T95 LANG,CONJUNTO,LENCERIA,302048095LANG,fairuz
0101206550,2048F T95 CELESTE,CONJUNTO,LENCERIA,302048095CEL,fairuz
0101206560,2048F T100 BLANCO,CONJUNTO,LENCERIA,302048100BCO,fairuz
0101206570,2048F T100 NEGRO,CONJUNTO,LENCERIA,302048100NG,fairuz
0101206580,2048F T100 BORDO,CONJUNTO,LENCERIA,302048100BOR,fairuz
0101206590,2048F T100 LANG,CONJUNTO,LENCERIA,302048100LANG,fairuz
0101206600,2048F T100 CELESTE,CONJUNTO,LENCERIA,302048100CEL,fairuz
0101206610,2051F T85 BLANCO,CONJUNTO,LENCERIA,302051085BCO,fairuz
0101206620,2051F T85 NEGRO,CONJUNTO,LENCERIA,302051085NG,fairuz
0101206630,2051F T85 AZUL FRAN,CONJUNTO,LENCERIA,302051085AZFR,fairuz
0101206640,2051F T85 ROJO,CONJUNTO,LENCERIA,302051085ROJ,fairuz
0101206650,2051F T90 BLANCO,CONJUNTO,LENCERIA,302051090BCO,fairuz
0101206660,2051F T90 NEGRO,CONJUNTO,LENCERIA,302051090NG,fairuz
0101206670,2051F T90 AZUL FRAN,CONJUNTO,LENCERIA,302051090AZFR,fairuz
0101206680,2051F T90 ROJO,CONJUNTO,LENCERIA,302051090ROJ,fairuz
0101206690,2051F T95 BLANCO,CONJUNTO,LENCERIA,302051095BCO,fairuz
0101206700,2051F T95 NEGRO,CONJUNTO,LENCERIA,302051095NG,fairuz
0101206710,2051F T95 AZUL FRAN,CONJUNTO,LENCERIA,302051095AZFR,fairuz
0101206720,2051F T95 ROJO,CONJUNTO,LENCERIA,302051095ROJ,fairuz
0101206730,2051F T100 BLANCO,CONJUNTO,LENCERIA,302051100BCO,fairuz
0101206740,2051F T100 NEGRO,CONJUNTO,LENCERIA,302051100NG,fairuz
0101206750,2051F T100 AZUL FRAN,CONJUNTO,LENCERIA,302051100AZFR,fairuz
0101206760,2051F T100 ROJO,CONJUNTO,LENCERIA,302051100ROJ,fairuz
0101206770,2052F T90 BLANCO,CONJUNTO,LENCERIA,302052090BCO,fairuz
0101206780,2052F T90 NEGRO,CONJUNTO,LENCERIA,302052090NG,fairuz
0101206790,2052F T90 NUDE,CONJUNTO,LENCERIA,302052090NUD,fairuz
0101206800,2052F T90 BORDO,CONJUNTO,LENCERIA,302052090B0R,fairuz
0101206810,2052F T95 BLANCO,CONJUNTO,LENCERIA,302052095BCO,fairuz
0101206820,2052F T95 NEGRO,CONJUNTO,LENCERIA,302052095NG,fairuz
0101206830,2052F T95 NUDE,CONJUNTO,LENCERIA,302052095NUD,fairuz
0101206840,2052F T95 BORDO,CONJUNTO,LENCERIA,302052095B0R,fairuz
0101206850,2052F T100 BLANCO,CONJUNTO,LENCERIA,302052100BCO,fairuz
0101206860,2052F T100 NEGRO,CONJUNTO,LENCERIA,302052100NG,fairuz
0101206870,2052F T100 NUDE,CONJUNTO,LENCERIA,302052100NUD,fairuz
0101206880,2052F T100 BORDO,CONJUNTO,LENCERIA,302052100B0R,fairuz
0101206890,2052/EF T105 BLANCO,CONJUNTO,LENCERIA,302052105BCO,fairuz
0101206900,2052/EF T105 NEGRO,CONJUNTO,LENCERIA,302052105NG,fairuz
0101206910,2052/EF T105 NUDE,CONJUNTO,LENCERIA,302052105NUD,fairuz
0101206920,2052/EF T105 BORDO,CONJUNTO,LENCERIA,302052105B0R,fairuz
0101206930,2052/EF T110 BLANCO,CONJUNTO,LENCERIA,302052110BCO,fairuz
0101206940,2052/EF T11O NEGRO,CONJUNTO,LENCERIA,302052110NG,fairuz
0101206950,2052/EF T110 NUDE,CONJUNTO,LENCERIA,302052110NUD,fairuz
0101206960,2052/EF T110 BORDO,CONJUNTO,LENCERIA,302052110B0R,fairuz
0101206970,2055F T85 BLANCO,CONJUNTO,LENCERIA,302055085BCO,fairuz
0101206980,2055F T85 NEGRO,CONJUNTO,LENCERIA,302055085NGO,fairuz
0101206990,2055F T85 AZUL FRAN,CONJUNTO,LENCERIA,302055085AZFR,fairuz
0101207000,2055F T85 ROJO,CONJUNTO,LENCERIA,302055085ROJ,fairuz
0101207010,2055F T85 ALMENDRA,CONJUNTO,LENCERIA,302055085ALM,fairuz
0101207020,2055F T90 BLANCO,CONJUNTO,LENCERIA,302055090BCO,fairuz
0101207030,2055F T90 NEGRO,CONJUNTO,LENCERIA,302055090NGO,fairuz
0101207040,2055F T90 AZUL FRAN,CONJUNTO,LENCERIA,302055090AZFR,fairuz
0101207050,2055F T90 ROJO,CONJUNTO,LENCERIA,302055090ROJ,fairuz
0101207060,2055F T90 ALMENDRA,CONJUNTO,LENCERIA,302055090ALM,fairuz
0101207070,2055F T95 BLANCO,CONJUNTO,LENCERIA,302055095BCO,fairuz
0101207080,2055F T95 NEGRO,CONJUNTO,LENCERIA,302055095NGO,fairuz
0101207090,2055F T95 AZUL FRAN,CONJUNTO,LENCERIA,302055095AZFR,fairuz
0101207100,2055F T95 ROJO,CONJUNTO,LENCERIA,302055095ROJ,fairuz
0101207110,2055F T95 ALMENDRA,CONJUNTO,LENCERIA,302055095ALM,fairuz
0101207120,2055F T100 BLANCO,CONJUNTO,LENCERIA,302055100BCO,fairuz
0101207130,2055F T100 NEGRO,CONJUNTO,LENCERIA,302055100NGO,fairuz
0101207140,2055F T100 AZUL FRAN,CONJUNTO,LENCERIA,302055100AZFR,fairuz
0101207150,2055F T100 ROJO,CONJUNTO,LENCERIA,302055100ROJ,fairuz
0101207160,2055F T100 ALMENDRA,CONJUNTO,LENCERIA,302055100ALM,fairuz
0101207170,2055/EF T105 BLANCO,CONJUNTO,LENCERIA,302055105BCO,fairuz
0101207180,2055/EF T105 NEGRO,CONJUNTO,LENCERIA,302055105NGO,fairuz
0101207190,2055/EF T105 AZUL FRAN,CONJUNTO,LENCERIA,302055105AZFR,fairuz
0101207200,2055/EF T105 ROJO,CONJUNTO,LENCERIA,302055105ROJ,fairuz
0101207210,2055/EF T105 ALMENDRA,CONJUNTO,LENCERIA,302055105ALM,fairuz
0101207220,2055/EF T110 BLANCO,CONJUNTO,LENCERIA,302055110BCO,fairuz
0101207230,2055/EF T110 NEGRO,CONJUNTO,LENCERIA,302055110NGO,fairuz
0101207240,2055/EF T110 AZUL FRAN,CONJUNTO,LENCERIA,302055110AZFR,fairuz
0101207250,2055/EF T110 ROJO,CONJUNTO,LENCERIA,302055110ROJ,fairuz
0101207260,2055/EF T110 ALMENDRA,CONJUNTO,LENCERIA,302055110ALM,fairuz
0101207270,2057F T85 BLANCO,CONJUNTO,LENCERIA,302057085BCO,fairuz
0101207280,2057F T85 NEGRO,CONJUNTO,LENCERIA,302057085NG,fairuz
0101207290,2057F T85 AZUL FRAN,CONJUNTO,LENCERIA,302057085AZFR,fairuz
0101207300,2057F T85 ROJO,CONJUNTO,LENCERIA,302057085ROJ,fairuz
0101207310,2057F T85 ALMENDRA,CONJUNTO,LENCERIA,302057085ALM,fairuz
0101207320,2057F T90 BLANCO,CONJUNTO,LENCERIA,302057090BCO,fairuz
0101207330,2057F T90 NEGRO,CONJUNTO,LENCERIA,302057090NG,fairuz
0101207340,2057F T90 AZUL FRAN,CONJUNTO,LENCERIA,302057090AZFR,fairuz
0101207350,2057F T90 ROJO,CONJUNTO,LENCERIA,302057090ROJ,fairuz
0101207360,2057F T90 ALMENDRA,CONJUNTO,LENCERIA,302057090ALM,fairuz
0101207370,2057F T95 BLANCO,CONJUNTO,LENCERIA,302057095BCO,fairuz
0101207380,2057F T95 NEGRO,CONJUNTO,LENCERIA,302057095NG,fairuz
0101207390,2057F T95 AZUL FRAN,CONJUNTO,LENCERIA,302057095AZFR,fairuz
0101207400,2057F T95 ROJO,CONJUNTO,LENCERIA,302057095ROJ,fairuz
0101207410,2057F T95 ALMENDRA,CONJUNTO,LENCERIA,302057095ALM,fairuz
0101207420,2057F T100 BLANCO,CONJUNTO,LENCERIA,302057100BCO,fairuz
0101207430,2057F T100 NEGRO,CONJUNTO,LENCERIA,302057100NG,fairuz
0101207440,2057F T100 AZUL FRAN,CONJUNTO,LENCERIA,302057100AZFR,fairuz
0101207450,2057F T100 ROJO,CONJUNTO,LENCERIA,302057100ROJ,fairuz
0101207460,2057F T100 ALMENDRA,CONJUNTO,LENCERIA,302057100ALM,fairuz
0101207470,2062F T85 BLANCO,CONJUNTO,LENCERIA,302062085BCO,fairuz
0101207480,2062F T85 NEGRO,CONJUNTO,LENCERIA,302062085NG,fairuz
0101207490,2062F T85 ROSA BEBE,CONJUNTO,LENCERIA,302062085ROSBB,fairuz
0101207500,2062F T85 ALMENDRA,CONJUNTO,LENCERIA,302062085ALM,fairuz
0101207510,2062F T85 FUCSIA,CONJUNTO,LENCERIA,302062085FUC,fairuz
0101207520,2062F T90 BLANCO,CONJUNTO,LENCERIA,302062090BCO,fairuz
0101207530,2062F T90 NEGRO,CONJUNTO,LENCERIA,302062090NG,fairuz
0101207540,2062F T90 ROSA BEBE,CONJUNTO,LENCERIA,302062090ROSBB,fairuz
0101207550,2062F T90 ALMENDRA,CONJUNTO,LENCERIA,302062090ALM,fairuz
0101207560,2062F T90 FUCSIA,CONJUNTO,LENCERIA,302062090FUC,fairuz
0101207570,2062F T95 BLANCO,CONJUNTO,LENCERIA,302062095BCO,fairuz
0101207580,2062F T95 NEGRO,CONJUNTO,LENCERIA,302062095NG,fairuz
0101207590,2062F T95 ROSA BEBE,CONJUNTO,LENCERIA,302062095ROSBB,fairuz
0101207600,2062F T95 ALMENDRA,CONJUNTO,LENCERIA,302062095ALM,fairuz
0101207610,2062F T95 FUCSIA,CONJUNTO,LENCERIA,302062095FUC,fairuz
0101207620,2062F T100 BLANCO,CONJUNTO,LENCERIA,302062100BCO,fairuz
0101207630,2062F T100 NEGRO,CONJUNTO,LENCERIA,302062100NG,fairuz
0101207640,2062F T100 ROSA BEBE,CONJUNTO,LENCERIA,302062100ROSBB,fairuz
0101207650,2062F T100 ALMENDRA,CONJUNTO,LENCERIA,302062100ALM,fairuz
0101207660,2062F T100 FUCSIA,CONJUNTO,LENCERIA,302062100FUC,fairuz
0101207670,2065F T85 BLANCO,CONJUNTO,LENCERIA,302065085BCO,fairuz
0101207680,2065F T85 ROSA,CONJUNTO,LENCERIA,302065085ROS,fairuz
0101207690,2065F T85 GRIS NEGRO,CONJUNTO,LENCERIA,302065085GRNG,fairuz
0101207700,2065F T85 NEGRO ROJO,CONJUNTO,LENCERIA,302065085NGROJ,fairuz
0101207710,2065F T90 BLANCO,CONJUNTO,LENCERIA,302065090BCO,fairuz
0101207720,2065F T90 ROSA,CONJUNTO,LENCERIA,302065090ROS,fairuz
0101207730,2065F T90 GRIS NEGRO,CONJUNTO,LENCERIA,302065090GRNG,fairuz
0101207740,2065F T90 NEGRO ROJO,CONJUNTO,LENCERIA,302065090NGROJ,fairuz
0101207750,2065F T95 BLANCO,CONJUNTO,LENCERIA,302065095BCO,fairuz
0101207760,2065F T95 ROSA,CONJUNTO,LENCERIA,302065095ROS,fairuz
0101207770,2065F T95 GRIS NEGRO,CONJUNTO,LENCERIA,302065095GRNG,fairuz
0101207780,2065F T95 NEGRO ROJO,CONJUNTO,LENCERIA,302065095NGROJ,fairuz
0101207790,2065F T100 BLANCO,CONJUNTO,LENCERIA,302065100BCO,fairuz
0101207800,2065F T100 ROSA,CONJUNTO,LENCERIA,302065100ROS,fairuz
0101207810,2065F T100 GRIS NEGRO,CONJUNTO,LENCERIA,302065100GRNG,fairuz
0101207820,2065F T100 NEGRO ROJO,CONJUNTO,LENCERIA,302065100NGROJ,fairuz
0101207830,2081F T85 BLANCO,CONJUNTO,LENCERIA,302081085BCO,fairuz
0101207840,2081F T85 NEGRO,CONJUNTO,LENCERIA,302081085NG,fairuz
0101207850,2081F T85 TURQUESA,CONJUNTO,LENCERIA,302081085TUR,fairuz
0101207860,2081F T85 SALMON,CONJUNTO,LENCERIA,302081085SAL,fairuz
0101207870,2081F T85 ALMENDRA,CONJUNTO,LENCERIA,302081085ALM,fairuz
0101207880,2081F T90 BLANCO,CONJUNTO,LENCERIA,302081090BCO,fairuz
0101207890,2081F T90 NEGRO,CONJUNTO,LENCERIA,302081090NG,fairuz
0101207900,2081F T90 TURQUESA,CONJUNTO,LENCERIA,302081090TUR,fairuz
0101207910,2081F T90 SALMON,CONJUNTO,LENCERIA,302081090SAL,fairuz
0101207920,2081F T90 ALMENDRA,CONJUNTO,LENCERIA,302081090ALM,fairuz
0101207930,2081F T95 BLANCO,CONJUNTO,LENCERIA,302081095BCO,fairuz
0101207940,2081F T95 NEGRO,CONJUNTO,LENCERIA,302081095NG,fairuz
0101207950,2081F T95 TURQUESA,CONJUNTO,LENCERIA,302081095TUR,fairuz
0101207960,2081F T95 SALMON,CONJUNTO,LENCERIA,302081095SAL,fairuz
0101207970,2081F T95 ALMENDRA,CONJUNTO,LENCERIA,302081095ALM,fairuz
0101207980,2081F T100 BLANCO,CONJUNTO,LENCERIA,302081100BCO,fairuz
0101207990,2081F T100 NEGRO,CONJUNTO,LENCERIA,302081100NG,fairuz
0101208000,2081F T100 TURQUESA,CONJUNTO,LENCERIA,302081100TUR,fairuz
0101208010,2081F T100 SALMON,CONJUNTO,LENCERIA,302081100SAL,fairuz
0101208020,2081F T100 ALMENDRA,CONJUNTO,LENCERIA,302081100ALM,fairuz
0101208030,2083F T85 BLANCO,CONJUNTO,LENCERIA,302083085BCO,fairuz
0101208040,2083F T85 NEGRO,CONJUNTO,LENCERIA,302083085NG,fairuz
0101208050,2083F T85 ROSA,CONJUNTO,LENCERIA,302083085ROS,fairuz
0101208060,2083F T85 AZUL FRAN,CONJUNTO,LENCERIA,302083085AZFR,fairuz
0101208070,2083F T90 BLANCO,CONJUNTO,LENCERIA,302083090BCO,fairuz
0101208080,2083F T90 NEGRO,CONJUNTO,LENCERIA,302083090NG,fairuz
0101208090,2083F T90 ROSA,CONJUNTO,LENCERIA,302083090ROS,fairuz
0101208100,2083F T90 AZUL FRAN,CONJUNTO,LENCERIA,302083090AZFR,fairuz
0101208110,2083F T95 BLANCO,CONJUNTO,LENCERIA,302083095BCO,fairuz
0101208120,2083F T95 NEGRO,CONJUNTO,LENCERIA,302083095NG,fairuz
0101208130,2083F T95 ROSA,CONJUNTO,LENCERIA,302083095ROS,fairuz
0101208140,2083F T95 AZUL FRAN,CONJUNTO,LENCERIA,302083095AZFR,fairuz
0101208150,2083F T100 BLANCO,CONJUNTO,LENCERIA,302083100BCO,fairuz
0101208160,2083F T100 NEGRO,CONJUNTO,LENCERIA,302083100NG,fairuz
0101208170,2083F T100 ROSA,CONJUNTO,LENCERIA,302083100ROS,fairuz
0101208180,2083F T100 AZUL FRAN,CONJUNTO,LENCERIA,302083100AZFR,fairuz
0101208190,2085F T85 BLANCO,CONJUNTO,LENCERIA,302085085BCO,fairuz
0101208200,2085F T85 NEGRO,CONJUNTO,LENCERIA,302085085NG,fairuz
0101208210,2085F T85 GRIS,CONJUNTO,LENCERIA,302085085GR,fairuz
0101208220,2085F T90 BLANCO,CONJUNTO,LENCERIA,302085090BCO,fairuz
0101208230,2085F T90 NEGRO,CONJUNTO,LENCERIA,302085090NG,fairuz
0101208240,2085F T90 GRIS,CONJUNTO,LENCERIA,302085090GR,fairuz
0101208250,2085F T95 BLANCO,CONJUNTO,LENCERIA,302085095BCO,fairuz
0101208260,2085F T95 NEGRO,CONJUNTO,LENCERIA,302085095NG,fairuz
0101208270,2085F T95 GRIS,CONJUNTO,LENCERIA,302085095GR,fairuz
0101208280,2085F T100 BLANCO,CONJUNTO,LENCERIA,302085100BCO,fairuz
0101208290,2085F T100 NEGRO,CONJUNTO,LENCERIA,302085100NG,fairuz
0101208300,2085F T100 GRIS,CONJUNTO,LENCERIA,302085100GR,fairuz
0101208310,2092F T85 BLANCO,CONJUNTO,LENCERIA,302092085BCO,fairuz
0101208320,2092F T85 NEGRO,CONJUNTO,LENCERIA,302092085NG,fairuz
0101208330,2092F T85 GRIS,CONJUNTO,LENCERIA,302092085GR,fairuz
0101208340,2092F T85 ROSA,CONJUNTO,LENCERIA,302092085ROS,fairuz
0101208350,2092F T90 BLANCO,CONJUNTO,LENCERIA,302092090BCO,fairuz
0101208360,2092F T90 NEGRO,CONJUNTO,LENCERIA,302092090NG,fairuz
0101208370,2092F T90 GRIS,CONJUNTO,LENCERIA,302092090GR,fairuz
0101208380,2092F T90 ROSA,CONJUNTO,LENCERIA,302092090ROS,fairuz
0101208390,2092F T95 BLANCO,CONJUNTO,LENCERIA,302092095BCO,fairuz
0101208400,2092F T95 NEGRO,CONJUNTO,LENCERIA,302092095NG,fairuz
0101208410,2092F T95 GRIS,CONJUNTO,LENCERIA,302092095GR,fairuz
0101208420,2092F T95 ROSA,CONJUNTO,LENCERIA,302092095ROS,fairuz
0101208430,2092F T100 BLANCO,CONJUNTO,LENCERIA,302092100BCO,fairuz
0101208440,2092F T100 NEGRO,CONJUNTO,LENCERIA,302092100NG,fairuz
0101208450,2092F T100 GRIS,CONJUNTO,LENCERIA,302092100GR,fairuz
0101208460,2092F T100 ROSA,CONJUNTO,LENCERIA,302092100ROS,fairuz
0101208470,3040F T90 BLANCO,CONJUNTO,LENCERIA,303040090BCO,fairuz
0101208480,3040F T90 NEGRO,CONJUNTO,LENCERIA,303040090NG,fairuz
0101208490,3040F T90 ALMENDRA,CONJUNTO,LENCERIA,303040090ALM,fairuz
0101208500,3040F T90 BORDO,CONJUNTO,LENCERIA,303040090BOR,fairuz
0101208510,3040F T95 BLANCO,CONJUNTO,LENCERIA,303040095BCO,fairuz
0101208520,3040F T95 NEGRO,CONJUNTO,LENCERIA,303040095NG,fairuz
0101208530,3040F T95 ALMENDRA,CONJUNTO,LENCERIA,303040095ALM,fairuz
0101208540,3040F T95 BORDO,CONJUNTO,LENCERIA,303040095BOR,fairuz
0101208550,3040F T100 BLANCO,CONJUNTO,LENCERIA,303040100BCO,fairuz
0101208560,3040F T100 NEGRO,CONJUNTO,LENCERIA,303040100NG,fairuz
0101208570,3040F T100 ALMENDRA,CONJUNTO,LENCERIA,303040100ALM,fairuz
0101208580,3040F T100 BORDO,CONJUNTO,LENCERIA,303040100BOR,fairuz
0101208590,3040F T105 BLANCO,CONJUNTO,LENCERIA,303040105BCO,fairuz
0101208600,3040F T105 NEGRO,CONJUNTO,LENCERIA,303040105NG,fairuz
0101208610,3040F T105 ALMENDRA,CONJUNTO,LENCERIA,303040105ALM,fairuz
0101208620,3040F T105 BORDO,CONJUNTO,LENCERIA,303040105BOR,fairuz
0101208630,3040F T110 BLANCO,CONJUNTO,LENCERIA,303040110BCO,fairuz
0101208640,3040F T110 NEGRO,CONJUNTO,LENCERIA,303040110NG,fairuz
0101208650,3040F T110 ALMENDRA,CONJUNTO,LENCERIA,303040110ALM,fairuz
0101208660,3040F T110 BORDO,CONJUNTO,LENCERIA,303040110BOR,fairuz
0101208670,3040F T115 BLANCO,CONJUNTO,LENCERIA,303040115BCO,fairuz
0101208680,3040F T115 NEGRO,CONJUNTO,LENCERIA,303040115NG,fairuz
0101208690,3040F T115 ALMENDRA,CONJUNTO,LENCERIA,303040115ALM,fairuz
0101208700,3040F T115 BORDO,CONJUNTO,LENCERIA,303040115BOR,fairuz
0101208710,3040F T120 BLANCO,CONJUNTO,LENCERIA,303040120BCO,fairuz
0101208720,3040F T120 NEGRO,CONJUNTO,LENCERIA,303040120NG,fairuz
0101208730,3040F T120 ALMENDRA,CONJUNTO,LENCERIA,303040120ALM,fairuz
0101208740,3040F T120 BORDO,CONJUNTO,LENCERIA,303040120BOR,fairuz
0101208750,3131F T85 NEGRO NUDE,CONJUNTO,LENCERIA,303131085NG/NUD,fairuz
0101208760,3131F T85 BLANCO NUDE,CONJUNTO,LENCERIA,303131085BCO/NUD,fairuz
0101208770,3131F T90 NEGRO NUDE,CONJUNTO,LENCERIA,303131090NG/NUD,fairuz
0101208780,3131F T90 BLANCO NUDE,CONJUNTO,LENCERIA,303131090BCO/NUD,fairuz
0101208790,3131F T95 NEGRO NUDE,CONJUNTO,LENCERIA,303131095NG/NUD,fairuz
0101208800,3131F T95 BLANCO NUDE,CONJUNTO,LENCERIA,303131095BCO/NUD,fairuz
0101208810,3131F T100 NEGRO NUDE,CONJUNTO,LENCERIA,303131100NG/NUD,fairuz
0101208820,3131F T100 BLANCO NUDE,CONJUNTO,LENCERIA,303131100BCO/NUD,fairuz
0101208830,3132F T85 BLANCO DORA,CONJUNTO,LENCERIA,303132085BCO/DO,fairuz
0101208840,3132F T85 NEGRO DORA,CONJUNTO,LENCERIA,303132085NG/DO,fairuz
0101208850,3132F T90 BLANCO DORA,CONJUNTO,LENCERIA,303132090BCO/DO,fairuz
0101208860,3132F T90 NEGRO DORA,CONJUNTO,LENCERIA,303132090NG/DO,fairuz
0101208870,3132F T95 BLANCO DORA,CONJUNTO,LENCERIA,303132095BCO/DO,fairuz
0101208880,3132F T95 NEGRO DORA,CONJUNTO,LENCERIA,303132095NG/DO,fairuz
0101208890,3132F T100 BLANCO DORA,CONJUNTO,LENCERIA,303132100BCO/DO,fairuz
0101208900,3132F T100 NEGRO DORA,CONJUNTO,LENCERIA,303132100NG/DO,fairuz
0101208910,3133F T85 BLANCO,CONJUNTO,LENCERIA,303133085BCO,fairuz
0101208920,3133F T85 NEGRO,CONJUNTO,LENCERIA,303133085NG,fairuz
0101208930,3133F T85 ALMENDRA,CONJUNTO,LENCERIA,303133085ALM,fairuz
0101208940,3133F T85 BORDO,CONJUNTO,LENCERIA,303133085BOR,fairuz
0101208950,3133F T90 BLANCO,CONJUNTO,LENCERIA,303133090BCO,fairuz
0101208960,3133F T90 NEGRO,CONJUNTO,LENCERIA,303133090NG,fairuz
0101208970,3133F T90 ALMENDRA,CONJUNTO,LENCERIA,303133090ALM,fairuz
0101208980,3133F T90 BORDO,CONJUNTO,LENCERIA,303133090BOR,fairuz
0101208990,3133F T95 BLANCO,CONJUNTO,LENCERIA,303133095BCO,fairuz
0101209000,3133F T95 NEGRO,CONJUNTO,LENCERIA,303133095NG,fairuz
0101209010,3133F T95 ALMENDRA,CONJUNTO,LENCERIA,303133095ALM,fairuz
0101209020,3133F T95 BORDO,CONJUNTO,LENCERIA,303133095BOR,fairuz
0101209030,3133F T100 BLANCO,CONJUNTO,LENCERIA,303133100BCO,fairuz
0101209040,3133F T100 NEGRO,CONJUNTO,LENCERIA,303133100NG,fairuz
0101209050,3133F T100 ALMENDRA,CONJUNTO,LENCERIA,303133100ALM,fairuz
0101209060,3133F T100 BORDO,CONJUNTO,LENCERIA,303133100BOR,fairuz
0101209070,3133EF T105 BLANCO,CONJUNTO,LENCERIA,303133105BCO,fairuz
0101209080,3133EF T105 NEGRO,CONJUNTO,LENCERIA,303133105NG,fairuz
0101209090,3133EF T105 ALMENDRA,CONJUNTO,LENCERIA,303133105ALM,fairuz
0101209100,3133EF T105 BORDO,CONJUNTO,LENCERIA,303133105BOR,fairuz
0101209110,3133EF T110 BLANCO,CONJUNTO,LENCERIA,303133110BCO,fairuz
0101209120,3133EF T110 NEGRO,CONJUNTO,LENCERIA,303133110NG,fairuz
0101209130,3133EF T110 ALMENDRA,CONJUNTO,LENCERIA,303133110ALM,fairuz
0101209140,3133EF T110 BORDO,CONJUNTO,LENCERIA,303133110BOR,fairuz
0101209150,3134F T85 BORDO NEGRO,CONJUNTO,LENCERIA,303134085BOR/NG,fairuz
0101209160,3134F T85 FRANCIA NEGRO,CONJUNTO,LENCERIA,303134085FRA/NG,fairuz
0101209170,3134F T90 BORDO NEGRO,CONJUNTO,LENCERIA,303134090BOR/NG,fairuz
0101209180,3134F T90 FRANCIA NEGRO,CONJUNTO,LENCERIA,303134090FRA/NG,fairuz
0101209190,3134F T95 BORDO NEGRO,CONJUNTO,LENCERIA,303134095BOR/NG,fairuz
0101209200,3134F T95 FRANCIA NEGRO,CONJUNTO,LENCERIA,303134095FRA/NG,fairuz
0101209210,3134F T100 BORDO NEGRO,CONJUNTO,LENCERIA,303134100BOR/NG,fairuz
0101209220,3134F T100 FRANCIA NEGRO,CONJUNTO,LENCERIA,303134100FRA/NG,fairuz
0101209230,3135F T85 BLANCO,CONJUNTO,LENCERIA,303135085BCO,fairuz
0101209240,3135F T85 NEGRO,CONJUNTO,LENCERIA,303135085NG,fairuz
0101209250,3135F T85 FUCSIA,CONJUNTO,LENCERIA,303135085FUC,fairuz
0101209260,3135F T85 ETROLEO,CONJUNTO,LENCERIA,303135085PETR,fairuz
0101209270,3135F T90 BLANCO,CONJUNTO,LENCERIA,303135090BCO,fairuz
0101209280,3135F T90 NEGRO,CONJUNTO,LENCERIA,303135090NG,fairuz
0101209290,3135F T90 FUCSIA,CONJUNTO,LENCERIA,303135090FUC,fairuz
0101209300,3135F T90 ETROLEO,CONJUNTO,LENCERIA,303135090PETR,fairuz
0101209310,3135F T95 BLANCO,CONJUNTO,LENCERIA,303135095BCO,fairuz
0101209320,3135F T95 NEGRO,CONJUNTO,LENCERIA,303135095NG,fairuz
0101209330,3135F T95 FUCSIA,CONJUNTO,LENCERIA,303135095FUC,fairuz
0101209340,3135F T95 ETROLEO,CONJUNTO,LENCERIA,303135095PETR,fairuz
0101209350,3135F T100 BLANCO,CONJUNTO,LENCERIA,303135100BCO,fairuz
0101209360,3135F T100 NEGRO,CONJUNTO,LENCERIA,303135100NG,fairuz
0101209370,3135F T100 FUCSIA,CONJUNTO,LENCERIA,303135100FUC,fairuz
0101209380,3135F T100 ETROLEO,CONJUNTO,LENCERIA,303135100PETR,fairuz
0101209390,3160F T85 BLANCO,CONJUNTO,LENCERIA,303160085BCO,fairuz
0101209400,3160F T85 GRIS,CONJUNTO,LENCERIA,303160085GR,fairuz
0101209410,3160F T85 ROSA,CONJUNTO,LENCERIA,303160085ROS,fairuz
0101209420,3160F T90 BLANCO,CONJUNTO,LENCERIA,303160090BCO,fairuz
0101209430,3160F T90 GRIS,CONJUNTO,LENCERIA,303160090GR,fairuz
0101209440,3160F T90 ROSA,CONJUNTO,LENCERIA,303160090ROS,fairuz
0101209450,3160F T95 BLANCO,CONJUNTO,LENCERIA,303160095BCO,fairuz
0101209460,3160F T95 GRIS,CONJUNTO,LENCERIA,303160095GR,fairuz
0101209470,3160F T95 ROSA,CONJUNTO,LENCERIA,303160095ROS,fairuz
0101209480,3160F T100 BLANCO,CONJUNTO,LENCERIA,303160100BCO,fairuz
0101209490,3160F T100 GRIS,CONJUNTO,LENCERIA,303160100GR,fairuz
0101209500,3160F T100 ROSA,CONJUNTO,LENCERIA,303160100ROS,fairuz
0101209510,3161F T85 GRIS BLANCO,CONJUNTO,LENCERIA,303161085GR/BCO,fairuz
0101209520,3161F T85 ROSA BLANCO,CONJUNTO,LENCERIA,303161085ROS/BCO,fairuz
0101209530,3161F T90 GRIS BLANCO,CONJUNTO,LENCERIA,303161090GR/BCO,fairuz
0101209540,3161F T90 ROSA BLANCO,CONJUNTO,LENCERIA,303161090ROS/BCO,fairuz
0101209550,3161F T95 GRIS BLANCO,CONJUNTO,LENCERIA,303161095GR/BCO,fairuz
0101209560,3161F T95 ROSA BLANCO,CONJUNTO,LENCERIA,303161095ROS/BCO,fairuz
0101209570,3161F T100 GRIS BLANCO,CONJUNTO,LENCERIA,303161100GR/BCO,fairuz
0101209580,3161F T100 ROSA BLANCO,CONJUNTO,LENCERIA,303161100ROS/BCO,fairuz
0101209590,3162F T85 BLANCO,CONJUNTO,LENCERIA,303162085BCO,fairuz
0101209600,3162F T85 NEGRO,CONJUNTO,LENCERIA,303162085NG,fairuz
0101209610,3162F T85 ALMENDRA,CONJUNTO,LENCERIA,303162085ALM,fairuz
0101209620,3162F T90 BLANCO,CONJUNTO,LENCERIA,303162090BCO,fairuz
0101209630,3162F T90 NEGRO,CONJUNTO,LENCERIA,303162090NG,fairuz
0101209640,3162F T90 ALMENDRA,CONJUNTO,LENCERIA,303162090ALM,fairuz
0101209650,3162F T95 BLANCO,CONJUNTO,LENCERIA,303162095BCO,fairuz
0101209660,3162F T95 NEGRO,CONJUNTO,LENCERIA,303162095NG,fairuz
0101209670,3162F T95 ALMENDRA,CONJUNTO,LENCERIA,303162095ALM,fairuz
0101209680,3162F T100 BLANCO,CONJUNTO,LENCERIA,303162100BCO,fairuz
0101209690,3162F T100 NEGRO,CONJUNTO,LENCERIA,303162100NG,fairuz
0101209700,3162F T100 ALMENDRA,CONJUNTO,LENCERIA,303162100ALM,fairuz
0101209710,110F T4 BLANCO NEGRO,CONJUNTO,LENCERIA,30110004BCO/NG,fairuz
0101209720,110F T4 ROSA NEGRO,CONJUNTO,LENCERIA,30110004ROS/NG,fairuz
0101209730,110F T4 GRIS NEGRO,CONJUNTO,LENCERIA,30110004GR/NG,fairuz
0101209740,110F T6 BLANCO NEGRO,CONJUNTO,LENCERIA,30110006BCO/NG,fairuz
0101209750,110F T6 ROSA NEGRO,CONJUNTO,LENCERIA,30110006ROS/NG,fairuz
0101209760,110F T6 GRIS NEGRO,CONJUNTO,LENCERIA,30110006GR/NG,fairuz
0101209770,110F T8 BLANCO NEGRO,CONJUNTO,LENCERIA,30110008BCO/NG,fairuz
0101209780,110F T8 ROSA NEGRO,CONJUNTO,LENCERIA,30110008ROS/NG,fairuz
0101209790,110F T8 GRIS NEGRO,CONJUNTO,LENCERIA,30110008GR/NG,fairuz
0101209800,110F T10 BLANCO NEGRO,CONJUNTO,LENCERIA,30110010BCO/NG,fairuz
0101209810,110F T10 ROSA NEGRO,CONJUNTO,LENCERIA,30110010ROS/NG,fairuz
0101209820,110F T10 GRIS NEGRO,CONJUNTO,LENCERIA,30110010GR/NG,fairuz
0101209830,110F T12 BLANCO NEGRO,CONJUNTO,LENCERIA,30110012BCO/NG,fairuz
0101209840,110F T12 ROSA NEGRO,CONJUNTO,LENCERIA,30110012ROS/NG,fairuz
0101209850,110F T12 GRIS NEGRO,CONJUNTO,LENCERIA,30110012GR/NG,fairuz
0101209860,115F T06 BLANCO ROJO,CONJUNTO,LENCERIA,30115006BCO/ROJ,fairuz
0101209870,115F T06 GRIS BLANCO,CONJUNTO,LENCERIA,30115006GR/BCO,fairuz
0101209880,115F T08 BLANCO ROJO,CONJUNTO,LENCERIA,30115008BCO/ROJ,fairuz
0101209890,115F T08 GRIS BLANCO,CONJUNTO,LENCERIA,30115008GR/BCO,fairuz
0101209900,115F T10 BLANCO ROJO,CONJUNTO,LENCERIA,30115010BCO/ROJ,fairuz
0101209910,115F T10 GRIS BLANCO,CONJUNTO,LENCERIA,30115010GR/BCO,fairuz
0101209920,115F T12 BLANCO ROJO,CONJUNTO,LENCERIA,30115012BCO/ROJ,fairuz
0101209930,115F T12 GRIS BLANCO,CONJUNTO,LENCERIA,30115012GR/BCO,fairuz
0101209940,115F T14 BLANCO ROJO,CONJUNTO,LENCERIA,30115014BCO/ROJ,fairuz
0101209950,115F T14 GRIS BLANCO,CONJUNTO,LENCERIA,30115014GR/BCO,fairuz
0101209960,130F T08 BLANCO,CONJUNTO,LENCERIA,30130008BCO,fairuz
0101209970,130F T08 ROSA,CONJUNTO,LENCERIA,30130008ROS,fairuz
0101209980,130F T08 ALMENDRA,CONJUNTO,LENCERIA,30130008ALM,fairuz
0101209990,130F T10 BLANCO,CONJUNTO,LENCERIA,30130010BCO,fairuz
0101210000,130F T10 ROSA,CONJUNTO,LENCERIA,30130010ROS,fairuz
0101210010,130F T10 ALMENDRA,CONJUNTO,LENCERIA,30130010ALM,fairuz
0101210020,130F T12 BLANCO,CONJUNTO,LENCERIA,30130012BCO,fairuz
0101210030,130F T12 ROSA,CONJUNTO,LENCERIA,30130012ROS,fairuz
0101210040,130F T12 ALMENDRA,CONJUNTO,LENCERIA,30130012ALM,fairuz
0101210050,130F T14 BLANCO,CONJUNTO,LENCERIA,30130014BCO,fairuz
0101210060,130F T14 ROSA,CONJUNTO,LENCERIA,30130014ROS,fairuz
0101210070,130F T14 ALMENDRA,CONJUNTO,LENCERIA,30130014ALM,fairuz
0101210080,130F T16 BLANCO,CONJUNTO,LENCERIA,30130016BCO,fairuz
0101210090,130F T16 ROSA,CONJUNTO,LENCERIA,30130016ROS,fairuz
0101210100,130F T16 ALMENDRA,CONJUNTO,LENCERIA,30130016ALM,fairuz
0101210110,135F T08 ROSA BLANCO,CONJUNTO,LENCERIA,30135008ROS/BCO,fairuz
0101210120,135F T08 GRIS BLANCO,CONJUNTO,LENCERIA,30135008GR/BCO,fairuz
0101210130,135F T10 ROSA BLANCO,CONJUNTO,LENCERIA,30135010ROS/BCO,fairuz
0101210140,135F T10 GRIS BLANCO,CONJUNTO,LENCERIA,30135010GR/BCO,fairuz
0101210150,135F T12 ROSA BLANCO,CONJUNTO,LENCERIA,30135012ROS/BCO,fairuz
0101210160,135F T12 GRIS BLANCO,CONJUNTO,LENCERIA,30135012GR/BCO,fairuz
0101210170,135F T14 ROSA BLANCO,CONJUNTO,LENCERIA,30135014ROS/BCO,fairuz
0101210180,135F T14 GRIS BLANCO,CONJUNTO,LENCERIA,30135014GR/BCO,fairuz
0101211670,3133EF T105 ALMENDRA,CONJUNTO,LENCERIA,3133/E 105 ALM,fairuz
0101211680,3133EF T105 BLANCO,CONJUNTO,LENCERIA,3133/E 105 BCO,fairuz
0101211690,3133EF T110 BLANCO,CONJUNTO,LENCERIA,3133/E 110 BCO,fairuz
0101211700,3133EF T110 ALMENDRA,CONJUNTO,LENCERIA,3133/E 110 ALM,fairuz
0102005770,450F CORPIO AMAMANTAR FAIRUZ,CORPIO,LENCERIA,450F,fairuz
0102005780,455F CORPIO AMAMANTAR FAIRUZ,CORPIO,LENCERIA,455F,fairuz
0102008930,900M1 CORPIO,CORPIO,LENCERIA,900M1,fairuz
0102008940,950M1 CORPIO,CONJUNTO,LENCERIA,950M1,fairuz
0102018050,450F T90 BLANCO,CORPIO,LENCERIA,30450090BCO,fairuz
0102018060,450F T90 NEGRO,CORPIO,LENCERIA,30450090NG,fairuz
0102018070,450F T90 HUESO,CORPIO,LENCERIA,30450090HSO,fairuz
0102018080,450F T95 BLANCO,CORPIO,LENCERIA,30450095BCO,fairuz
0102018090,450F T95 NEGRO,CORPIO,LENCERIA,30450095NG,fairuz
0102018100,450F T95 HUESO,CORPIO,LENCERIA,30450095HSO,fairuz
0102018110,450F T100 BLANCO,CORPIO,LENCERIA,30450100BCO,fairuz
0102018120,450F T100 NEGRO,CORPIO,LENCERIA,30450100NG,fairuz
0102018130,450F T100 HUESO,CORPIO,LENCERIA,30450100HSO,fairuz
0102018140,450F T105 BLANCO,CORPIO,LENCERIA,30450105BCO,fairuz
0102018150,450F T105 NEGRO,CORPIO,LENCERIA,30450105NG,fairuz
0102018160,450F T105 HUESO,CORPIO,LENCERIA,30450105HSO,fairuz
0102018170,450F T110 BLANCO,CORPIO,LENCERIA,30450110BCO,fairuz
0102018180,450F T110 NEGRO,CORPIO,LENCERIA,30450110NG,fairuz
0102018190,450F T110 HUESO,CORPIO,LENCERIA,30450110HSO,fairuz
0102018200,452F T95 BLANCO,CORPIO,LENCERIA,30452095BCO,fairuz
0102018210,452F T95 NEGRO,CORPIO,LENCERIA,30452095NG,fairuz
0102018220,452F T95 HUESO,CORPIO,LENCERIA,30452095HSO,fairuz
0102018230,452F T95 ALMENDRA,CORPIO,LENCERIA,30452095ALM,fairuz
0102018240,452F T100 BLANCO,CORPIO,LENCERIA,30452100BCO,fairuz
0102018250,452F T100 NEGRO,CORPIO,LENCERIA,30452100NG,fairuz
0102018260,452F T100 HUESO,CORPIO,LENCERIA,30452100HSO,fairuz
0102018270,452F T100 ALMENDRA,CORPIO,LENCERIA,30452100ALM,fairuz
0102018280,452F T105 BLANCO,CORPIO,LENCERIA,30452105BCO,fairuz
0102018290,452F T105 NEGRO,CORPIO,LENCERIA,30452105NG,fairuz
0102018300,452F T105 HUESO,CORPIO,LENCERIA,30452105HSO,fairuz
0102018310,452F T105 ALMENDRA,CORPIO,LENCERIA,30452105ALM,fairuz
0102018320,452F T110 BLANCO,CORPIO,LENCERIA,30452110BCO,fairuz
0102018330,452F T110 NEGRO,CORPIO,LENCERIA,30452110NG,fairuz
0102018340,452F T110 HUESO,CORPIO,LENCERIA,30452110HSO,fairuz
0102018350,452F T110 ALMENDRA,CORPIO,LENCERIA,30452110ALM,fairuz
0102018360,452F T115 BLANCO,CORPIO,LENCERIA,30452115BCO,fairuz
0102018370,452F T115 NEGRO,CORPIO,LENCERIA,30452115NG,fairuz
0102018380,452F T115 HUESO,CORPIO,LENCERIA,30452115HSO,fairuz
0102018390,452F T115 ALMENDRA,CORPIO,LENCERIA,30452115ALM,fairuz
0102018400,452F T120 BLANCO,CORPIO,LENCERIA,30452120BCO,fairuz
0102018410,452F T120 NEGRO,CORPIO,LENCERIA,30452120NG,fairuz
0102018420,452F T120 HUESO,CORPIO,LENCERIA,30452120HSO,fairuz
0102018430,452F T120 ALMENDRA,CORPIO,LENCERIA,30452120ALM,fairuz
0102018440,2000F T90 BLANCO,CORPIO,LENCERIA,302000090BC,fairuz
0102018450,2000F T90 NEGRO,CORPIO,LENCERIA,302000090NG,fairuz
0102018460,2000F T90 ALMENDRA,CORPIO,LENCERIA,302000090ALM,fairuz
0102018470,2000F T90 GRIS,CORPIO,LENCERIA,302000090GRIS,fairuz
0102018480,2000F T95 BLANCO,CORPIO,LENCERIA,302000095BC,fairuz
0102018490,2000F T95 NEGRO,CORPIO,LENCERIA,302000095NG,fairuz
0102018500,2000F T95 ALMENDRA,CORPIO,LENCERIA,302000095ALM,fairuz
0102018510,2000F T95 GRIS,CORPIO,LENCERIA,302000095GRIS,fairuz
0102018520,2000F T100 BLANCO,CORPIO,LENCERIA,302000100BC,fairuz
0102018530,2000F T100 NEGRO,CORPIO,LENCERIA,302000100NG,fairuz
0102018540,2000F T100 ALMENDRA,CORPIO,LENCERIA,302000100ALM,fairuz
0102018550,2000F T100 GRIS,CORPIO,LENCERIA,302000100GRIS,fairuz
0102018560,2000/EF T105 BLANCO,CORPIO,LENCERIA,302000105BCO,fairuz
0102018570,2000/EF T105 NEGRO,CORPIO,LENCERIA,302000105NG,fairuz
0102018580,2000/EF T105 ALMENDRA,CORPIO,LENCERIA,302000105ALM,fairuz
0102018590,2000/EF T105 GRIS,CORPIO,LENCERIA,302000105GR,fairuz
0102018600,2000/EF T110 BLANCO,CORPIO,LENCERIA,302000110BCO,fairuz
0102018610,2000/EF T110 NEGRO,CORPIO,LENCERIA,302000110NG,fairuz
0102018620,2000/EF T110 ALMENDRA,CORPIO,LENCERIA,302000110ALM,fairuz
0102018630,2000/EF T110 GRIS,CORPIO,LENCERIA,302000110GR,fairuz
0105012210,900M2 BOMBACHA,BOMBACHA,LENCERIA,900M2,fairuz
0105012220,950M2  BOMBACHA,BOMBACHA,LENCERIA,950M2,fairuz
0105026940,600F COLALESS,BOMBACHA,LENCERIA,600F,fairuz
0105026950,522F COLALESS,BOMBACHA,LENCERIA,522F,fairuz
0105026960,500F COLALESS,BOMBACHA,LENCERIA,500F,fairuz
0105026970,510F BOMBACHA NENA,BOMBACHA,LENCERIA,510F,fairuz
0105026980,511F BOMBACHA NENA,BOMBACHA,LENCERIA,511F,fairuz
0105026990,512F BOMBACHA NENA,BOMBACHA,LENCERIA,512F,fairuz
0105027000,516F CULOTTE,BOMBACHA,LENCERIA,516F,fairuz
0105027010,517F CULOTTE,BOMBACHA,LENCERIA,517F,fairuz
0105027020,521F COLALESS,BOMBACHA,LENCERIA,521F,fairuz
0105027030,523F COLALESS,BOMBACHA,LENCERIA,523F,fairuz
0105027040,524F COLALESS,BOMBACHA,LENCERIA,524F,fairuz
0105027050,525F COLALESS,BOMBACHA,LENCERIA,525F,fairuz
0105027060,526F COLALESS,BOMBACHA,LENCERIA,526F,fairuz
0105027070,528F COLALESS,BOMBACHA,LENCERIA,528F,fairuz
0105027080,529F COLALESS,BOMBACHA,LENCERIA,529F,fairuz
0105027090,530F COLALESS,BOMBACHA,LENCERIA,530F,fairuz
0105027100,533F COLALESS,BOMBACHA,LENCERIA,533F,fairuz
0105027110,534F COLALESS,BOMBACHA,LENCERIA,534F,fairuz
0105027120,535F COLALESS,BOMBACHA,LENCERIA,535F,fairuz
0105027130,550F VEDETINA,BOMBACHA,LENCERIA,550F,fairuz
0105027140,553F VEDETINA,BOMBACHA,LENCERIA,553F,fairuz
0105027150,555F VEDETINA,BOMBACHA,LENCERIA,555F,fairuz
0105027160,556F COLALESS,BOMBACHA,LENCERIA,556F,fairuz
0105027170,558F COLALESS,BOMBACHA,LENCERIA,558F,fairuz
0105027180,560F TIRO CORTO,BOMBACHA,LENCERIA,560F,fairuz
0105027190,563F TIRO CORTO,BOMBACHA,LENCERIA,563F,fairuz
0105027200,565F BOMB TIRO CORTO,BOMBACHA,LENCERIA,565F,fairuz
0105027210,566F TIRO CORTO,BOMBACHA,LENCERIA,566F,fairuz
0105027220,568F TIRO CORTO,BOMBACHA,LENCERIA,568F,fairuz
0105027230,570F UNIVERSAL,BOMBACHA,LENCERIA,570F,fairuz
0105027240,571F CONJ FAIRUZ,BOMBACHA,LENCERIA,571F,fairuz
0105027250,573F UNIVERSAL,BOMBACHA,LENCERIA,573F,fairuz
0105027260,578F UNIVERSAL,BOMBACHA,LENCERIA,578F,fairuz
0105027270,580F ESPECIAL,BOMBACHA,LENCERIA,580F,fairuz
0105027280,588F ESPECIAL,BOMBACHA,LENCERIA,588F,fairuz
0105027290,630F COLALESS,BOMBACHA,LENCERIA,630F,fairuz
0105027300,650F COLALESS,BOMBACHA,LENCERIA,650F,fairuz
0105027310,660F TIRO CORTO,BOMBACHA,LENCERIA,660F,fairuz
0105027320,670F UNIVERSAL,BOMBACHA,LENCERIA,670F,fairuz
0105027330,680F ESPECIAL,BOMBACHA,LENCERIA,680F,fairuz
0105027340,900F CULOTTE,BOMBACHA,LENCERIA,900F,fairuz
0105027350,1285F,BOMBACHA,LENCERIA,1285F,fairuz
0105027360,554F VEDETINA,BOMBACHA,LENCERIA,554F,fairuz
0105027370,564F BOMB TIRO CORTO,BOMBACHA,LENCERIA,564F,fairuz
0105027380,600PF PACK X3,BOMBACHA,LENCERIA,600PF,fairuz
0105027390,101F,BOMBACHA,LENCERIA,101F,fairuz
0105027400,102F,BOMBACHA,LENCERIA,102F,fairuz
0105027410,515F CULOTELESS,BOMBACHA,LENCERIA,515F,fairuz
0105034760,540F T1 BLANCO,BOMBACHA,LENCERIA,30540001BCO,fairuz
0105034770,540F T1 NEGRO,BOMBACHA,LENCERIA,30540001NG,fairuz
0105034780,540F T1 ALMENDRA,BOMBACHA,LENCERIA,30540001ALM,fairuz
0105034790,540F T1 GRIS,BOMBACHA,LENCERIA,30540001GR,fairuz
0105034800,540F T2 BLANCO,BOMBACHA,LENCERIA,30540002BCO,fairuz
0105034810,540F T2 NEGRO,BOMBACHA,LENCERIA,30540002NG,fairuz
0105034820,540F T2 ALMENDRA,BOMBACHA,LENCERIA,30540002ALM,fairuz
0105034830,540F T2 GRIS,BOMBACHA,LENCERIA,30540002GR,fairuz
0105034840,540F T3 BLANCO,BOMBACHA,LENCERIA,30540003BCO,fairuz
0105034850,540F T3 NEGRO,BOMBACHA,LENCERIA,30540003NG,fairuz
0105034860,540F T3 ALMENDRA,BOMBACHA,LENCERIA,30540003ALM,fairuz
0105034870,540F T3 GRIS,BOMBACHA,LENCERIA,30540003GR,fairuz
0105034880,540/EF T4 BLANCO,BOMBACHA,LENCERIA,30540004BCO,fairuz
0105034890,540/EF T4 NEGRO,BOMBACHA,LENCERIA,30540004NG,fairuz
0105034900,540/EF T4 ALMENDRA,BOMBACHA,LENCERIA,30540004ALM,fairuz
0105034910,540/EF T4 GRIS,BOMBACHA,LENCERIA,30540004GR,fairuz
0105034920,540/EF T5 BLANCO,BOMBACHA,LENCERIA,30540005BCO,fairuz
0105034930,540/EF T5 NEGRO,BOMBACHA,LENCERIA,30540005NG,fairuz
0105034940,540/EF T5 ALMENDRA,BOMBACHA,LENCERIA,30540005ALM,fairuz
0105034950,540/EF T5 GRIS,BOMBACHA,LENCERIA,30540005GR,fairuz
0105034960,555F T1 BLANCO,BOMBACHA,LENCERIA,30555001BCO,fairuz
0105034970,555F T1 NEGRO,BOMBACHA,LENCERIA,30555001NG,fairuz
0105034980,555F T1 HUESO,BOMBACHA,LENCERIA,30555001HSO,fairuz
0105034990,555F T2 BLANCO,BOMBACHA,LENCERIA,30555002BCO,fairuz
0105035000,555F T2 NEGRO,BOMBACHA,LENCERIA,30555002NG,fairuz
0105035010,555F T2 HUESO,BOMBACHA,LENCERIA,30555002HSO,fairuz
0105035020,555F T3 BLANCO,BOMBACHA,LENCERIA,30555003BCO,fairuz
0105035030,555F T3 NEGRO,BOMBACHA,LENCERIA,30555003NG,fairuz
0105035040,555F T3 HUESO,BOMBACHA,LENCERIA,30555003HSO,fairuz
0105035050,565F T1 BLANCO,BOMBACHA,LENCERIA,30565001BCO,fairuz
0105035060,565F T1 NEGRO,BOMBACHA,LENCERIA,30565001NG,fairuz
0105035070,565F T1 HUESO,BOMBACHA,LENCERIA,30565001HSO,fairuz
0105035080,565F T2 BLANCO,BOMBACHA,LENCERIA,30565002BCO,fairuz
0105035090,565F T2 NEGRO,BOMBACHA,LENCERIA,30565002NG,fairuz
0105035100,565F T2 HUESO,BOMBACHA,LENCERIA,30565002HSO,fairuz
0105035110,565F T3 BLANCO,BOMBACHA,LENCERIA,30565003BCO,fairuz
0105035120,565F T3 NEGRO,BOMBACHA,LENCERIA,30565003NG,fairuz
0105035130,565F T3 HUESO,BOMBACHA,LENCERIA,30565003HSO,fairuz
0105035140,800F T1 BLANCO,TRUSA,LENCERIA,30800001BCO,fairuz
0105035150,800F T1 NEGRO,TRUSA,LENCERIA,30800001NG,fairuz
0105035160,800F T1 ALMENDRA,TRUSA,LENCERIA,30800001ALM,fairuz
0105035170,800F T2 BLANCO,TRUSA,LENCERIA,30800002BCO,fairuz
0105035180,800F T2 NEGRO,TRUSA,LENCERIA,30800002NG,fairuz
0105035190,800F T2 ALMENDRA,TRUSA,LENCERIA,30800002ALM,fairuz
0105035200,800F T3 BLANCO,TRUSA,LENCERIA,30800003BCO,fairuz
0105035210,800F T3 NEGRO,TRUSA,LENCERIA,30800003NG,fairuz
0105035220,800F T3 ALMENDRA,TRUSA,LENCERIA,30800003ALM,fairuz
0105035230,800F T4 BLANCO,TRUSA,LENCERIA,30800004BCO,fairuz
0105035240,800F T4 NEGRO,TRUSA,LENCERIA,30800004NG,fairuz
0105035250,800F T4 ALMENDRA,TRUSA,LENCERIA,30800004ALM,fairuz
0106000660,501F BOXER,BOXER,LENCERIA,501F,fairuz
0107000020,333F BABYDOL TUL BORDADO,BABY DOL,LENCERIA,333F,fairuz
0107000030,333F T2 BLANCO,BADYDOL,LENCERIA,30333002BCO,fairuz
0107000040,333F T2 NEGRO,BADYDOL,LENCERIA,30333002NG,fairuz
0107000050,333F T2 ROJO,BADYDOL,LENCERIA,30333002ROJ,fairuz
0107000060,333F T3 BLANCO,BADYDOL,LENCERIA,30333003BCO,fairuz
0107000070,333F T3 NEGRO,BADYDOL,LENCERIA,30333003NG,fairuz
0107000080,333F T3 ROJO,BADYDOL,LENCERIA,30333003ROJ,fairuz
0107000090,333F T4 BLANCO,BADYDOL,LENCERIA,30333004BCO,fairuz
0107000100,333F T4 NEGRO,BADYDOL,LENCERIA,30333004NG,fairuz
0107000110,333F T4 ROJO,BADYDOL,LENCERIA,30333004ROJ,fairuz
0108000110,330F PORTALIGA POLLERA DE PUNT,PORTALIGAS,LENCERIA,330F,fairuz
0108000120,331F PORTALIGA PUNTILLA REGULA,PORTALIGAS,LENCERIA,331F,fairuz
0108000200,330F TU BLANCO,PORTALIGA,LENCERIA,30330UBCO,fairuz
0108000210,330F TU NEGRO,PORTALIGA,LENCERIA,30330UNG,fairuz
0108000220,330F TU ROJO,PORTALIGA,LENCERIA,30330UROJ,fairuz
0108000230,331F TU BLANCO,PORTALIGA,LENCERIA,30331UBCO,fairuz
0108000240,331F TU NEGRO,PORTALIGA,LENCERIA,30331UNG,fairuz
0108000250,331F TU ROJO,PORTALIGA,LENCERIA,30331UROJ,fairuz
0109002640,3030F T1 BLANCO,BODY,LENCERIA,303030001BCO,fairuz
0109002650,3030F T1 NEGRO,BODY,LENCERIA,303030001NG,fairuz
0109002660,3030F T2 BLANCO,BODY,LENCERIA,303030002BCO,fairuz
0109002670,3030F T2 NEGRO,BODY,LENCERIA,303030002NG,fairuz
0109002680,3030F T3 BLANCO,BODY,LENCERIA,303030003BCO,fairuz
0109002690,3030F T3 NEGRO,BODY,LENCERIA,303030003NG,fairuz
0109002700,3030F T4 BLANCO,BODY,LENCERIA,303030004BCO,fairuz
0109002710,3030F T4 NEGRO,BODY,LENCERIA,303030004NG,fairuz
0109002720,3031F T1 BLANCO,BODY,LENCERIA,3031001BCO,fairuz
0109002730,3031F T1 NEGRO,BODY,LENCERIA,3031001NG,fairuz
0109002740,3031F T1 ROJO,BODY,LENCERIA,3031001ROJ,fairuz
0109002750,3031F T2 BLANCO,BODY,LENCERIA,3031002BCO,fairuz
0109002760,3031F T2 NEGRO,BODY,LENCERIA,3031002NG,fairuz
0109002770,3031F T2 ROJO,BODY,LENCERIA,3031002ROJ,fairuz
0109002780,3031F T3 BLANCO,BODY,LENCERIA,3031003BCO,fairuz
0109002790,3031F T3 NEGRO,BODY,LENCERIA,3031003NG,fairuz
0109002800,3031F T3 ROJO,BODY,LENCERIA,3031003ROJ,fairuz
0109002810,3031F T4 BLANCO,BODY,LENCERIA,3031004BCO,fairuz
0109002820,3031F T4 NEGRO,BODY,LENCERIA,3031004NG,fairuz
0109002830,3031F T4 ROJO,BODY,LENCERIA,3031004ROJ,fairuz
0109002840,3032F T1 BLANCO,BODY,LENCERIA,303032001BCO,fairuz
0109002850,3032F T1 NEGRO,BODY,LENCERIA,303032001NG,fairuz
0109002860,3032F T2 BLANCO,BODY,LENCERIA,303032002BCO,fairuz
0109002870,3032F T2 NEGRO,BODY,LENCERIA,303032002NG,fairuz
0109002880,3032F T3 BLANCO,BODY,LENCERIA,303032003BCO,fairuz
0109002890,3032F T3 NEGRO,BODY,LENCERIA,303032003NG,fairuz
0109002900,3032F T4 BLANCO,BODY,LENCERIA,303032004BCO,fairuz
0109002910,3032F T4 NEGRO,BODY,LENCERIA,303032004NG,fairuz
0111001180,335F CAMISOLIN,CAMISOLIN,LENCERIA,335F,fairuz
0112014990,500PF PACK X3,PACK,LENCERIA,500PF,fairuz
0112015000,530PF COLALESS PACK X3,PACK,LENCERIA,530PF,fairuz
0112015010,533PF COLALESS PACK X3,PACK,LENCERIA,533PF,fairuz
0112015020,534PF COLALESS PACK X3,PACK,LENCERIA,534PF,fairuz
0112017860,532F PACK X3 UNICO,COLALESS,LENCERIA,532F3UN,fairuz
0708000010,440F MEDIAS PORTALIGAS,PORTALIGAS,MEDIAS,440F,fairuz
0708000020,700F MEDIA FAIRUZ,CANCAN,MEDIAS,700F,fairuz
